ID_GAND_CT	ID_GAND	referent	EN_source_sentence	referent_embedding	sentence_source	OPUS_DE_translation	DE_gender	OPUS_ES_translation	ES_gender	DE_contrastive_TR	DE_contrastive_gender	ES_contrastive_TR	ES_contrastive_gender
0	541	terrorist	In my book, dropping barrel bombs on homes and hospitals and using chlorine gas against civilians is good enough cause to consider you a terrorist.	male_embedding_list	C4	In meinem Buch ist es gut, Fassbomben auf Häuser und Krankenhäuser zu werfen und Chlorgas gegen Zivilisten zu verwenden, um Sie als Terroristen zu betrachten.	masculine	En mi libro, lanzar bombas de barril en hogares y hospitales y usar gas cloro contra civiles es una buena causa para considerarte un terrorista.	masculine	In meinem Buch ist es gut, Fassbomben auf Häuser und Krankenhäuser zu werfen und Chlorgas gegen Zivilisten zu verwenden, um Sie als Terroristin zu betrachten.	feminine	En mi libro, lanzar bombas de barril en hogares y hospitales y usar gas cloro contra civiles es una buena causa para considerarte una terrorista.	feminine
1	166	ally	I can be an ally to others and I can be braver in helping others to take action on these moments, both little and big.	LLM_neutral_list	C4	Ich kann ein Verbündeter zu anderen sein und ich kann mutiger sein, anderen zu helfen, Maßnahmen in diesen Momenten zu ergreifen, sowohl klein als auch groß.	masculine	Puedo ser un aliado de otros y puedo ser más valiente ayudando a otros a tomar acción en estos momentos, tanto pequeños como grandes.	masculine	Ich kann eine Verbündete zu anderen sein und ich kann mutiger sein, anderen zu helfen, Maßnahmen in diesen Momenten zu ergreifen, sowohl klein als auch groß.	feminine	Puedo ser una aliada de otros y puedo ser más valiente ayudando a otros a tomar acción en estos momentos, tanto pequeños como grandes.	feminine
2	350	seeker	The only attention seeker here is you with your victim attitude and pity us posts.	LLM_neutral_list	C4	Der einzige Aufmerksamkeitssucher hier bist du mit deiner Opferhaltung und Mitleid mit uns Posts.	masculine	El único buscador de atención aquí es usted con su actitud de víctima y lástima de nosotros postes.	masculine	Die einzige Aufmerksamkeitssucherin hier bist du mit deiner Opferhaltung und Mitleid mit uns Posts.	feminine	La única buscadora de atención aquí es usted con su actitud de víctima y lástima de nosotros postes.	feminine
3	1842	janitor	Enter a mysterious janitor who — presto! — magically transforms Mike back into his sleek bod of 17, allowing him either to make amends or screw things up even worse than before.	male_embedding_list	C4	Betretet einen geheimnisvollen Hausmeister, der Mike auf magische Weise wieder in seinen eleganten 17-Jährigen verwandelt, der es ihm erlaubt, sich zu rächen oder die Dinge noch schlimmer zu versauen als zuvor.	masculine	Entra en un misterioso conserje que — ¡presto! — mágicamente transforma a Mike en su elegante cuerpo de 17, permitiéndole hacer las paces o arruinar las cosas aún peor que antes.	masculine	Betretet eine geheimnisvolle Hausmeisterin, die Mike auf magische Weise wieder in seinen eleganten 17-Jährigen verwandelt, der es ihm erlaubt, sich zu rächen oder die Dinge noch schlimmer zu versauen als zuvor.	feminine	Entra en una misteriosa conserje que — ¡presto! — mágicamente transforma a Mike en su elegante cuerpo de 17, permitiéndole hacer las paces o arruinar las cosas aún peor que antes.	feminine
4	1820	attendant	After one day the attendant remembered how we liked our morning coffee.	female_embedding_list	C4	Nach einem Tag erinnerte sich der Diener daran, wie sehr uns unser Morgenkaffee gefiel.	masculine	Después de un día el asistente recordó cómo nos gustaba nuestro café de la mañana.	masculine	Nach einem Tag erinnerte sich die Dienerin daran, wie sehr uns unser Morgenkaffee gefiel.	feminine	Después de un día la asistente recordó cómo nos gustaba nuestro café de la mañana.	feminine
5	3731	doctor	I would be the first one in the family to be a doctor.	LLM_male_list	OpenSubtitles	Ich wäre der Erste in der Familie, der Arzt ist.	masculine	Yo sería el primero en la familia en ser médico.	masculine	Ich wäre die Erste in der Familie, die Ärztin ist.	feminine	Yo sería la primera en la familia en ser médica.	feminine
6	2014	housekeeper	Before that, I was a housekeeper in a hotel for 5 months and a private house cleaner.	female_embedding_list	C4	Davor war ich 5 Monate lang Haushälterin in einem Hotel und eine private Hausreinigerin.	feminine	Antes de eso, era ama de llaves en un hotel durante 5 meses y limpiadora privada.	feminine	Davor war ich 5 Monate lang Haushälter in einem Hotel und ein privater Hausreiniger.	masculine	Antes de eso, era amo de llaves en un hotel durante 5 meses y limpiador privado.	masculine
7	2736	clerk	More than 60,000 ballots went missing in Adams County, but the clerk — whose own ballot was among those — says they have been located and are on their way to voters.	female_embedding_list	C4	In Adams County wurden mehr als 60.000 Stimmzettel vermisst, aber der Schreiber — dessen Wahl selbst zu denen gehörte — sagt, er sei auf dem Weg zu den Wählern gewesen und sei auf dem Weg zu ihnen.	masculine	Más de 60.000 papeletas desaparecieron en el condado de Adams, pero el empleado — cuya propia papeleta estaba entre ellos — dice que han sido localizadas y están en camino a los votantes.	masculine	In Adams County wurden mehr als 60.000 Stimmzettel vermisst, aber die Schreiberin — dessen Wahl selbst zu denen gehörte — sagt, sie sei auf dem Weg zu den Wählern gewesen und sei auf dem Weg zu ihnen.	feminine	Más de 60.000 papeletas desaparecieron en el condado de Adams, pero la empleada — cuya propia papeleta estaba entre ellos — dice que han sido localizadas y están en camino a los votantes.	feminine
8	104	teacher	This week, Thomas Linn at Wired profiled an inspiring science teacher who became demoralized by the overly structured and financially under-supported realities of the US education system.	female_embedding_list	C4	Diese Woche profilierte Thomas Linn bei Wired einen inspirierenden Wissenschaftslehrer, der durch die überstrukturierten und finanziell unter stützten Realitäten des US-Bildungssystems demoralisiert wurde.	masculine	Esta semana, Thomas Linn en Wired perfiló a un inspirador profesor de ciencias que se desmoralizó por las realidades demasiado estructuradas y financieramente sub-apoyadas del sistema educativo estadounidense.	masculine	Diese Woche profilierte Thomas Linn bei Wired eine inspirierende Wissenschaftslehrerin, die durch die überstrukturierten und finanziell unter stützten Realitäten des US-Bildungssystems demoralisiert wurde.	feminine	Esta semana, Thomas Linn en Wired perfiló a una inspiradora profesora de ciencias que se desmoralizó por las realidades demasiado estructuradas y financieramente sub-apoyadas del sistema educativo estadounidense.	feminine
9	3379	model	I thought you' d brought a professional model.	female_embedding_list	OpenSubtitles	Ich dachte, du hättest ein professionelles Model mitgebracht.	neutral	Pensé que habías traído un modelo profesional.	masculine	Ich dachte, du hättest ein professionelles Model mitgebracht.	neutral	Pensé que habías traído una modelo profesional.	feminine
10	1817	attendant	Clearly, the objective was not to create the most hygienic elevator ever, although a spokesperson for the company does say that an elevator attendant is on duty to remove already-licked cake dots.	female_embedding_list	C4	Das Ziel war natürlich nicht, den hygienischsten Aufzug überhaupt zu schaffen, obwohl ein Sprecher des Unternehmens sagt, dass ein Aufzugsbegleiter die Pflicht hat, bereits geleckte Kuchenpunkte zu entfernen.	masculine	Claramente, el objetivo no era crear el ascensor más higiénico de la historia, aunque un portavoz de la empresa dice que un ascensorista está de servicio para eliminar puntos de pastel ya lacadas.	masculine	Das Ziel war natürlich nicht, den hygienischsten Aufzug überhaupt zu schaffen, obwohl ein Sprecher des Unternehmens sagt, dass eine Aufzugsbegleiterin die Pflicht hat, bereits geleckte Kuchenpunkte zu entfernen.	feminine	Claramente, el objetivo no era crear el ascensor más higiénico de la historia, aunque un portavoz de la empresa dice que una ascensorista está de servicio para eliminar puntos de pastel ya lacadas.	feminine
11	1749	investigator	A report from the country's correctional investigator says overcrowding is one factor in why Canada's prisons are becoming more violent.	LLM_male_list	C4	In einem Bericht des Strafvollzugsdetektivs des Landes heißt es, dass Überbelegung ein Faktor ist, warum Kanadas Gefängnisse gewalttätiger werden.	masculine	Un informe del investigador penitenciario del país dice que el hacinamiento es uno de los factores por los que las prisiones de Canadá se están volviendo más violentas.	masculine	In einem Bericht der Strafvollzugsdetektivin des Landes heißt es, dass Überbelegung ein Faktor ist, warum Kanadas Gefängnisse gewalttätiger werden.	feminine	Un informe de la investigadora penitenciaria del país dice que el hacinamiento es uno de los factores por los que las prisiones de Canadá se están volviendo más violentas.	feminine
12	3525	leader	He told me to look in the mirror and see myself as a great leader.	male_embedding_list	OpenSubtitles	Er sagte mir, ich solle in den Spiegel schauen und mich als großen Führer sehen.	masculine	Me dijo que me mirara al espejo y me viera como un gran líder.	masculine	Er sagte mir, ich solle in den Spiegel schauen und mich als große Führerin sehen.	feminine	Me dijo que me mirara al espejo y me viera como una gran líder.	feminine
13	2990	idiot	Him and a possibly even bigger idiot took the suitcase, two hostages, and what sounded like my squad car, so --	male_embedding_list	OpenSubtitles	Er und ein vielleicht noch größerer Idiot nahmen den Koffer, zwei Geiseln und was sich anhörte wie mein Streifenwagen, also...	masculine	Él y un idiota posiblemente más grande tomaron la maleta, dos rehenes, y lo que sonaba como mi coche patrulla, así que...	masculine	Er und eine vielleicht noch größere Idiotin nahmen den Koffer, zwei Geiseln und was sich anhörte wie mein Streifenwagen, also...	feminine	Él y una idiota posiblemente más grande tomaron la maleta, dos rehenes, y lo que sonaba como mi coche patrulla, así que...	feminine
14	558	journalist	How does thriller writing compare to your work as a journalist?	LLM_male_list	C4	Wie vergleicht Thriller-Schreiben Ihre Arbeit als Journalist?	masculine	¿Cómo se compara la escritura de thriller con su trabajo como periodista?	neutral	Wie vergleicht Thriller-Schreiben Ihre Arbeit als Journalistin?	feminine	¿Cómo se compara la escritura de thriller con su trabajo como periodista?	neutral
15	4054	pilot	You' re the new pilot of the Jupiter mission.	male_embedding_list	OpenSubtitles	Du bist der neue Pilot der Jupiter-Mission.	masculine	Eres el nuevo piloto de la misión de Júpiter.	masculine	Du bist die neue Pilotin der Jupiter-Mission.	feminine	Eres la nueva piloto de la misión de Júpiter.	feminine
16	818	coordinator	On the day of the wedding, the coordinator invited the three assistants of the make-up artist to go to one of the function rooms for lunch where they will be served chicken and pork adobo with rice.	female_embedding_list	C4	Am Tag der Hochzeit lud der Koordinator die drei Assistenten des Make-up-Künstlers ein, zum Mittagessen in einen der Veranstaltungsräume zu gehen, wo sie Hühnchen und Schweine-Adobo mit Reis serviert werden.	masculine	El día de la boda, el coordinador invitó a los tres asistentes del maquillador a ir a uno de los salones para el almuerzo donde se les servirá pollo y adobo de cerdo con arroz.	masculine	Am Tag der Hochzeit lud die Koordinatorin die drei Assistenten des Make-up-Künstlers ein, zum Mittagessen in einen der Veranstaltungsräume zu gehen, wo sie Hühnchen und Schweine-Adobo mit Reis serviert werden.	feminine	El día de la boda, la coordinadora invitó a los tres asistentes del maquillador a ir a uno de los salones para el almuerzo donde se les servirá pollo y adobo de cerdo con arroz.	feminine
17	2547	assistant	Two drivers and a driver's assistant were wounded, and the bridge was heavily damaged.	female_embedding_list	C4	Zwei Fahrer und ein Fahrerassistent wurden verletzt, und die Brücke wurde schwer beschädigt.	masculine	Dos conductores y un ayudante de conductor resultaron heridos, y el puente sufrió graves daños.	masculine	Zwei Fahrer und eine Fahrerassistentin wurden verletzt, und die Brücke wurde schwer beschädigt.	feminine	Dos conductores y una ayudante de conductor resultaron heridos, y el puente sufrió graves daños.	feminine
18	1869	singer	The "Miss Me More" singer has been added to a short list of singers from the pop and rock genres.	LLM_female_list	C4	Die Sängerin "Miss Me More" wurde zu einer kurzen Liste von Sängern aus den Pop- und Rock-Genres hinzugefügt.	feminine	La cantante de "Miss Me More" se ha añadido a una breve lista de cantantes de los géneros pop y rock.	feminine	Der Sänger "Miss Me More" wurde zu einer kurzen Liste von Sängern aus den Pop- und Rock-Genres hinzugefügt.	masculine	El cantante de "Miss Me More" se ha añadido a una breve lista de cantantes de los géneros pop y rock.	masculine
19	3825	expert	How are you the expert on the dumbest shit?	LLM_neutral_list	OpenSubtitles	Wie bist du der Experte für die dümmste Scheiße?	masculine	¿Cómo es usted el experto en la mierda más tonta?	masculine	Wie bist du die Expertin für die dümmste Scheiße?	feminine	¿Cómo es usted la experta en la mierda más tonta?	feminine
20	1583	hairstylist	You can definitely highlight your gorgeous curly hair. . shine, make sure you ask your hairstylist to mix in multiple shades of highlights and lowlights.	LLM_female_list	C4	Sie können auf jeden Fall Ihre wunderschönen lockigen Haare markieren. . glänzen, stellen Sie sicher, dass Sie Ihren Friseur bitten, in mehreren Schattierungen von Highlights und Lowlights zu mischen.	masculine	Definitivamente puedes resaltar tu hermoso cabello rizado. . brillar, asegúrate de pedirle a tu estilista que se mezcle en múltiples tonos de reflejos y luces bajas.	neutral	Sie können auf jeden Fall Ihre wunderschönen lockigen Haare markieren. . glänzen, stellen Sie sicher, dass Sie Ihre Friseurin bitten, in mehreren Schattierungen von Highlights und Lowlights zu mischen.	feminine	Definitivamente puedes resaltar tu hermoso cabello rizado. . brillar, asegúrate de pedirle a tu estilista que se mezcle en múltiples tonos de reflejos y luces bajas.	neutral
21	3954	assistant	Truthfully, I also work mornings as a dental assistant.	female_embedding_list	OpenSubtitles	Ehrlich gesagt, arbeite ich auch morgens als Zahnarztassistentin.	feminine	A decir verdad, también trabajo por las mañanas como asistente dental.	neutral	Ehrlich gesagt, arbeite ich auch morgens als Zahnarztassistent.	masculine	A decir verdad, también trabajo por las mañanas como asistente dental.	neutral
22	3577	champion	You are going to be my lone champion... my staunch defender, my dyke in shining armor.	male_embedding_list	OpenSubtitles	Du wirst mein einsamer Champion sein, mein standhafter Verteidiger, mein Deich in glänzender Rüstung.	masculine	Vas a ser mi único campeón... mi firme defensor, mi dique en brillante armadura.	masculine	Du wirst meine einsame Champion sein, meine standhafte Verteidigerin, mein Deich in glänzender Rüstung.	feminine	Vas a ser mi única campeona... mi firme defensora, mi dique en brillante armadura.	feminine
23	1044	associate	An associate of mine brought this salad to our party.	LLM_neutral_list	C4	Ein Mitarbeiter von mir brachte diesen Salat zu unserer Party.	masculine	Un socio mío trajo esta ensalada a nuestra fiesta.	masculine	Eine Mitarbeiterin von mir brachte diesen Salat zu unserer Party.	feminine	Una socia mía trajo esta ensalada a nuestra fiesta.	feminine
24	1703	activist	A radical Aboriginal activist, of part English-Irish descent, argues that what Aborigines really want is land compensation, discreet non-dictatorial help, and to be left alone by white Australia.	LLM_neutral_list	C4	Ein radikaler Aborigines-Aktivist, teilweise englischsprachig-irischer Abstammung, argumentiert, dass Aborigines wirklich Landentschädigung, diskrete nicht-diktatoriale Hilfe und von weißem Australien allein gelassen werden wollen.	masculine	Un activista aborigen radical, de ascendencia parte inglés-irlandesa, argumenta que lo que realmente quieren los aborígenes es la compensación de tierras, la ayuda discreta no dictatorial, y ser dejado solo por la Australia blanca.	masculine	Eine radikale Aborigines-Aktivistin, teilweise englischsprachig-irischer Abstammung, argumentiert, dass Aborigines wirklich Landentschädigung, diskrete nicht-diktatoriale Hilfe und von weißem Australien allein gelassen werden wollen.	feminine	Una activista aborigen radical, de ascendencia parte inglés-irlandesa, argumenta que lo que realmente quieren los aborígenes es la compensación de tierras, la ayuda discreta no dictatorial, y ser dejado solo por la Australia blanca.	feminine
25	2200	student	Contact MTE today to inquire about PSAT or ACT and SAT math prep review for your student.	female_embedding_list	C4	Kontaktieren Sie MTE noch heute, um sich über PSAT oder ACT und SAT Mathe Vorbereitung Bewertung für Ihren Schüler zu erkundigen.	masculine	Póngase en contacto con MTE hoy para preguntar acerca de PSAT o ACT y SAT revisión de preparación de matemáticas para su estudiante.	neutral	Kontaktieren Sie MTE noch heute, um sich über PSAT oder ACT und SAT Mathe Vorbereitung Bewertung für Ihre Schülerin zu erkundigen.	feminine	Póngase en contacto con MTE hoy para preguntar acerca de PSAT o ACT y SAT revisión de preparación de matemáticas para su estudiante.	neutral
26	380	salesperson	A great communicator, my salesperson answered all my questions about the WilsonArt flooring purchased.	male_embedding_list	C4	Ein großer Kommunikator, mein Verkäufer beantwortete alle meine Fragen über den WilsonArt Bodenbelag gekauft.	masculine	Un gran comunicador, mi vendedor respondió a todas mis preguntas sobre el piso WilsonArt comprado.	masculine	Eine große Kommunikatorin, meine Verkäuferin beantwortete alle meine Fragen über den WilsonArt Bodenbelag gekauft.	feminine	Un gran comunicador, mi vendedora respondió a todas mis preguntas sobre el piso WilsonArt comprado.	feminine
27	4325	adult	I suggest you start taking yourself seriously as an adult.	LLM_neutral_list	OpenSubtitles	Ich schlage vor, Sie nehmen sich als Erwachsener ernst.	masculine	Te sugiero que empieces a tomarte en serio como adulto.	masculine	Ich schlage vor, Sie nehmen sich als Erwachsene ernst.	feminine	Te sugiero que empieces a tomarte en serio como adulta.	feminine
28	192	resident	As a guest, you share the village with day-trippers between 9.30am and 5.30pm, but in the early morning and evening you are a make-believe resident in an architectural wonderland.	LLM_neutral_list	C4	Als Gast teilen Sie sich das Dorf mit Tagesausflugern zwischen 9.30 und 17.30 Uhr, aber am frühen Morgen und am Abend sind Sie ein make-inficial Bewohner in einem architektonischen Wunderland.	masculine	Como huésped, usted comparte el pueblo con los viajeros de un día entre las 9.30 y las 17.30 horas, pero por la mañana temprano y por la noche usted es un residente imaginario en un país de maravillas arquitectónicas.	masculine	Als Gast teilen Sie sich das Dorf mit Tagesausflugern zwischen 9.30 und 17.30 Uhr, aber am frühen Morgen und am Abend sind Sie eine make-inficial Bewohnerin in einem architektonischen Wunderland.	feminine	Como huésped, usted comparte el pueblo con los viajeros de un día entre las 9.30 y las 17.30 horas, pero por la mañana temprano y por la noche usted es una residente imaginaria en un país de maravillas arquitectónicas.	feminine
29	4635	patient	I don' t intend to mock you, officer, but I' m cancer patient.	LLM_neutral_list	OpenSubtitles	Ich will Sie nicht verspotten, Officer, aber ich bin Krebspatient.	masculine	No pretendo burlarme de usted, agente, pero soy paciente de cáncer.	neutral	Ich will Sie nicht verspotten, Officer, aber ich bin Krebspatientin.	feminine	No pretendo burlarme de usted, agente, pero soy paciente de cáncer.	neutral
30	4342	cheerleader	That' s right, I am a cheerleader, and you' re a dumb ass.	LLM_female_list	OpenSubtitles	Das stimmt, ich bin Cheerleader und du bist ein dummer Arsch.	masculine	Así es, soy una animadora, y tú eres un idiota.	feminine	Das stimmt, ich bin Cheerleaderin und du bist ein dummer Arsch.	feminine	Así es, soy un animador, y tú eres un idiota.	masculine
31	2843	dietitian	Kickstarting with the Whole30 diet may be a good choice, a dietitian suggests.	LLM_female_list	C4	Kickstarting mit der Whole30-Diät kann eine gute Wahl sein, schlägt ein Ernährungsberater.	masculine	Kickstarting con la dieta Whole30 puede ser una buena opción, sugiere un dietista.	masculine	Kickstarting mit der Whole30-Diät kann eine gute Wahl sein, schlägt eine Ernährungsberaterin.	feminine	Kickstarting con la dieta Whole30 puede ser una buena opción, sugiere una dietista.	feminine
32	2048	entrepreneur	As an entrepreneur, self-publishing a book can be a great way for you to build authority and share your ideas with a potentially unlimited number of people.	LLM_male_list	C4	Als Unternehmer kann das Selbstveröffentlichen eines Buches eine großartige Möglichkeit für Sie sein, Autorität aufzubauen und Ihre Ideen mit einer potenziell unbegrenzten Anzahl von Menschen zu teilen.	masculine	Como empresario, la autoedición de un libro puede ser una gran manera de construir autoridad y compartir sus ideas con un número potencialmente ilimitado de personas.	masculine	Als Unternehmerin kann das Selbstveröffentlichen eines Buches eine großartige Möglichkeit für Sie sein, Autorität aufzubauen und Ihre Ideen mit einer potenziell unbegrenzten Anzahl von Menschen zu teilen.	feminine	Como empresaria, la autoedición de un libro puede ser una gran manera de construir autoridad y compartir sus ideas con un número potencialmente ilimitado de personas.	feminine
33	4934	magician	There is a magician...... in Nepal, that cultivates trees antigravity.	male_embedding_list	OpenSubtitles	Es gibt einen Magier... in Nepal, der Antigravitation anbaut.	masculine	Hay un mago en Nepal que cultiva la antigravedad de los árboles.	masculine	Es gibt eine Magierin... in Nepal, die Antigravitation anbaut.	feminine	Hay una maga en Nepal que cultiva la antigravedad de los árboles.	feminine
34	2416	minister	Just go and see your nearest Christian priest or minister and they will help you.	male_embedding_list	C4	Geh einfach zu deinem nächsten christlichen Priester oder Pfarrer, und sie werden dir helfen.	masculine	Ve a ver a tu sacerdote o ministro cristiano más cercano y ellos te ayudarán.	masculine	Geh einfach zu deiner nächsten christlichen Priesterin oder Pfarrerin, und sie werden dir helfen.	feminine	Ve a ver a tu sacerdote o ministra cristiana más cercana y ellos te ayudarán.	feminine
35	2244	teen	With a little creativity and a little information about your teen, you are guaranteed to pick something that won’t sit in a drawer with the tags still on it.	female_embedding_list	C4	Mit ein wenig Kreativität und ein wenig Informationen über Ihren Teen, Sie sind garantiert, etwas zu wählen, das nicht in einer Schublade sitzen mit den Tags noch darauf.	masculine	Con un poco de creatividad y un poco de información sobre su hijo adolescente, usted está garantizado a elegir algo que no se sentará en un cajón con las etiquetas todavía en él.	masculine	Mit ein wenig Kreativität und ein wenig Informationen über Ihre Teen, Sie sind garantiert, etwas zu wählen, das nicht in einer Schublade sitzen mit den Tags noch darauf.	feminine	Con un poco de creatividad y un poco de información sobre su hija adolescente, usted está garantizado a elegir algo que no se sentará en un cajón con las etiquetas todavía en él.	feminine
36	1616	developer	The prostitute said the former Home Depot web developer paid $125 for a 30-minute session, which took place less than three weeks before Harris’ 22-month-old son was found dead inside a hot SUV.	male_embedding_list	C4	Die Prostituierte sagte, dass der ehemalige Home Depot Web-Entwickler $125 für eine 30-minütige Sitzung bezahlte, die weniger als drei Wochen bevor Harris-22-monatiger Sohn tot in einem heißen SUV aufgefunden wurde.	masculine	La prostituta dijo que el ex desarrollador web Home Depot pagó $125 por una sesión de 30 minutos, que tuvo lugar menos de tres semanas antes de que Harris’ 22 meses de edad, hijo fue encontrado muerto dentro de un SUV caliente.	masculine	Die Prostituierte sagte, dass die ehemalige Home Depot Web-Entwicklerin $125 für eine 30-minütige Sitzung bezahlte, die weniger als drei Wochen bevor Harris-22-monatiger Sohn tot in einem heißen SUV aufgefunden wurde.	feminine	La prostituta dijo que la ex desarrolladora web Home Depot pagó $125 por una sesión de 30 minutos, que tuvo lugar menos de tres semanas antes de que Harris’ 22 meses de edad, hijo fue encontrado muerto dentro de un SUV caliente.	feminine
37	3908	student	Because my vermin is a former student of yours.	female_embedding_list	OpenSubtitles	Weil mein Ungeziefer ein ehemaliger Schüler von dir ist.	masculine	Porque mi alimaña es una antigua estudiante tuya.	feminine	Weil mein Ungeziefer eine ehemalige Schülerin von dir ist.	feminine	Porque mi alimaña es un antiguo estudiante tuya.	masculine
38	4799	singer	I will miss the audition for singer in restaurant "Lipov lad" - the best restaurant in Belgrade!	LLM_female_list	OpenSubtitles	Ich werde das Vorsprechen für Sänger im Restaurant "Lipov lad" vermissen - das beste Restaurant in Belgrad!	masculine	Me perderé la audición para cantante en el restaurante "Lipov lad" - el mejor restaurante de Belgrado!	neutral	Ich werde das Vorsprechen für Sängerin im Restaurant "Lipov lad" vermissen - das beste Restaurant in Belgrad!	feminine	Me perderé la audición para cantante en el restaurante "Lipov lad" - el mejor restaurante de Belgrado!	neutral
39	742	director	However, my town, Hackensack, was able to hire a civilian director who had recently retired.	LLM_male_list	C4	Meine Stadt, Hackensack, konnte jedoch einen zivilen Direktor einstellen, der vor kurzem in Rente gegangen war.	masculine	Sin embargo, mi ciudad, Hackensack, fue capaz de contratar a un director civil que se había retirado recientemente.	masculine	Meine Stadt, Hackensack, konnte jedoch eine zivile Direktorin einstellen, die vor kurzem in Rente gegangen war.	feminine	Sin embargo, mi ciudad, Hackensack, fue capaz de contratar a una directora civil que se había retirado recientemente.	feminine
40	2320	follower	If you are already a follower of this blog, then you get a free copy ‘cos you are special.	male_embedding_list	C4	Wenn Sie bereits ein Anhänger dieses Blogs sind, dann erhalten Sie eine kostenlose Kopie ‘, weil Sie etwas Besonderes sind.	masculine	Si ya eres un seguidor de este blog, entonces obtienes una copia gratuita ‘porque eres especial.	masculine	Wenn Sie bereits eine Anhängerin dieses Blogs sind, dann erhalten Sie eine kostenlose Kopie ‘, weil Sie etwas Besonderes sind.	feminine	Si ya eres una seguidora de este blog, entonces obtienes una copia gratuita ‘porque eres especial.	feminine
41	2485	dancer	You can purchase these genuine FireWorks toys for yourself direct from us, whether you're a budding fire dancer or a hard-core professional.	female_embedding_list	C4	Sie können diese echten FireWorks Spielzeuge direkt bei uns kaufen, egal ob Sie ein angehender Feuertänzer oder ein Hardcore-Profi sind.	masculine	Usted puede comprar estos juguetes genuinos de FireWorks para usted directamente de nosotros, ya sea que usted es un bailarín de fuego en ciernes o un profesional duro.	masculine	Sie können diese echten FireWorks Spielzeuge direkt bei uns kaufen, egal ob Sie eine angehende Feuertänzerin oder ein Hardcore-Profi sind.	feminine	Usted puede comprar estos juguetes genuinos de FireWorks para usted directamente de nosotros, ya sea que usted es una bailarina de fuego en ciernes o una profesional dura.	feminine
42	1006	gamer	For your gamer to achieve that, this individual really should make use of wonderful tennis cristiano ronaldo shoes equipment.	LLM_neutral_list	C4	Damit Ihr Spieler, dass zu erreichen, sollte diese Person wirklich Gebrauch von wunderbaren Tennis Cristiano Ronaldo Schuhe Ausrüstung machen.	masculine	Para que su jugador para lograr eso, este individuo realmente debe hacer uso de un maravilloso equipo de tenis cristiano ronaldo zapatos.	masculine	Damit Ihre Spielerin, dass zu erreichen, sollte diese Person wirklich Gebrauch von wunderbaren Tennis Cristiano Ronaldo Schuhe Ausrüstung machen.	feminine	Para que su jugadora para lograr eso, esta individua realmente debe hacer uso de un maravilloso equipo de tenis cristiano ronaldo zapatos.	feminine
43	2004	counselor	As a marriage counselor for the last ten years, I have studied closely what it takes to resuscitate the damaged heart of marriages on the brink of divorce.	female_embedding_list	C4	Als Eheberaterin der letzten zehn Jahre habe ich genau untersucht, was nötig ist, um das beschädigte Herz der Ehen am Rande der Scheidung wiederzubeleben.	feminine	Como consejero matrimonial durante los últimos diez años, he estudiado de cerca lo que se necesita para resucitar el corazón dañado de los matrimonios al borde del divorcio.	masculine	Als Eheberater der letzten zehn Jahre habe ich genau untersucht, was nötig ist, um das beschädigte Herz der Ehen am Rande der Scheidung wiederzubeleben.	masculine	Como consejera matrimonial durante los últimos diez años, he estudiado de cerca lo que se necesita para resucitar el corazón dañado de los matrimonios al borde del divorcio.	feminine
44	2664	passenger	Some of the plots have been identified and plaques on the houses inform you which passenger owned the plot of land upon which the current house now sits.	LLM_neutral_list	C4	Einige der Grundstücke wurden identifiziert und Plaketten auf den Häusern informieren Sie, welche Passagier im Besitz des Grundstücks, auf dem das aktuelle Haus jetzt sitzt.	masculine	Algunas de las parcelas han sido identificadas y las placas de las casas le informan qué pasajero era dueño de la parcela de tierra en la que se encuentra la casa actual.	masculine	Einige der Grundstücke wurden identifiziert und Plaketten auf den Häusern informieren Sie, welche Passagierin im Besitz des Grundstücks, auf dem das aktuelle Haus jetzt sitzt.	feminine	Algunas de las parcelas han sido identificadas y las placas de las casas le informan qué pasajera era dueña de la parcela de tierra en la que se encuentra la casa actual.	feminine
45	3820	expert	Like I said, you' re the expert but do you remember the plan I outlined...... the day I set fire to your....	LLM_neutral_list	OpenSubtitles	Wie gesagt, du bist der Experte, aber erinnerst du dich an den Plan, den ich skizziert habe... an dem Tag, an dem ich dein...	masculine	Como dije, tú eres el experto pero recuerdas el plan que esbocé... el día que prendí fuego a tu...	masculine	Wie gesagt, du bist die Expertin, aber erinnerst du dich an den Plan, den ich skizziert habe... an dem Tag, an dem ich dein...	feminine	Como dije, tú eres la experta pero recuerdas el plan que esbocé... el día que prendí fuego a tu...	feminine
46	1521	athlete	It seems pretty clear that this is an elite athlete and this is not something to try at home.	LLM_male_list	C4	Es scheint ziemlich klar, dass dies ein Elite-Sportler ist und dies ist nicht etwas zu Hause versuchen.	masculine	Parece bastante claro que este es un atleta de élite y esto no es algo para probar en casa.	masculine	Es scheint ziemlich klar, dass dies eine Elite-Sportlerin ist und dies ist nicht etwas zu Hause versuchen.	feminine	Parece bastante claro que esta es una atleta de élite y esto no es algo para probar en casa.	feminine
47	415	nurse	Your doctor or MS nurse may provide you with an AVOSTARTCLIP titration kit to help gradually increase your dose of AVONEX during the first 3 weeks of treatment.	female_embedding_list	C4	Ihr Arzt oder die MS-Krankenschwester kann Ihnen ein AVOSTARTCLIP-Titrationsset zur Verfügung stellen, um Ihre AVONEX-Dosis in den ersten 3 Wochen der Behandlung schrittweise zu erhöhen.	feminine	Su médico o enfermero de MS pueden proporcionarle un kit de ajuste de AVOSTARTCLIP para ayudar a aumentar gradualmente su dosis de AVONEX durante las primeras 3 semanas de tratamiento.	masculine	Ihr Arzt oder der MS-Krankenpfleger kann Ihnen ein AVOSTARTCLIP-Titrationsset zur Verfügung stellen, um Ihre AVONEX-Dosis in den ersten 3 Wochen der Behandlung schrittweise zu erhöhen.	masculine	Su médico o enfermera de MS pueden proporcionarle un kit de ajuste de AVOSTARTCLIP para ayudar a aumentar gradualmente su dosis de AVONEX durante las primeras 3 semanas de tratamiento.	feminine
48	4248	manager	I went but the manager said I' d just missed her.	male_embedding_list	OpenSubtitles	Ich ging, aber der Manager sagte, ich hätte sie gerade verpasst.	masculine	Fui pero el gerente dijo que la había echado de menos.	masculine	Ich ging, aber die Managerin sagte, ich hätte sie gerade verpasst.	feminine	Fui pero la gerente dijo que la había echado de menos.	feminine
49	3090	attendant	Well, you must, as a flight attendant, offer the option of buying another seat at half price for that oversized item.	female_embedding_list	OpenSubtitles	Nun, Sie müssen als Flugbegleiter die Möglichkeit bieten, einen anderen Sitzplatz zum halben Preis für dieses übergroße Stück zu kaufen.	masculine	Bueno, usted debe, como azafata, ofrecer la opción de comprar otro asiento a mitad de precio para ese artículo de gran tamaño.	feminine	Nun, Sie müssen als Flugbegleiterin die Möglichkeit bieten, einen anderen Sitzplatz zum halben Preis für dieses übergroße Stück zu kaufen.	feminine	Bueno, usted debe, como azafato, ofrecer la opción de comprar otro asiento a mitad de precio para ese artículo de gran tamaño.	masculine
50	1501	blogger	And, PLEASE, if you are a "no-reply comment" blogger, you must leave an email address in your comment.	female_embedding_list	C4	Und, BITTE, wenn Sie ein "nicht antworten Kommentar" Blogger sind, müssen Sie eine E-Mail-Adresse in Ihrem Kommentar hinterlassen.	masculine	Y, por favor, si eres un blogger de "no responder comentarios", debes dejar una dirección de correo electrónico en tu comentario.	masculine	Und, BITTE, wenn Sie eine "nicht antworten Kommentar" Bloggerin sind, müssen Sie eine E-Mail-Adresse in Ihrem Kommentar hinterlassen.	feminine	Y, por favor, si eres una blogger de "no responder comentarios", debes dejar una dirección de correo electrónico en tu comentario.	feminine
51	1746	investigator	Another investigator has worked with equine cadavers to quantify bend, and there is at least 2 degrees of movement available between each thoracic vertebra in a deceased horse.	LLM_male_list	C4	Ein anderer Ermittler hat mit Pferdekadavern gearbeitet, um Biegung zu quantifizieren, und es gibt mindestens 2 Grad Bewegung zwischen jedem Brustwirbel in einem verstorbenen Pferd.	masculine	Otro investigador ha trabajado con cadáveres equinos para cuantificar la curva, y hay al menos 2 grados de movimiento disponibles entre cada vértebra torácica en un caballo fallecido.	masculine	Eine andere Ermittlerin hat mit Pferdekadavern gearbeitet, um Biegung zu quantifizieren, und es gibt mindestens 2 Grad Bewegung zwischen jedem Brustwirbel in einem verstorbenen Pferd.	feminine	Otra investigadora ha trabajado con cadáveres equinos para cuantificar la curva, y hay al menos 2 grados de movimiento disponibles entre cada vértebra torácica en un caballo fallecido.	feminine
52	2675	publisher	In 2002, I worked for a New York City book publisher doing a job I hated.	LLM_male_list	C4	2002 arbeitete ich für einen New Yorker Buchverlag, der einen Job machte, den ich hasste.	neutral	En 2002, trabajé para un editor de libros de la ciudad de Nueva York haciendo un trabajo que odiaba.	masculine	2002 arbeitete ich für einen New Yorker Buchverlag, der einen Job machte, den ich hasste.	neutral	En 2002, trabajé para una editora de libros de la ciudad de Nueva York haciendo un trabajo que odiaba.	feminine
53	955	philosopher	The philosopher, it turns out, got it backward.	male_embedding_list	C4	Der Philosoph, wie sich herausstellte, hat es rückwärts gebracht.	masculine	El filósofo, resulta, lo consiguió hacia atrás.	masculine	Die Philosophin, wie sich herausstellte, hat es rückwärts gebracht.	feminine	La filósofa, resulta, lo consiguió hacia atrás.	feminine
54	1812	leader	As a leader, you must have an explicit purpose and vision for yourself, your team, and your mission.	male_embedding_list	C4	Als Anführer müssen Sie einen expliziten Zweck und eine Vision für sich selbst, Ihr Team und Ihre Mission haben.	masculine	Como líder, debes tener un propósito y una visión explícitos para ti, tu equipo y tu misión.	neutral	Als Anführerin müssen Sie einen expliziten Zweck und eine Vision für sich selbst, Ihr Team und Ihre Mission haben.	feminine	Como líder, debes tener un propósito y una visión explícitos para ti, tu equipo y tu misión.	neutral
55	3933	editor	It was a rag, but the editor taught me one important lesson.	female_embedding_list	OpenSubtitles	Es war ein Lappen, aber der Redakteur hat mir eine wichtige Lektion erteilt.	masculine	Era un trapo, pero el editor me enseñó una lección importante.	masculine	Es war ein Lappen, aber die Redakteurin hat mir eine wichtige Lektion erteilt.	feminine	Era un trapo, pero la editora me enseñó una lección importante.	feminine
56	1614	developer	You could visit FPT - Best Music Apps's website to know more about the company/developer who developed this.	male_embedding_list	C4	Besuchen Sie die Website von FPT - Best Music Apps, um mehr über das Unternehmen/Entwickler zu erfahren, der dies entwickelt hat.	masculine	Puedes visitar el sitio web de FPT - Best Music Apps para saber más sobre la empresa/desarrollador que desarrolló esto.	masculine	Besuchen Sie die Website von FPT - Best Music Apps, um mehr über das Unternehmen/Entwicklerin zu erfahren, die dies entwickelt hat.	feminine	Puedes visitar el sitio web de FPT - Best Music Apps para saber más sobre la empresa/desarrolladora que desarrolló esto.	feminine
57	5035	client	Uh, my client would like to plead guilty, Your Honour.	LLM_neutral_list	OpenSubtitles	Mein Mandant möchte sich schuldig bekennen, Euer Ehren.	masculine	A mi cliente le gustaría declararse culpable, Su Señoría.	neutral	Meine Mandantin möchte sich schuldig bekennen, Euer Ehren.	feminine	A mi cliente le gustaría declararse culpable, Su Señoría.	neutral
58	3517	leader	I' m no leader, I never was!	male_embedding_list	OpenSubtitles	Ich bin kein Anführer, ich war es nie!	masculine	¡No soy líder, nunca lo fui!	neutral	Ich bin keine Anführerin, ich war es nie!	feminine	¡No soy líder, nunca lo fui!	neutral
59	2388	helper	His plan allowed for an in-home helper who came every day to get Agnes up and be a personal assistant and to assist Agnes in performing her activities of daily living – grooming, toileting, dressing, eating, walking and whatever else was needed.	LLM_neutral_list	C4	Sein Plan erlaubte es einem Haushelfer, der jeden Tag kam, um Agnes aufzuholen und eine persönliche Assistentin zu sein und Agnes bei der Durchführung ihrer täglichen Aktivitäten zu helfen – Pflege, Toiletten, Ankleiden, Essen, Gehen und was sonst noch nötig war.	masculine	Su plan permitió que un ayudante en el hogar que venía todos los días para levantar a Agnes y ser una asistente personal y ayudar a Agnes en la realización de sus actividades de la vida diaria - aseo, aseo, vestirse, comer, caminar y lo que fuera necesario.	masculine	Sein Plan erlaubte es einer Haushelferin, die jeden Tag kam, um Agnes aufzuholen und eine persönliche Assistentin zu sein und Agnes bei der Durchführung ihrer täglichen Aktivitäten zu helfen – Pflege, Toiletten, Ankleiden, Essen, Gehen und was sonst noch nötig war.	feminine	Su plan permitió que una ayudante en el hogar que venía todos los días para levantar a Agnes y ser una asistente personal y ayudar a Agnes en la realización de sus actividades de la vida diaria - aseo, aseo, vestirse, comer, caminar y lo que fuera necesario.	feminine
60	1502	blogger	Did blogging books change the game for me as a new blogger?	female_embedding_list	C4	Hat Blogging Bücher das Spiel für mich als neuer Blogger verändert?	masculine	¿Los libros de blogueo cambiaron el juego para mí como un nuevo blogger?	masculine	Hat Blogging Bücher das Spiel für mich als neue Bloggerin verändert?	feminine	¿Los libros de blogueo cambiaron el juego para mí como una nueva blogger?	feminine
61	2792	firefighter	I wear kevlar laces that have lasted me through two pairs of boots, under the daily demand of work as a forester and wildland firefighter!	LLM_male_list	C4	Ich trage Kevlar-Schnüren, die mich durch zwei Paar Stiefel durchgehalten haben, unter der täglichen Forderung der Arbeit als Förster und Wildland Feuerwehrmann!	masculine	¡Llevo cordones de kevlar que me han durado a través de dos pares de botas, bajo la demanda diaria de trabajo como bombero forestal y salvaje!	masculine	Ich trage Kevlar-Schnüren, die mich durch zwei Paar Stiefel durchgehalten haben, unter der täglichen Forderung der Arbeit als Försterin und Wildland Feuerwehrfrau!	feminine	¡Llevo cordones de kevlar que me han durado a través de dos pares de botas, bajo la demanda diaria de trabajo como bombera forestal y salvaje!	feminine
62	636	adult	As an adult, I had settled in my heart that my dad was no longer a part of my life and I had to move on.	LLM_neutral_list	C4	Als Erwachsener hatte ich mich in meinem Herzen niedergelassen, dass mein Vater nicht mehr ein Teil meines Lebens war und ich weiterziehen musste.	masculine	Como adulto, me había establecido en mi corazón que mi padre ya no era parte de mi vida y tenía que seguir adelante.	masculine	Als Erwachsene hatte ich mich in meinem Herzen niedergelassen, dass mein Vater nicht mehr ein Teil meines Lebens war und ich weiterziehen musste.	feminine	Como adulta, me había establecido en mi corazón que mi padre ya no era parte de mi vida y tenía que seguir adelante.	feminine
63	2897	amateur	Whether you’re an amateur or a professional athlete, it is always important to protect your body from injury and stay healthy.	female_embedding_list	C4	Egal, ob Sie Amateur oder Profi-Sportler sind, es ist immer wichtig, Ihren Körper vor Verletzungen zu schützen und gesund zu bleiben.	masculine	Si usted es un aficionado o un atleta profesional, siempre es importante proteger su cuerpo de lesiones y mantenerse saludable.	masculine	Egal, ob Sie Amateurin oder Profi-Sportlerin sind, es ist immer wichtig, Ihren Körper vor Verletzungen zu schützen und gesund zu bleiben.	feminine	Si usted es una aficionada o una atleta profesional, siempre es importante proteger su cuerpo de lesiones y mantenerse saludable.	feminine
64	3052	buddy	It' s just not worth it, buddy.	male_embedding_list	OpenSubtitles	Das ist es einfach nicht wert, Kumpel.	masculine	No vale la pena, amigo.	masculine	Das ist es einfach nicht wert, Kumpelin.	feminine	No vale la pena, amiga.	feminine
65	2462	enthusiast	I'm a coffee drinker, vintage lover, plant grower, nature enthusiast, nomadic wanderer, and Catholic newbie!	LLM_neutral_list	C4	Ich bin Kaffeetrinker, Vintage-Liebhaber, Pflanzenzüchter, Naturliebhaber, Nomadenwanderer und katholischer Neuling!	masculine	¡Soy un bebedor de café, amante de la vendimia, cultivador de plantas, entusiasta de la naturaleza, nómada y novato católico!	masculine	Ich bin Kaffeetrinkerin, Vintage-Liebhaberin, Pflanzenzüchter, Naturliebhaberin, Nomadenwanderin und katholischer Neuling!	feminine	¡Soy una bebedora de café, amante de la vendimia, cultivadora de plantas, entusiasta de la naturaleza, nómada y novata católica!	feminine
66	1092	hairdresser	Instead large tears roll down my cheeks as the hairdresser makes my Rapunzel locks more manageable.	female_embedding_list	C4	Stattdessen rollen große Tränen meine Wangen hinunter, da der Friseur meine Rapunzel-Schlösser überschaubarer macht.	masculine	En vez de eso, grandes lágrimas bajan por mis mejillas mientras la peluquera hace que mis cerraduras Rapunzel sean más manejables.	feminine	Stattdessen rollen große Tränen meine Wangen hinunter, da die Friseurin meine Rapunzel-Schlösser überschaubarer macht.	feminine	En vez de eso, grandes lágrimas bajan por mis mejillas mientras el peluquero hace que mis cerraduras Rapunzel sean más manejables.	masculine
67	2778	novelist	I always figured someday I’d be a novelist in my own right.	LLM_female_list	C4	Ich dachte immer, eines Tages wäre ich selbst ein Schriftsteller.	masculine	Siempre pensé que algún día sería novelista por derecho propio.	neutral	Ich dachte immer, eines Tages wäre ich selbst eine Schriftstellerin.	feminine	Siempre pensé que algún día sería novelista por derecho propio.	neutral
68	435	financier	In this heartfelt mystery-thriller, you’ll join a lovely cellist and her hunky lawyer as they battle a psycho murderer, a meddling maven, and a corrupt financier.	male_embedding_list	C4	In diesem innigen Mysteriums-Thriller gesellst du dich zu einem netten Cellisten und ihrem hunkigen Anwalt, während sie gegen einen Psychomörder, einen einmischenden Maven und einen korrupten Finanzier kämpfen.	masculine	En este sincero misterio-triller, te unirás a una encantadora violonchelista y a su adorable abogado mientras luchan contra un asesino psicópata, un entrometido maven, y un financiero corrupto.	masculine	In diesem innigen Mysteriums-Thriller gesellst du dich zu einem netten Cellisten und ihrem hunkigen Anwalt, während sie gegen einen Psychomörder, einen einmischenden Maven und eine korrupte Finanzierin kämpfen.	feminine	En este sincero misterio-triller, te unirás a una encantadora violonchelista y a su adorable abogado mientras luchan contra un asesino psicópata, un entrometido maven, y una financiera corrupta.	feminine
69	2202	student	The long hours of training endured by the student of martial arts no doubt produce a disorientation of the senses not entirely dissimilar to that experienced by Burroughs and Gysin during their drug-fueled language experiments.	female_embedding_list	C4	Die langen Stunden der Ausbildung durch den Schüler der Kampfkunst erdulden zweifellos eine Desorientierung der Sinne nicht völlig unähnlich, wie von Burroughs und Gysin während ihrer drogenbetriebenen Sprachexperimente erlebt.	masculine	Las largas horas de entrenamiento soportadas por el estudiante de artes marciales sin duda producen una desorientación de los sentidos no totalmente diferente a la experimentada por Burroughs y Gysin durante sus experimentos de lenguaje alimentado con drogas.	masculine	Die langen Stunden der Ausbildung durch die Schülerin der Kampfkunst erdulden zweifellos eine Desorientierung der Sinne nicht völlig unähnlich, wie von Burroughs und Gysin während ihrer drogenbetriebenen Sprachexperimente erlebt.	feminine	Las largas horas de entrenamiento soportadas por la estudiante de artes marciales sin duda producen una desorientación de los sentidos no totalmente diferente a la experimentada por Burroughs y Gysin durante sus experimentos de lenguaje alimentado con drogas.	feminine
70	4200	player	The penniless sitar player' s sitar is magical.	male_embedding_list	OpenSubtitles	Die Sitar des mittellosen Sitarspielers ist magisch.	masculine	El sitar del jugador sin dinero es mágico.	masculine	Die Sitar der mittellosen Sitarspielerin ist magisch.	feminine	El sitar de la jugadora sin dinero es mágico.	feminine
71	1413	friend	Whoa, days have slid past me since I last posted, like driving to Ottawa to collect a friend who flew in from Calgary and who is currently staying with me and somehow, the days are flying past faster than I can manage to keep up.	LLM_neutral_list	C4	Whoa, Tage sind an mir vorbei gerutscht, seit ich das letzte Mal gepostet habe, wie das Fahren nach Ottawa, um einen Freund zu sammeln, der aus Calgary eingeflogen ist und der derzeit bei mir bleibt und irgendwie, die Tage fliegen schneller vorbei, als ich es schaffen kann, mitzuhalten.	masculine	Guau, han pasado días desde la última vez que publiqué, como conducir a Ottawa para recoger a un amigo que voló desde Calgary y que actualmente se está quedando conmigo y de alguna manera, los días están volando más rápido de lo que puedo mantenerme al día.	masculine	Whoa, Tage sind an mir vorbei gerutscht, seit ich das letzte Mal gepostet habe, wie das Fahren nach Ottawa, um eine Freundin zu sammeln, die aus Calgary eingeflogen ist und die derzeit bei mir bleibt und irgendwie, die Tage fliegen schneller vorbei, als ich es schaffen kann, mitzuhalten.	feminine	Guau, han pasado días desde la última vez que publiqué, como conducir a Ottawa para recoger a una amiga que voló desde Calgary y que actualmente se está quedando conmigo y de alguna manera, los días están volando más rápido de lo que puedo mantenerme al día.	feminine
72	3826	expert	And since when did you become the expert?.	LLM_neutral_list	OpenSubtitles	Und seit wann bist du der Experte geworden?.	masculine	¿Y desde cuándo te convertiste en el experto?.	masculine	Und seit wann bist du die Expertin geworden?.	feminine	¿Y desde cuándo te convertiste en la experta?.	feminine
73	4078	architect	Meanwhile, Gus, you need to find out who the architect is of the bank... and see if you can get a floor plan or a model.	male_embedding_list	OpenSubtitles	Währenddessen, Gus, musst du herausfinden, wer der Architekt der Bank ist... und sehen, ob du einen Grundriss oder ein Modell bekommst.	masculine	Mientras tanto, Gus, tienes que averiguar quién es el arquitecto del banco... y ver si puedes conseguir un plano o un modelo.	masculine	Währenddessen, Gus, musst du herausfinden, wer die Architektin der Bank ist... und sehen, ob du einen Grundriss oder ein Modell bekommst.	feminine	Mientras tanto, Gus, tienes que averiguar quién es la arquitecta del banco... y ver si puedes conseguir un plano o un modelo.	feminine
74	2256	teen	After skimming a book on mechanics, the struggling teen is able to build a motorized vehicle for work to replace an exhausting wooden pushcart.	female_embedding_list	C4	Nach dem Abschäumen eines Buches über Mechanik ist der kämpfende Teenager in der Lage, ein motorisiertes Fahrzeug für die Arbeit zu bauen, um einen anstrengenden hölzernen Schubkarren zu ersetzen.	masculine	Después de esquiar un libro sobre mecánica, el adolescente luchador es capaz de construir un vehículo motorizado para el trabajo para reemplazar una carretilla de madera agotadora.	masculine	Nach dem Abschäumen eines Buches über Mechanik ist die kämpfende Teenagerin in der Lage, ein motorisiertes Fahrzeug für die Arbeit zu bauen, um einen anstrengenden hölzernen Schubkarren zu ersetzen.	feminine	Después de esquiar un libro sobre mecánica, la adolescente luchadora es capaz de construir un vehículo motorizado para el trabajo para reemplazar una carretilla de madera agotadora.	feminine
75	183	champion	The UFC is expanding, all the way from UFC 193 being held in Melbourne, Australia to now having its first ever UFC champion.	male_embedding_list	C4	Die UFC expandiert, von der UFC 193 in Melbourne, Australien, bis zu ihrem ersten UFC-Champion.	masculine	La UFC se está expandiendo, desde que UFC 193 se celebró en Melbourne, Australia, hasta que ahora tiene su primer campeón de UFC.	masculine	Die UFC expandiert, von der UFC 193 in Melbourne, Australien, bis zu ihrer ersten UFC-Champion.	feminine	La UFC se está expandiendo, desde que UFC 193 se celebró en Melbourne, Australia, hasta que ahora tiene su primera campeona de UFC.	feminine
76	1529	athlete	Your first goal should be to enjoy thoroughly the activity you pursue, and if you are a focused "one-sport" endurance athlete, to add variety and find alternate forms of exercise that you can fall back upon in times of injury.	LLM_male_list	C4	Ihr erstes Ziel sollte sein, die Aktivität, die Sie verfolgen, gründlich zu genießen, und wenn Sie ein konzentrierter "One-Sport" Ausdauersportler sind, um Abwechslung hinzuzufügen und alternative Formen der Übung zu finden, auf die Sie in Zeiten der Verletzung zurückfallen können.	masculine	Su primer objetivo debe ser disfrutar a fondo de la actividad que usted persigue, y si usted es un atleta de resistencia "un deporte" centrado, para agregar variedad y encontrar formas alternativas de ejercicio que usted puede caer sobre en tiempos de lesión.	masculine	Ihr erstes Ziel sollte sein, die Aktivität, die Sie verfolgen, gründlich zu genießen, und wenn Sie eine konzentrierte "One-Sport" Ausdauersportlerin sind, um Abwechslung hinzuzufügen und alternative Formen der Übung zu finden, auf die Sie in Zeiten der Verletzung zurückfallen können.	feminine	Su primer objetivo debe ser disfrutar a fondo de la actividad que usted persigue, y si usted es una atleta de resistencia "un deporte" centrado, para agregar variedad y encontrar formas alternativas de ejercicio que usted puede caer sobre en tiempos de lesión.	feminine
77	2155	therapist	Visiting our oral health therapist every 6 months is an important step towards preventing the build-up of plaque and other oral health issues.	female_embedding_list	C4	Der Besuch unseres oralen Gesundheitstherapeuten alle 6 Monate ist ein wichtiger Schritt zur Verhinderung des Aufbaus von Plaque und anderen Problemen der oralen Gesundheit.	masculine	Visitar a nuestro terapeuta de salud bucal cada 6 meses es un paso importante para prevenir la acumulación de placa y otros problemas de salud bucal.	masculine	Der Besuch unserer oralen Gesundheitstherapeutin alle 6 Monate ist ein wichtiger Schritt zur Verhinderung des Aufbaus von Plaque und anderen Problemen der oralen Gesundheit.	feminine	Visitar a nuestra terapeuta de salud bucal cada 6 meses es un paso importante para prevenir la acumulación de placa y otros problemas de salud bucal.	feminine
78	316	patient	Caring for you as more than a patient, spending time with you, understanding your concerns and desires, and earning your trust are all part of our goal."	LLM_neutral_list	C4	Sich um dich als mehr als einen Patienten zu kümmern, Zeit mit dir zu verbringen, deine Sorgen und Wünsche zu verstehen und dein Vertrauen zu verdienen, gehört zu unserem Ziel."	masculine	Cuidar de usted como algo más que un paciente, pasar tiempo con usted, entender sus preocupaciones y deseos, y ganarse su confianza son parte de nuestra meta."	masculine	Sich um dich als mehr als eine Patientin zu kümmern, Zeit mit dir zu verbringen, deine Sorgen und Wünsche zu verstehen und dein Vertrauen zu verdienen, gehört zu unserem Ziel."	feminine	Cuidar de usted como algo más que una paciente, pasar tiempo con usted, entender sus preocupaciones y deseos, y ganarse su confianza son parte de nuestra meta."	feminine
79	2577	enemy	I think surgeons in the two subspecialties are realizing that neither is the enemy of the other."	male_embedding_list	C4	Ich denke, dass Chirurgen in den beiden Unterspezialitäten erkennen, dass weder der Feind des anderen ist."	masculine	Creo que los cirujanos de las dos subespecialidades se están dando cuenta de que ninguno de los dos es enemigo del otro".	masculine	Ich denke, dass Chirurgen in den beiden Unterspezialitäten erkennen, dass weder die Feindin des anderen ist."	feminine	Creo que los cirujanos de las dos subespecialidades se están dando cuenta de que ninguna de los dos es enemiga del otro".	feminine
80	1159	chief	The chief continued by saying that we must all eat this chicken and it will give us the strength to finish our work in the village.	male_embedding_list	C4	Der Häuptling fuhr fort zu sagen, dass wir alle dieses Huhn essen müssen, und es wird uns die Kraft geben, unsere Arbeit im Dorf zu beenden.	masculine	El jefe continuó diciendo que todos debemos comer este pollo y nos dará la fuerza para terminar nuestro trabajo en la aldea.	masculine	Die Stammesführerin fuhr fort zu sagen, dass wir alle dieses Huhn essen müssen, und es wird uns die Kraft geben, unsere Arbeit im Dorf zu beenden.	feminine	La jefe continuó diciendo que todos debemos comer este pollo y nos dará la fuerza para terminar nuestro trabajo en la aldea.	feminine
81	2677	publisher	It is officially the "biggest day one digital release" for the publisher, which toppled the franchise record set last year by Call of Duty WWII.	LLM_male_list	C4	Es ist offiziell der "größte Tag ein digitales Release" für den Verlag, der den im vergangenen Jahr von Call of Duty WWII aufgestellten Franchise-Rekord gestürzt hat.	neutral	Es oficialmente el "release digital más grande del primer día" para el editor, que derrocó el récord de franquicia establecido el año pasado por Call of Duty WWII.	masculine	Es ist offiziell der "größte Tag ein digitales Release" für den Verlag, der den im vergangenen Jahr von Call of Duty WWII aufgestellten Franchise-Rekord gestürzt hat.	neutral	Es oficialmente el "release digital más grande del primer día" para la editora, que derrocó el récord de franquicia establecido el año pasado por Call of Duty WWII.	feminine
82	3812	expert	I' m the expert who would love to kiss his murderers.	LLM_neutral_list	OpenSubtitles	Ich bin der Experte, der gerne seine Mörder küssen würde.	masculine	Soy el experto al que le encantaría besar a sus asesinos.	masculine	Ich bin die Expertin, die gerne ihre Mörder küssen würde.	feminine	Soy la experta a la que le encantaría besar a sus asesinos.	feminine
83	1133	nomad	It’s an odd feeling to have as I’m no longer a nomad, and it’s all because of the weather.	LLM_neutral_list	C4	Es ist ein seltsames Gefühl zu haben, wie ich nicht mehr ein Nomad bin, und es ist alles wegen des Wetters.	masculine	Es una sensación extraña de tener ya que ya no soy nómada, y todo es por el clima.	neutral	Es ist ein seltsames Gefühl zu haben, wie ich nicht mehr eine Nomadin bin, und es ist alles wegen des Wetters.	feminine	Es una sensación extraña de tener ya que ya no soy nómada, y todo es por el clima.	neutral
84	2814	firefighter	The BFAB is a program of the Stephen Siller Tunnel to Towers Foundation, named for the FDNY firefighter killed during the 9/11 attack on the World Trade Center.	LLM_male_list	C4	Die BFAB ist ein Programm der Stephen Siller Tunnel to Towers Foundation, benannt nach dem FDNY Feuerwehrmann, der während des 9/11 Angriffs auf das World Trade Center getötet wurde.	masculine	El BFAB es un programa del Túnel Stephen Siller a la Fundación Towers, llamado así por el bombero de la FDNY muerto durante el ataque del 11 de septiembre en el World Trade Center.	masculine	Die BFAB ist ein Programm der Stephen Siller Tunnel to Towers Foundation, benannt nach der FDNY Feuerwehrfrau, die während des 9/11 Angriffs auf das World Trade Center getötet wurde.	feminine	El BFAB es un programa del Túnel Stephen Siller a la Fundación Towers, llamado así por la bombera de la FDNY muerta durante el ataque del 11 de septiembre en el World Trade Center.	feminine
85	3125	friend	I know you miss your dog and your best friend... but we' re going home tomorrow... and Spot and Scott' il be there waitin 'for you... and everything' s gonna be peachy- pie normal... and just the way it was.	LLM_neutral_list	OpenSubtitles	Ich weiß, du vermisst deinen Hund und deinen besten Freund, aber wir gehen morgen nach Hause und Spot und Scott warten dort auf dich... und alles wird lecker sein... Kuchen normal... und so, wie es war.	masculine	Sé que echas de menos a tu perro y a tu mejor amigo... pero mañana nos vamos a casa... y Spot y Scott estarán ahí esperándote... y todo va a ser normal... y como estaba.	masculine	Ich weiß, du vermisst deinen Hund und deine beste Freundin, aber wir gehen morgen nach Hause und Spot und Scott warten dort auf dich... und alles wird lecker sein... Kuchen normal... und so, wie es war.	feminine	Sé que echas de menos a tu perro y a tu mejora amiga... pero mañana nos vamos a casa... y Spot y Scott estarán ahí esperándote... y todo va a ser normal... y como estaba.	feminine
86	3029	hairdresser	It' s very stressful being a hairdresser, people expect a lot from you and sometimes you can' t stand the pressure.	female_embedding_list	OpenSubtitles	Es ist sehr stressig, Friseur zu sein, die Leute erwarten viel von dir und manchmal kann man den Druck nicht ertragen.	masculine	Es muy estresante ser peluquero, la gente espera mucho de ti y a veces no puedes soportar la presión.	masculine	Es ist sehr stressig, Friseurin zu sein, die Leute erwarten viel von dir und manchmal kann man den Druck nicht ertragen.	feminine	Es muy estresante ser peluquera, la gente espera mucho de ti y a veces no puedes soportar la presión.	feminine
87	4431	soldier	A fine soldier you are, bested by a bedtime story.	male_embedding_list	OpenSubtitles	Ein feiner Soldat, der von einer Gute-Nacht-Geschichte bestochen wird.	masculine	Eres un buen soldado, superado por un cuento para dormir.	masculine	Eine feine Soldatin, die von einer Gute-Nacht-Geschichte bestochen wird.	feminine	Eres una buena soldado, superada por un cuento para dormir.	feminine
88	1795	captain	Whatever verdict is delivered in the trial of the Italian sea captain for the shipwreck of the Costa Concordia cruise liner and for the deaths of 32 people, survivors and victims’ families already are wondering if justice will be done.	male_embedding_list	C4	Was auch immer Urteil im Prozess von dem italienischen Seekapitän für das Schiffwrack von dem Kreuzfahrtschiff Costa Concordia und für den Tod von 32 Menschen, Überlebenden und Opfern abgegeben wird, fragen sich bereits, ob Gerechtigkeit getan wird.	masculine	Cualquiera que sea el veredicto emitido en el juicio del capitán de mar italiano por el naufragio del crucero Costa Concordia y por la muerte de 32 personas, sobrevivientes y familiares de las víctimas ya se preguntan si se hará justicia.	masculine	Was auch immer Urteil im Prozess von der italienischen Seekapitänin für das Schiffwrack von dem Kreuzfahrtschiff Costa Concordia und für den Tod von 32 Menschen, Überlebenden und Opfern abgegeben wird, fragen sich bereits, ob Gerechtigkeit getan wird.	feminine	Cualquiera que sea el veredicto emitido en el juicio de la capitana de mar italiano por el naufragio del crucero Costa Concordia y por la muerte de 32 personas, sobrevivientes y familiares de las víctimas ya se preguntan si se hará justicia.	feminine
89	2638	senior	The senior ate up 51 yards of the game-opening 78-yard drive on nine carries, the last a 1-yard run to give the Bulldogs a 7-0 lead midway through the first quarter.	female_embedding_list	C4	Der Senior aß 51 Yards des Spiels öffnenden 78-Yard-Laufwerk auf neun trägt, der letzte 1-Yard-Lauf, um den Bulldogs eine 7-0 Führung auf halbem Weg durch das erste Quartal zu geben.	masculine	El senior se comió 51 yardas de la jornada de apertura de 78 yardas en nueve portas, la última una carrera de 1 yarda para dar a los Bulldogs una ventaja de 7-0 a mitad de camino a través del primer trimestre.	masculine	Die Seniorin aß 51 Yards des Spiels öffnenden 78-Yard-Laufwerk auf neun trägt, der letzte 1-Yard-Lauf, um den Bulldogs eine 7-0 Führung auf halbem Weg durch das erste Quartal zu geben.	feminine	La senior se comió 51 yardas de la jornada de apertura de 78 yardas en nueve portas, la última una carrera de 1 yarda para dar a los Bulldogs una ventaja de 7-0 a mitad de camino a través del primer trimestre.	feminine
90	2752	clerk	The clerk gave the suspect an undisclosed amount of money.	female_embedding_list	C4	Der Sachbearbeiter gab dem Verdächtigen eine ungeklärte Menge Geld.	masculine	El empleado le dio al sospechoso una cantidad de dinero no revelada.	masculine	Die Sachbearbeiterin gab dem Verdächtigen eine ungeklärte Menge Geld.	feminine	La empleada le dio al sospechoso una cantidad de dinero no revelada.	feminine
91	1263	supervisor	As a manager or supervisor, you are the primary person responsible for dealing with the problem of sexual harassment in the day-to-day operations of your company or organization.	male_embedding_list	C4	Als Manager oder Supervisor sind Sie die Hauptperson, die für das Problem der sexuellen Belästigung im täglichen Betrieb Ihres Unternehmens oder Ihrer Organisation verantwortlich ist.	masculine	Como gerente o supervisor, usted es la persona principal responsable de lidiar con el problema del acoso sexual en las operaciones cotidianas de su empresa u organización.	masculine	Als Managerin oder Supervisorin sind Sie die Hauptperson, die für das Problem der sexuellen Belästigung im täglichen Betrieb Ihres Unternehmens oder Ihrer Organisation verantwortlich ist.	feminine	Como gerente o supervisora, usted es la persona principal responsable de lidiar con el problema del acoso sexual en las operaciones cotidianas de su empresa u organización.	feminine
92	2093	cheerleader	I am the guide, cheerleader, and coach that helps lead the way to these kinds of results.	LLM_female_list	C4	Ich bin der Führer, Cheerleader und Trainer, der hilft, den Weg zu diesen Art von Ergebnissen zu führen.	masculine	Yo soy el guía, animadora, y entrenador que ayuda a guiar el camino a este tipo de resultados.	feminine	Ich bin die Führerin, Cheerleaderin und Trainerin, die hilft, den Weg zu diesen Art von Ergebnissen zu führen.	feminine	Yo soy el guía, animador, y entrenador que ayuda a guiar el camino a este tipo de resultados.	masculine
93	1804	leader	Why focusing on yourself diminishes your impact as a leader.	male_embedding_list	C4	Warum Konzentration auf sich selbst verringert Ihre Auswirkungen als Führer.	masculine	¿Por qué centrarse en ti mismo disminuye su impacto como líder.	neutral	Warum Konzentration auf sich selbst verringert Ihre Auswirkungen als Führerin.	feminine	¿Por qué centrarse en ti mismo disminuye su impacto como líder.	neutral
94	2435	minister	Given the Budget plans a R30,000 cut in petroleum subsidies in FY14 as compared to FY13, it is obvious the finance minister is serious about petroleum pricing reforms.	male_embedding_list	C4	Angesichts der Haushaltspläne für eine R30.000 Kürzung der Erdölsubventionen in FY14 im Vergleich zu FY13, ist es offensichtlich, dass der Finanzminister ernst ist mit Erdölpreisreformen.	masculine	Dado que el presupuesto prevé una reducción de 30.000 R en las subvenciones al petróleo en el ejercicio económico de 14 años en comparación con el ejercicio económico de 13, es obvio que el ministro de Finanzas es serio sobre las reformas de los precios del petróleo.	masculine	Angesichts der Haushaltspläne für eine R30.000 Kürzung der Erdölsubventionen in FY14 im Vergleich zu FY13, ist es offensichtlich, dass die Finanzministerin ernst ist mit Erdölpreisreformen.	feminine	Dado que el presupuesto prevé una reducción de 30.000 R en las subvenciones al petróleo en el ejercicio económico de 14 años en comparación con el ejercicio económico de 13, es obvio que la ministra de Finanzas es seria sobre las reformas de los precios del petróleo.	feminine
95	2054	entrepreneur	Was becoming an enviro-entrepreneur always the goal?	LLM_male_list	C4	War es immer das Ziel, ein Unternehmer zu werden?	masculine	¿Convertirse en un emprendedor ambiental siempre fue la meta?	masculine	War es immer das Ziel, eine Unternehmerin zu werden?	feminine	¿Convertirse en una emprendedora ambiental siempre fue la meta?	feminine
96	2705	receptionist	When you enter to the National Park, you will find the information office, where a knowledgeable bilingual receptionist will give you all the information you need.	female_embedding_list	C4	Wenn Sie in den Nationalpark eintreten, finden Sie das Informationsbüro, in dem Ihnen eine sachkundige zweisprachige Empfangsdame alle Informationen gibt, die Sie benötigen.	feminine	Cuando entres al Parque Nacional, encontrarás la oficina de información, donde una recepcionista bilingüe conocedora te dará toda la información que necesites.	feminine	Wenn Sie in den Nationalpark eintreten, finden Sie das Informationsbüro, in dem Ihnen ein sachkundiger zweisprachiger Empfangsherr alle Informationen gibt, die Sie benötigen.	masculine	Cuando entres al Parque Nacional, encontrarás la oficina de información, donde un recepcionista bilingüe conocedora te dará toda la información que necesites.	masculine
97	1570	pilot	Aviation expert Julian Bray told Sky News the pilot should be commended for the way the passengers were guided to safety.	male_embedding_list	C4	Luftfahrtexperte Julian Bray sagte Sky News, dass der Pilot für die Art und Weise gelobt werden sollte, wie die Passagiere zur Sicherheit geführt wurden.	masculine	El experto en aviación Julian Bray dijo a Sky News que el piloto debería ser elogiado por la forma en que los pasajeros fueron guiados a la seguridad.	masculine	Luftfahrtexperte Julian Bray sagte Sky News, dass die Pilotin für die Art und Weise gelobt werden sollte, wie die Passagiere zur Sicherheit geführt wurden.	feminine	El experto en aviación Julian Bray dijo a Sky News que la piloto debería ser elogiada por la forma en que los pasajeros fueron guiados a la seguridad.	feminine
98	875	doctor	Their blood, according to the good doctor, is on our hands.	LLM_male_list	C4	Ihr Blut, so der gute Arzt, liegt an unseren Händen.	masculine	Su sangre, según el buen doctor, está en nuestras manos.	masculine	Ihr Blut, so die gute Ärztin, liegt an unseren Händen.	feminine	Su sangre, según la buena doctora, está en nuestras manos.	feminine
99	3116	friend	Is it too much to ask from my oldest friend to help me out?	LLM_neutral_list	OpenSubtitles	Ist es zu viel verlangt von meinem ältesten Freund, mir zu helfen?	masculine	¿Es demasiado pedir a mi amigo mayor que me ayude?	masculine	Ist es zu viel verlangt von meiner ältesten Freundin, mir zu helfen?	feminine	¿Es demasiado pedir a mi amiga mayor que me ayude?	feminine
100	3298	therapist	I am working on that with my therapist right now.	female_embedding_list	OpenSubtitles	Daran arbeite ich gerade mit meinem Therapeuten.	masculine	Estoy trabajando en eso con mi terapeuta ahora mismo.	neutral	Daran arbeite ich gerade mit meiner Therapeutin.	feminine	Estoy trabajando en eso con mi terapeuta ahora mismo.	neutral
101	4924	investigator	But he was the one who hired some fucking investigator to take pictures.	LLM_male_list	OpenSubtitles	Aber er war derjenige, der einen verdammten Ermittler angeheuert hat, um Fotos zu machen.	masculine	Pero él fue el que contrató a un maldito investigador para tomar fotos.	masculine	Aber er war derjenige, der eine verdammte Ermittlerin angeheuert hat, um Fotos zu machen.	feminine	Pero él fue el que contrató a una maldita investigadora para tomar fotos.	feminine
102	2630	donor	To donate to our 501(c)(4) lobbying efforts (not tax-deductible) and quadruple the value of your donation with a match by a generous anonymous donor (when you donate by year’s end), please click here.	female_embedding_list	C4	Um unseren 501(c)(4) Lobbying-Bemühungen (nicht steuerlich absetzbar) zu spenden und den Wert Ihrer Spende mit einem Match eines großzügigen anonymen Spenders zu vervierfachen (wenn Sie bis zum Ende des Jahres spenden), klicken Sie bitte hier.	masculine	Para donar a nuestros esfuerzos de cabildeo 501(c)(4) (no deducibles de impuestos) y cuadruplicar el valor de su donación con un partido por un generoso donante anónimo (cuando done para fines de año), por favor haga clic aquí.	masculine	Um unseren 501(c)(4) Lobbying-Bemühungen (nicht steuerlich absetzbar) zu spenden und den Wert Ihrer Spende mit einem Match einer großzügigen anonymen Spenderin zu vervierfachen (wenn Sie bis zum Ende des Jahres spenden), klicken Sie bitte hier.	feminine	Para donar a nuestros esfuerzos de cabildeo 501(c)(4) (no deducibles de impuestos) y cuadruplicar el valor de su donación con un partido por una generosa donante anónima (cuando done para fines de año), por favor haga clic aquí.	feminine
103	655	musician	I made it for a jazz musician as a 7-string guitar with no bridge pickup, just a neck pickup and a bridge transducer (7-string) which I had custom-made with Mike Christian saddles in it.	male_embedding_list	C4	Ich machte es für einen Jazzmusiker als 7-saitige Gitarre ohne Bridge Pickup, nur einen Hals Pickup und einen Bridge-Transducer (7-saitig), den ich mit Mike Christian Sätteln maßgefertigt hatte.	masculine	Lo hice para un músico de jazz como una guitarra de 7 cuerdas sin pickup de puente, sólo una pickup de cuello y un transductor de puente (7 cuerdas) que tenía hecho a medida con Mike Christian sillas de montar en él.	masculine	Ich machte es für eine Jazzmusikerin als 7-saitige Gitarre ohne Bridge Pickup, nur einen Hals Pickup und einen Bridge-Transducer (7-saitig), den ich mit Mike Christian Sätteln maßgefertigt hatte.	feminine	Lo hice para una música de jazz como una guitarra de 7 cuerdas sin pickup de puente, sólo una pickup de cuello y un transductor de puente (7 cuerdas) que tenía hecho a medida con Mike Christian sillas de montar en él.	feminine
104	588	physician	Contact your physician immediately if you experience any worrying or intense symptoms to make sure any necessary adjustments are made to your application frequency or dosage to prevent further health complications from occurring.	male_embedding_list	C4	Wenden Sie sich sofort an Ihren Arzt, wenn Sie irgendwelche besorgniserregenden oder intensiven Symptome bemerken, um sicherzustellen, dass alle notwendigen Anpassungen an Ihre Anwendungshäufigkeit oder Dosierung vorgenommen werden, um weitere gesundheitliche Komplikationen zu verhindern.	masculine	Póngase en contacto con su médico inmediatamente si experimenta cualquier síntoma preocupante o intenso para asegurarse de que se hacen los ajustes necesarios en la frecuencia o dosis de su aplicación para evitar que se produzcan más complicaciones de salud.	masculine	Wenden Sie sich sofort an Ihre Ärztin, wenn Sie irgendwelche besorgniserregenden oder intensiven Symptome bemerken, um sicherzustellen, dass alle notwendigen Anpassungen an Ihre Anwendungshäufigkeit oder Dosierung vorgenommen werden, um weitere gesundheitliche Komplikationen zu verhindern.	feminine	Póngase en contacto con su médica inmediatamente si experimenta cualquier síntoma preocupante o intenso para asegurarse de que se hacen los ajustes necesarios en la frecuencia o dosis de su aplicación para evitar que se produzcan más complicaciones de salud.	feminine
105	3440	warrior	He was told a child would be born on the planet Furya -- a male child -- who would someday cause the warrior' s downfall.	male_embedding_list	OpenSubtitles	Ihm wurde gesagt, ein Kind würde auf dem Planeten Furya geboren werden - ein männliches Kind - das eines Tages den Untergang des Kriegers verursachen würde.	masculine	Se le dijo que un niño nacería en el planeta Furia -- un niño varón -- que algún día causaría la caída del guerrero.	masculine	Ihm wurde gesagt, ein Kind würde auf dem Planeten Furya geboren werden - ein männliches Kind - das eines Tages den Untergang der Kriegerin verursachen würde.	feminine	Se le dijo que un niño nacería en el planeta Furia -- un niño varón -- que algún día causaría la caída de la guerrera.	feminine
106	1070	partner	As your career partner you can be assured that we can help you on your journey to success.	LLM_neutral_list	C4	Als Ihr Karrierepartner können Sie sicher sein, dass wir Ihnen auf Ihrem Weg zum Erfolg helfen können.	masculine	Como tu compañero de carrera puedes estar seguro de que podemos ayudarte en tu viaje hacia el éxito.	masculine	Als Ihre Karrierepartnerin können Sie sicher sein, dass wir Ihnen auf Ihrem Weg zum Erfolg helfen können.	feminine	Como tu compañera de carrera puedes estar seguro de que podemos ayudarte en tu viaje hacia el éxito.	feminine
107	1075	partner	You will be able to try the different types of massages because you will usually have a classmate as your partner and you practice and rate each other.	LLM_neutral_list	C4	Sie werden in der Lage sein, die verschiedenen Arten von Massagen zu versuchen, weil Sie in der Regel einen Klassenkameraden als Partner haben und Sie üben und bewerten sich gegenseitig.	masculine	Usted será capaz de probar los diferentes tipos de masajes, ya que por lo general tendrá un compañero de clase como su pareja y practicar y calificar entre sí.	masculine	Sie werden in der Lage sein, die verschiedenen Arten von Massagen zu versuchen, weil Sie in der Regel eine Klassenkameradin als Partnerin haben und Sie üben und bewerten sich gegenseitig.	feminine	Usted será capaz de probar los diferentes tipos de masajes, ya que por lo general tendrá una compañera de clase como su pareja y practicar y calificar entre sí.	feminine
108	219	manager	Communication was easy and effective, and our project manager was attentive.	male_embedding_list	C4	Die Kommunikation war einfach und effektiv und unser Projektleiter war aufmerksam.	masculine	La comunicación fue fácil y eficaz, y nuestro director de proyecto fue atento.	masculine	Die Kommunikation war einfach und effektiv und unsere Projektleiterin war aufmerksam.	feminine	La comunicación fue fácil y eficaz, y nuestra directora de proyecto fue atenta.	feminine
109	343	specialist	When I hadn't heard anything about Littleone in over a month, I sent a panicked email to our specialist and I couldn't think about anything else (including work) all day.	LLM_neutral_list	C4	Als ich seit über einem Monat nichts von Littleone gehört hatte, schickte ich eine in Panik geratene E-Mail an unseren Spezialisten und ich konnte den ganzen Tag über nichts anderes (einschließlich Arbeit) denken.	masculine	Cuando no había oído nada sobre Littleone en más de un mes, envié un mensaje de pánico a nuestro especialista y no podía pensar en nada más (incluido el trabajo) en todo el día.	masculine	Als ich seit über einem Monat nichts von Littleone gehört hatte, schickte ich eine in Panik geratene E-Mail an unsere Spezialistin und ich konnte den ganzen Tag über nichts anderes (einschließlich Arbeit) denken.	feminine	Cuando no había oído nada sobre Littleone en más de un mes, envié un mensaje de pánico a nuestra especialista y no podía pensar en nada más (incluido el trabajo) en todo el día.	feminine
110	2183	analyst	The fund giant took in $62 billion, more than its next three competitors combined, according to a research analyst.	male_embedding_list	C4	Der Fonds-Riese nahm in $ 62 Milliarden, mehr als seine nächsten drei Konkurrenten zusammen, nach einem Forschungsanalytiker.	masculine	El gigante del fondo recibió $62 mil millones, más que sus siguientes tres competidores combinados, según un analista de investigación.	masculine	Der Fonds-Riese nahm in $ 62 Milliarden, mehr als seine nächsten drei Konkurrenten zusammen, nach einer Forschungsanalytikerin.	feminine	El gigante del fondo recibió $62 mil millones, más que sus siguientes tres competidores combinados, según una analista de investigación.	feminine
111	29	accountant	I would also recommend having your accountant hold onto copies of your tax documents, since they would have a more complete record than you.	female_embedding_list	C4	Ich würde auch empfehlen, Ihren Buchhalter an Kopien Ihrer Steuerdokumente zu halten, da sie eine vollständigere Aufzeichnung hätten als Sie.	masculine	También recomiendo que su contable guarde copias de sus documentos fiscales, ya que tendrían un registro más completo que usted.	neutral	Ich würde auch empfehlen, Ihre Buchhalterin an Kopien Ihrer Steuerdokumente zu halten, da sie eine vollständigere Aufzeichnung hätten als Sie.	feminine	También recomiendo que su contable guarde copias de sus documentos fiscales, ya que tendrían un registro más completo que usted.	neutral
112	2669	passenger	One day, while riding the bus to work, another passenger asked to buy a pound of coffee.	LLM_neutral_list	C4	Eines Tages, während er mit dem Bus zur Arbeit fuhr, bat ein anderer Passagier, ein Pfund Kaffee zu kaufen.	masculine	Un día, mientras viajaba en autobús al trabajo, otro pasajero pidió comprar una libra de café.	masculine	Eines Tages, während er mit dem Bus zur Arbeit fuhr, bat eine andere Passagierin, ein Pfund Kaffee zu kaufen.	feminine	Un día, mientras viajaba en autobús al trabajo, otra pasajera pidió comprar una libra de café.	feminine
113	4454	governor	See, I' ve been approached by several very influential people wondering if I' d be interested in standing for governor.	male_embedding_list	OpenSubtitles	Sehen Sie, ich wurde von einigen sehr einflussreichen Leuten angesprochen, die sich fragten, ob es mich interessieren würde, für Gouverneur zu stehen.	masculine	He sido contactado por varias personas muy influyentes preguntándome si estaría interesado en presentarme como gobernador.	masculine	Sehen Sie, ich wurde von einigen sehr einflussreichen Leuten angesprochen, die sich fragten, ob es mich interessieren würde, für Gou­ver­neu­rin zu stehen.	feminine	He sido contactado por varias personas muy influyentes preguntándome si estaría interesado en presentarme como gobernadora.	feminine
114	2397	helper	Do this in small increments, and ask your helper to step out of the active sound window after each adjustment.	LLM_neutral_list	C4	Tun Sie dies in kleinen Schritten und bitten Sie Ihren Helfer, nach jeder Einstellung aus dem aktiven Klangfenster zu treten.	masculine	Haga esto en pequeños incrementos, y pídale a su ayudante que salga de la ventana de sonido activa después de cada ajuste.	neutral	Tun Sie dies in kleinen Schritten und bitten Sie Ihre Helferin, nach jeder Einstellung aus dem aktiven Klangfenster zu treten.	feminine	Haga esto en pequeños incrementos, y pídale a su ayudante que salga de la ventana de sonido activa después de cada ajuste.	neutral
115	518	lover	If you are a cheese lover, you’re in luck– as it pairs well with creamy, slightly sweet or complex flavoured cheeses such as gouda, gruyere and camembert.	female_embedding_list	C4	Wenn Sie ein Käseliebhaber sind, haben Sie Glück – da es sich gut mit cremigen, leicht süßen oder komplexen aromatisierten Käsesorten wie Gouda, Gruyere und Camembert paart.	masculine	Si eres amante del queso, estás de suerte, ya que combina bien con quesos cremosos, ligeramente dulces o con sabores complejos como gouda, gruyere y camembert.	neutral	Wenn Sie eine Käseliebhaberin sind, haben Sie Glück – da es sich gut mit cremigen, leicht süßen oder komplexen aromatisierten Käsesorten wie Gouda, Gruyere und Camembert paart.	feminine	Si eres amante del queso, estás de suerte, ya que combina bien con quesos cremosos, ligeramente dulces o con sabores complejos como gouda, gruyere y camembert.	neutral
116	4316	adult	I need you to be an adult about this.	LLM_neutral_list	OpenSubtitles	Du musst erwachsen sein.	neutral	Necesito que seas un adulto sobre esto.	masculine	Du musst erwachsen sein.	neutral	Necesito que seas una adulta sobre esto.	feminine
117	2252	teen	Some three weeks later, Nah Hock Keong molested a teacher while he was out on bail for molesting the teen.	female_embedding_list	C4	Etwa drei Wochen später belästigte Nah Hock Keong einen Lehrer, während er auf Kaution für die Belästigung des Teenagers war.	masculine	Unas tres semanas después, Nah Hock Keong abusó de un maestro mientras estaba bajo fianza por abusar del adolescente.	masculine	Etwa drei Wochen später belästigte Nah Hock Keong einen Lehrer, während er auf Kaution für die Belästigung der Teenagerin war.	feminine	Unas tres semanas después, Nah Hock Keong abusó de un maestro mientras estaba bajo fianza por abusar de la adolescente.	feminine
118	3504	teacher	It' s because I' m a new substitute teacher here in the school	female_embedding_list	OpenSubtitles	Es ist, weil ich ein neuer Ersatzlehrer hier in der Schule bin	masculine	Es porque soy un nuevo profesor sustituto aquí en la escuela	masculine	Es ist, weil ich eine neue Ersatzlehrerin hier in der Schule bin	feminine	Es porque soy una nueva profesora sustituta aquí en la escuela	feminine
119	155	contributor	The leading contributor to the presidential campaign of Democrat Barack Obama is . . .	LLM_neutral_list	C4	Der führende Beitrag zur Präsidentschaftskampagne des Demokraten Barack Obama ist . . .	neutral	El principal contribuyente a la campaña presidencial del demócrata Barack Obama es . . .	masculine	Der führende Beitrag zur Präsidentschaftskampagne des Demokraten Barack Obama ist . . .	neutral	La principal contribuyente a la campaña presidencial del demócrata Barack Obama es . . .	feminine
120	4649	patient	I was there in the stairwell...... when you cried for your patient.	LLM_neutral_list	OpenSubtitles	Ich war im Treppenhaus, als du für deine Patientin geweint hast.	feminine	Estaba en la escalera cuando lloraste por tu paciente.	neutral	Ich war im Treppenhaus, als du für deinen Patienten geweint hast.	masculine	Estaba en la escalera cuando lloraste por tu paciente.	neutral
121	3312	writer	Years ago, a very wonderful comedy writer wrote a very funny book with a really deep and meaningful title.	female_embedding_list	OpenSubtitles	Vor Jahren schrieb ein sehr wunderbarer Komiker ein sehr lustiges Buch mit einem wirklich tiefen und bedeutungsvollen Titel.	masculine	Hace años, un escritor de comedia muy maravilloso escribió un libro muy divertido con un título muy profundo y significativo.	masculine	Vor Jahren schrieb eine sehr wunderbare Komikerin ein sehr lustiges Buch mit einem wirklich tiefen und bedeutungsvollen Titel.	feminine	Hace años, una escritora de comedia muy maravillosa escribió un libro muy divertido con un título muy profundo y significativo.	feminine
122	3948	adventurer	First cheer adventurer of long ago took hung plate 2124 of an induction center of the Sen the boots that took, one had taken off a German soldier.	LLM_neutral_list	OpenSubtitles	Erster Cheer Abenteurer von vor langer Zeit nahm hing Teller 2124 eines Induktionszentrums des Sen die Stiefel, die nahm, hatte man einen deutschen Soldaten ausgezogen.	masculine	El primer animador aventurero de hace mucho tiempo tomó el plato colgado 2124 de un centro de inducción del Sen las botas que se llevaron, uno se había quitado a un soldado alemán.	masculine	Erste Cheer Abenteurerin von vor langer Zeit nahm hing Teller 2124 eines Induktionszentrums des Sen die Stiefel, die nahm, hatte man einen deutschen Soldaten ausgezogen.	feminine	La primera animadora aventurera de hace mucho tiempo tomó el plato colgado 2124 de un centro de inducción del Sen las botas que se llevaron, uno se había quitado a un soldado alemán.	feminine
123	1160	chief	Abdelaziz Bouteflika was forced to resign April 2, pressured by protests that began Feb. 22, and clinched when the powerful army chief firmly reiterated the demand.	male_embedding_list	C4	Abdelaziz Bouteflika wurde gezwungen, am 2. April zurückzutreten, unter Druck von Protesten, die am 22. Februar begannen, und klammerte sich, als der mächtige Armeechef die Forderung fest wiederholte.	masculine	Abdelaziz Bouteflika se vio obligado a dimitir el 2 de abril, presionado por las protestas que comenzaron el 22 de febrero, y se aseguró cuando el poderoso jefe del ejército reiteró firmemente la demanda.	masculine	Abdelaziz Bouteflika wurde gezwungen, am 2. April zurückzutreten, unter Druck von Protesten, die am 22. Februar begannen, und klammerte sich, als die mächtige Armeechefin die Forderung fest wiederholte.	feminine	Abdelaziz Bouteflika se vio obligado a dimitir el 2 de abril, presionado por las protestas que comenzaron el 22 de febrero, y se aseguró cuando la poderosa jefe del ejército reiteró firmemente la demanda.	feminine
124	1243	farmer	The Cow Story – The farmer has gone to town for the afternoon, and the cow and the roaster can play however they want.	male_embedding_list	C4	The Cow Story – Der Bauer ist für den Nachmittag in die Stadt gegangen, und die Kuh und der Brater können spielen, wie sie wollen.	masculine	The Cow Story – El granjero ha ido a la ciudad por la tarde, y la vaca y el asador pueden jugar como quieran.	masculine	The Cow Story – Die Bauerin ist für den Nachmittag in die Stadt gegangen, und die Kuh und der Brater können spielen, wie sie wollen.	feminine	The Cow Story – La granjera ha ido a la ciudad por la tarde, y la vaca y el asador pueden jugar como quieran.	feminine
125	3957	assistant	Honey, you are the best laundry assistant I' ve ever had.	female_embedding_list	OpenSubtitles	Schatz, du bist der beste Wäscheassistent, den ich je hatte.	masculine	Cariño, eres la mejor asistente de lavandería que he tenido.	feminine	Schatz, du bist die beste Wäscheassistentin, die ich je hatte.	feminine	Cariño, eres el mejor asistente de lavandería que he tenido.	masculine
126	4616	minister	Jimmy, as usual on the look out for titbits, has met the development minister of some tin- pot republic.	male_embedding_list	OpenSubtitles	Jimmy, wie üblich auf der Suche nach Titten, hat den Entwicklungsminister einer Zinn-Töpfe-Republik getroffen.	masculine	Jimmy, como de costumbre en busca de tetas, se ha reunido con el ministro de desarrollo de una república de estaño.	masculine	Jimmy, wie üblich auf der Suche nach Titten, hat die Entwicklungsministerin einer Zinn-Töpfe-Republik getroffen.	feminine	Jimmy, como de costumbre en busca de tetas, se ha reunido con la ministra de desarrollo de una república de estaño.	feminine
127	3113	friend	Well, I' m not a friend like the doughnut guy but, yeah, we' re friends. a	LLM_neutral_list	OpenSubtitles	Nun, ich bin kein Freund wie der Donut-Typ, aber, ja, wir sind Freunde.	masculine	Bueno, no soy un amigo como el tipo de las rosquillas pero, sí, somos amigos.	masculine	Nun, ich bin keine Freundin wie der Donut-Typ, aber, ja, wir sind Freunde.	feminine	Bueno, no soy una amiga como el tipo de las rosquillas pero, sí, somos amigos.	feminine
128	2138	cook	The cook frantically mixes soft butter with flour and stirs it into the hot sauce, stew or soup in increments, until enough has been added to achieve the desired consistency.	male_embedding_list	C4	Der Koch mischt hektisch weiche Butter mit Mehl und mischt sie in die heiße Soße, Eintopf oder Suppe in Schritten, bis genug hinzugefügt wurde, um die gewünschte Konsistenz zu erreichen.	masculine	El cocinero mezcla frenéticamente mantequilla blanda con harina y la revuelve en la salsa picante, guiso o sopa en incrementos, hasta que se haya añadido suficiente para lograr la consistencia deseada.	masculine	Die Köchin mischt hektisch weiche Butter mit Mehl und mischt sie in die heiße Soße, Eintopf oder Suppe in Schritten, bis genug hinzugefügt wurde, um die gewünschte Konsistenz zu erreichen.	feminine	La cocinera mezcla frenéticamente mantequilla blanda con harina y la revuelve en la salsa picante, guiso o sopa en incrementos, hasta que se haya añadido suficiente para lograr la consistencia deseada.	feminine
129	3092	attendant	It' s cool, I' m the attendant	female_embedding_list	OpenSubtitles	Es ist cool, ich bin der Begleiter.	masculine	Está bien, yo soy el asistente.	masculine	Es ist cool, ich bin die Begleiterin.	feminine	Está bien, yo soy la asistente.	feminine
130	5042	athlete	I found your body was badly damaged by radiation and your body is just like a top athlete how did that happen?	LLM_male_list	OpenSubtitles	Ich fand heraus, dass Ihr Körper durch Strahlung stark beschädigt wurde und Ihr Körper ist wie ein Spitzensportler, wie ist das passiert?	masculine	Descubrí que tu cuerpo estaba gravemente dañado por la radiación y que tu cuerpo es como un atleta de primera ¿cómo sucedió eso?	masculine	Ich fand heraus, dass Ihr Körper durch Strahlung stark beschädigt wurde und Ihr Körper ist wie eine Spitzensportlerin, wie ist das passiert?	feminine	Descubrí que tu cuerpo estaba gravemente dañado por la radiación y que tu cuerpo es como una atleta de primera ¿cómo sucedió eso?	feminine
131	4907	investigator	I' m a claims investigator, not a doctor.	LLM_male_list	OpenSubtitles	Ich bin ein Ermittler, kein Arzt.	masculine	Soy investigador de reclamaciones, no médico.	masculine	Ich bin eine Ermittlerin, keine Ärztin.	feminine	Soy investigadora de reclamaciones, no médica.	feminine
132	3953	assistant	Well, I am an executive assistant...... at a major pet products company.	female_embedding_list	OpenSubtitles	Nun, ich bin Executive Assistant... bei einer großen Tierprodukte-Firma.	neutral	Bueno, soy una asistente ejecutiva... en una importante compañía de productos para mascotas.	feminine	Nun, ich bin Executive Assistant... bei einer großen Tierprodukte-Firma.	neutral	Bueno, soy un asistente ejecutivo... en una importante compañía de productos para mascotas.	masculine
133	4358	judge	The judge sees no reason for you to remain here.	LLM_male_list	OpenSubtitles	Der Richter sieht keinen Grund, dass Sie hier bleiben.	masculine	El juez no ve ninguna razón para que te quedes aquí.	masculine	Die Richterin sieht keinen Grund, dass Sie hier bleiben.	feminine	La jueza no ve ninguna razón para que te quedes aquí.	feminine
134	4404	hero	I was a hero, kids don' t forget things like this.	male_embedding_list	OpenSubtitles	Ich war ein Held, Kinder vergessen solche Dinge nicht.	masculine	Yo era un héroe, los niños no olvidan cosas como esta.	masculine	Ich war eine Heldin, Kinder vergessen solche Dinge nicht.	feminine	Yo era una heroína, los niños no olvidan cosas como esta.	feminine
135	333	specialist	As a social media specialist with a million things on your plate, you might not have been aware that citrus was all the rage atm.	LLM_neutral_list	C4	Als Social-Media-Spezialist mit einer Million Sachen auf dem Teller, könnte man nicht bewusst gewesen sein, dass Zitrus war die ganze Wut atm.	masculine	Como especialista en redes sociales con un millón de cosas en tu plato, podrías no haber sido consciente de que los cítricos eran todo el atm rabia.	neutral	Als Social-Media-Spezialistin mit einer Million Sachen auf dem Teller, könnte man nicht bewusst gewesen sein, dass Zitrus war die ganze Wut atm.	feminine	Como especialista en redes sociales con un millón de cosas en tu plato, podrías no haber sido consciente de que los cítricos eran todo el atm rabia.	neutral
136	4019	skipper	There' s too many of them, skipper.	male_embedding_list	OpenSubtitles	Es gibt zu viele von ihnen, Skipper.	masculine	Son demasiados, capitán.	neutral	Es gibt zu viele von ihnen, Skipperin.	feminine	Son demasiados, capitán.	neutral
137	3801	cook	The cook drew a gun and set it off.	male_embedding_list	OpenSubtitles	Der Koch zog eine Waffe und legte sie ab.	masculine	El cocinero sacó un arma y la disparó.	masculine	Die Köchin zog eine Waffe und legte sie ab.	feminine	La cocinera sacó un arma y la disparó.	feminine
138	1117	peer	For instance, a peer made a claim on the "inappropriateness of a teaching decision of using numbers 2, 4, 5, 6, 8 to calculate the mean and variance by learners with calculators" (Pair 2).	LLM_neutral_list	C4	Zum Beispiel machte ein Peer einen Anspruch auf die "Unangemessenheit einer Lehrentscheidung mit den Zahlen 2, 4, 5, 6, 8, um den Mittelwert und die Varianz von Lernenden mit Rechnern zu berechnen" (Pair 2).	masculine	Por ejemplo, un compañero hizo una reclamación sobre la "inadecuación de una decisión de enseñanza de usar números 2, 4, 5, 6, 8 para calcular la media y la varianza de los alumnos con calculadoras" (Pair 2).	masculine	Zum Beispiel machte eine Peer einen Anspruch auf die "Unangemessenheit einer Lehrentscheidung mit den Zahlen 2, 4, 5, 6, 8, um den Mittelwert und die Varianz von Lernenden mit Rechnern zu berechnen" (Pair 2).	feminine	Por ejemplo, una compañera hizo una reclamación sobre la "inadecuación de una decisión de enseñanza de usar números 2, 4, 5, 6, 8 para calcular la media y la varianza de los alumnos con calculadoras" (Pair 2).	feminine
139	4891	mechanic	I' m only a mechanic, but...... l' m sure there must be that spark in one of you.	male_embedding_list	OpenSubtitles	Ich bin nur Mechaniker, aber... ich bin sicher, dass es diesen Funken in einem von euch geben muss.	masculine	Soy sólo un mecánico, pero... estoy seguro de que debe haber esa chispa en uno de ustedes.	masculine	Ich bin nur Mechanikerin, aber... ich bin sicher, dass es diesen Funken in einem von euch geben muss.	feminine	Soy sólo una mecánica, pero... estoy seguro de que debe haber esa chispa en uno de ustedes.	feminine
140	1367	colleague	One colleague pointed me to an audit of the program that includes a lengthy list of books that auditors saw in the classrooms.	LLM_neutral_list	C4	Ein Kollege wies mich auf eine Prüfung des Programms hin, die eine lange Liste von Büchern enthält, die Auditoren in den Klassenzimmern gesehen haben.	masculine	Un colega me señaló una auditoría del programa que incluye una larga lista de libros que los auditores vieron en las aulas.	masculine	Eine Kollegin wies mich auf eine Prüfung des Programms hin, die eine lange Liste von Büchern enthält, die Auditoren in den Klassenzimmern gesehen haben.	feminine	Una colega me señaló una auditoría del programa que incluye una larga lista de libros que los auditores vieron en las aulas.	feminine
141	586	physician	The distribution of “excellent”, “good”, “fair” and “inadequate”, as evaluated by the physician performing the colonoscopy, was comparable in both groups.	male_embedding_list	C4	In beiden Gruppen war die Verteilung von exzellent, gut, fair und nicht ausreichend, wie der Arzt die Koloskopie beurteilte, vergleichbar.	masculine	La distribución de “excelente”, “buena”, “justa” e “inadecuada”, evaluada por el médico que realizó la colonoscopia, fue comparable en ambos grupos.	masculine	In beiden Gruppen war die Verteilung von exzellent, gut, fair und nicht ausreichend, wie die Ärztin die Koloskopie beurteilte, vergleichbar.	feminine	La distribución de “excelente”, “buena”, “justa” e “inadecuada”, evaluada por la médica que realizó la colonoscopia, fue comparable en ambos grupos.	feminine
142	1506	blogger	Should you ever create a blogger’s resume, having the names you collaborated with can be really helpful for references.	female_embedding_list	C4	Solltest du jemals einen Blogger erstellen, können die Namen, mit denen du zusammengearbeitet hast, für Referenzen wirklich hilfreich sein.	masculine	Si alguna vez creas el currículum de un blogger, tener los nombres con los que colaboraste puede ser muy útil para las referencias.	masculine	Solltest du jemals eine Bloggerin erstellen, können die Namen, mit denen du zusammengearbeitet hast, für Referenzen wirklich hilfreich sein.	feminine	Si alguna vez creas el currículum de una blogger, tener los nombres con los que colaboraste puede ser muy útil para las referencias.	feminine
143	2810	firefighter	The former firefighter with a constant smile embodied the job for eight years, transitioning an insular government of feuding fiefdoms into a streamlined operation under one very powerful mayor.	LLM_male_list	C4	Der ehemalige Feuerwehrmann mit einem konstanten Lächeln verkörperte den Job acht Jahre lang und überwand eine insulare Regierung der Fehdeleien in eine gestraffte Operation unter einem sehr mächtigen Bürgermeister.	masculine	El ex bombero con una sonrisa constante encarnó el trabajo durante ocho años, transformando un gobierno insular de feudos en una operación racionalizada bajo un alcalde muy poderoso.	masculine	Die ehemalige Feuerwehrfrau mit einem konstanten Lächeln verkörperte den Job acht Jahre lang und überwand eine insulare Regierung der Fehdeleien in eine gestraffte Operation unter einem sehr mächtigen Bürgermeister.	feminine	La ex bombera con una sonrisa constante encarnó el trabajo durante ocho años, transformando un gobierno insular de feudos en una operación racionalizada bajo un alcalde muy poderoso.	feminine
144	1902	designer	My signature style will always be gowns with an exceptional fit and cut,” says the Australian designer, whose signature style is coveted the world over - and available to peruse at Cornwall's extraordinary bridal emporium.	female_embedding_list	C4	Mein Signatur-Stil wird immer Kleider mit einer außergewöhnlichen Passform und Schnitt sein, sagt der australische Designer, dessen Signatur-Stil ist begehrte die Welt - und zur Verfügung, um bei Cornwall außergewöhnliche Braut Emporium.	masculine	Mi estilo de firma siempre serán vestidos con un ajuste y corte excepcional”, dice el diseñador australiano, cuyo estilo de firma es codiciado en todo el mundo - y disponible para leer en el extraordinario emporio nupcial de Cornwall.	masculine	Mein Signatur-Stil wird immer Kleider mit einer außergewöhnlichen Passform und Schnitt sein, sagt die australische Designerin, dessen Signatur-Stil ist begehrte die Welt - und zur Verfügung, um bei Cornwall außergewöhnliche Braut Emporium.	feminine	Mi estilo de firma siempre serán vestidos con un ajuste y corte excepcional”, dice la diseñadora australiana, cuyo estilo de firma es codiciado en todo el mundo - y disponible para leer en el extraordinario emporio nupcial de Cornwall.	feminine
145	2599	observer	Recently my work with color has led me, in spite of myself, to search little by little, with some assistance (from the observer, from the translator), for the realization of matter, and I have decided to end the battle.	LLM_neutral_list	C4	Vor kurzem hat mich meine Arbeit mit Farbe, trotz mir, nach und nach zu suchen, mit etwas Hilfe (vom Beobachter, vom Übersetzer), für die Verwirklichung der Materie, und ich habe beschlossen, den Kampf zu beenden.	masculine	Recientemente mi trabajo con el color me ha llevado, a pesar de mí mismo, a buscar poco a poco, con alguna ayuda (del observador, del traductor), para la realización de la materia, y he decidido terminar la batalla.	masculine	Vor kurzem hat mich meine Arbeit mit Farbe, trotz mir, nach und nach zu suchen, mit etwas Hilfe (von der Beobachterin, vom Übersetzer), für die Verwirklichung der Materie, und ich habe beschlossen, den Kampf zu beenden.	feminine	Recientemente mi trabajo con el color me ha llevado, a pesar de mí mismo, a buscar poco a poco, con alguna ayuda (de la observadora, del traductor), para la realización de la materia, y he decidido terminar la batalla.	feminine
146	4910	investigator	I' d just become an investigator when I came across Sammy.	LLM_male_list	OpenSubtitles	Ich bin gerade Ermittler geworden, als ich Sammy traf.	masculine	Me convertí en investigador cuando me encontré con Sammy.	masculine	Ich bin gerade Ermittlerin geworden, als ich Sammy traf.	feminine	Me convertí en investigadora cuando me encontré con Sammy.	feminine
147	1644	vegetarian	Even if you're not a vegetarian like me, this stuffing recipe is tasty enough to be enjoyed by all.	female_embedding_list	C4	Auch wenn du kein Vegetarier wie ich bist, ist dieses Füllrezept lecker genug, um von allen genossen zu werden.	masculine	Incluso si no eres vegetariano como yo, esta receta de relleno es lo suficientemente sabrosa como para ser disfrutada por todos.	masculine	Auch wenn du keine Vegetarierin wie ich bist, ist dieses Füllrezept lecker genug, um von allen genossen zu werden.	feminine	Incluso si no eres vegetariana como yo, esta receta de relleno es lo suficientemente sabrosa como para ser disfrutada por todos.	feminine
148	2802	firefighter	HSPRD attorneys Mark Dym, John Hughes and Josh Karsh recently secured a $2.73 million recovery for a firefighter who sustained serious Post Traumatic Stress Disorder from a fire truck collision.	LLM_male_list	C4	Die HSPRD-Anwälte Mark Dym, John Hughes und Josh Karsh sicherten sich vor kurzem eine Genesung von 2,73 Millionen Dollar für einen Feuerwehrmann, der schwere posttraumatische Stressstörungen durch eine Feuerwagenkollision erlitt.	masculine	Los abogados de HSPRD Mark Dym, John Hughes y Josh Karsh obtuvieron recientemente una recuperación de $2,73 millones para un bombero que sufrió un grave trastorno de estrés postraumático de una colisión de camión de bomberos.	masculine	Die HSPRD-Anwälte Mark Dym, John Hughes und Josh Karsh sicherten sich vor kurzem eine Genesung von 2,73 Millionen Dollar für eine Feuerwehrfrau, die schwere posttraumatische Stressstörungen durch eine Feuerwagenkollision erlitt.	feminine	Los abogados de HSPRD Mark Dym, John Hughes y Josh Karsh obtuvieron recientemente una recuperación de $2,73 millones para una bombera que sufrió un grave trastorno de estrés postraumático de una colisión de camión de bomberos.	feminine
149	1515	blogger	You might be the blogger from the next block, or a vlogger next door that needs help with editing your videos to go on your social media.	female_embedding_list	C4	Sie könnten der Blogger aus dem nächsten Block sein, oder ein Vlogger nebenan, der Hilfe beim Bearbeiten Ihrer Videos benötigt, um in Ihren sozialen Medien zu gehen.	masculine	Usted puede ser el blogger del siguiente bloque, o un vlogger de al lado que necesita ayuda para editar sus videos para ir en sus redes sociales.	masculine	Sie könnten die Bloggerin aus dem nächsten Block sein, oder eine Vloggerin nebenan, die Hilfe beim Bearbeiten Ihrer Videos benötigt, um in Ihren sozialen Medien zu gehen.	feminine	Usted puede ser la blogger del siguiente bloque, o una vlogger de al lado que necesita ayuda para editar sus videos para ir en sus redes sociales.	feminine
150	2049	entrepreneur	In the long term, as an engineer-entrepreneur, I dream of having the opportunity to bring to market one of the many inventions that have been bouncing around in my head for years.	LLM_male_list	C4	Langfristig, als Ingenieur-Unternehmer, träume ich von der Möglichkeit, eine der vielen Erfindungen auf den Markt zu bringen, die seit Jahren in meinem Kopf herumhüpfen.	masculine	A largo plazo, como ingeniero-empresario, sueño con tener la oportunidad de traer al mercado uno de los muchos inventos que han estado rebotando en mi cabeza durante años.	masculine	Langfristig, als Ingenieur-Unternehmerin, träume ich von der Möglichkeit, eine der vielen Erfindungen auf den Markt zu bringen, die seit Jahren in meinem Kopf herumhüpfen.	feminine	A largo plazo, como ingeniera-empresaria, sueño con tener la oportunidad de traer al mercado uno de los muchos inventos que han estado rebotando en mi cabeza durante años.	feminine
151	3183	master	The harbor- master says you' re bringing in a cruise liner.	male_embedding_list	OpenSubtitles	Der Hafenmeister sagt, Sie bringen ein Kreuzfahrtschiff.	masculine	El capitán del puerto dice que traes un crucero.	masculine	Die Hafenmeisterin sagt, Sie bringen ein Kreuzfahrtschiff.	feminine	La capitana del puerto dice que traes un crucero.	feminine
152	2356	chef	The recent story about a pampered celebrity chef left me very annoyed.	LLM_female_list	C4	Die jüngste Geschichte über einen verwöhnten Promi-Koch hat mich sehr verärgert.	masculine	La historia reciente sobre un chef famoso mimado me dejó muy molesto.	masculine	Die jüngste Geschichte über eine verwöhnte Promi-Köchin hat mich sehr verärgert.	feminine	La historia reciente sobre una chef famosa mimada me dejó muy molesto.	feminine
153	4400	hero	Let' s talk about the real world... where you' re not some wonderful lone wolf hero, but you' re part of a team.	male_embedding_list	OpenSubtitles	Reden wir über die reale Welt, in der du kein wunderbarer einsamer Wolfsheld bist, aber Teil eines Teams bist.	masculine	Hablemos del mundo real... donde no eres un maravilloso héroe lobo solitario, pero eres parte de un equipo.	masculine	Reden wir über die reale Welt, in der du keine wunderbare einsame Wolfsheldin bist, aber Teil eines Teams bist.	feminine	Hablemos del mundo real... donde no eres una maravillosa heroína loba solitaria, pero eres parte de un equipo.	feminine
154	1899	designer	The designer did a terrific job meshing all components of the game into a fun, immersive experience.	female_embedding_list	C4	Der Designer hat einen tollen Job gemacht, alle Komponenten des Spiels in ein lustiges, immersives Erlebnis zu vernetzen.	masculine	El diseñador hizo un excelente trabajo mezclando todos los componentes del juego en una experiencia divertida e inmersiva.	masculine	Die Designerin hat einen tollen Job gemacht, alle Komponenten des Spiels in ein lustiges, immersives Erlebnis zu vernetzen.	feminine	La diseñadora hizo un excelente trabajo mezclando todos los componentes del juego en una experiencia divertida e inmersiva.	feminine
155	3032	hairdresser	And if I don' t see you at Canal Bar tomorrow night I' m gonna sic my hairdresser on you.	female_embedding_list	OpenSubtitles	Und wenn ich dich morgen Abend nicht in der Canal Bar sehe, werde ich meinen Friseur an dir versohlen.	masculine	Y si no te veo en el Canal Bar mañana por la noche voy a sic mi peluquero en usted.	masculine	Und wenn ich dich morgen Abend nicht in der Canal Bar sehe, werde ich meine Friseurin an dir versohlen.	feminine	Y si no te veo en el Canal Bar mañana por la noche voy a sic mi peluquera en usted.	feminine
156	1402	friend	Although you may develop a close trusted relationship with your therapist, your therapist is not a paid friend, but a mental health provider dedicated to helping you live a happier life.	LLM_neutral_list	C4	Obwohl Sie eine enge vertrauensvolle Beziehung zu Ihrem Therapeuten entwickeln können, ist Ihr Therapeut kein bezahlter Freund, sondern ein geistiger Gesundheitsdienstleister, der Ihnen hilft, ein glücklicheres Leben zu führen.	masculine	Aunque usted puede desarrollar una estrecha relación de confianza con su terapeuta, su terapeuta no es un amigo pagado, sino un proveedor de salud mental dedicado a ayudarle a vivir una vida más feliz.	masculine	Obwohl Sie eine enge vertrauensvolle Beziehung zu Ihrer Therapeutin entwickeln können, ist Ihre Therapeutin keine bezahlte Freundin, sondern eine geistige Gesundheitsdienstleisterin, die Ihnen hilft, ein glücklicheres Leben zu führen.	feminine	Aunque usted puede desarrollar una estrecha relación de confianza con su terapeuta, su terapeuta no es una amiga pagada, sino una proveedora de salud mental dedicada a ayudarle a vivir una vida más feliz.	feminine
157	148	guard	Sensing this, the creature left William and waddled for a while behind the second guard.	male_embedding_list	C4	Als die Kreatur das spürte, verließ sie William und wackelte eine Weile hinter der zweiten Wache.	neutral	Sintiendo esto, la criatura dejó a William y se fue por un tiempo detrás de la segunda guardia.	feminine	Als die Kreatur das spürte, verließ sie William und wackelte eine Weile hinter der zweiten Wache.	neutral	Sintiendo esto, la criatura dejó a William y se fue por un tiempo detrás del segundo guardia.	masculine
158	3076	buddy	No way I was going to use my gun on you, buddy	male_embedding_list	OpenSubtitles	Auf keinen Fall wollte ich meine Waffe gegen dich benutzen, Kumpel.	masculine	De ninguna manera iba a usar mi arma contra ti, amigo.	masculine	Auf keinen Fall wollte ich meine Waffe gegen dich benutzen, Kumpelin.	feminine	De ninguna manera iba a usar mi arma contra ti, amiga.	feminine
159	4698	seller	That' s the one, that' s the big seller.	female_embedding_list	OpenSubtitles	Das ist es, das ist der große Verkäufer.	masculine	Esa es la única, esa es la gran vendedora.	feminine	Das ist es, das ist die große Verkäuferin.	feminine	Ese es el único, ese es el gran vendedor.	masculine
160	3160	chef	The leading banker in Amsterdam is now the pastry chef here.	LLM_female_list	OpenSubtitles	Der führende Banker in Amsterdam ist jetzt der Konditorkoch hier.	masculine	El banquero líder en Amsterdam es ahora el chef de pastelería aquí.	masculine	Die führende Bankerin in Amsterdam ist jetzt die Konditorköchin hier.	feminine	La banquera líder en Amsterdam es ahora la chef de pastelería aquí.	feminine
161	766	researcher	In this instance the study made sure that the researcher was removed from the subjects.	LLM_male_list	C4	In diesem Fall stellte die Studie sicher, dass der Forscher von den Probanden entfernt wurde.	masculine	En este caso, el estudio se aseguró de que el investigador fuera retirado de los sujetos.	masculine	In diesem Fall stellte die Studie sicher, dass die Forscherin von den Probanden entfernt wurde.	feminine	En este caso, el estudio se aseguró de que la investigadora fuera retirada de los sujetos.	feminine
162	2348	chef	They said our audience was "powerfully enthusiastic and full of love", and our chef fixed them, and I quote, "the best dang food we ever had on a tour....nice to have some home cookin' for a change!"	LLM_female_list	C4	Sie sagten, unser Publikum sei "stark enthusiastisch und voller Liebe", und unser Küchenchef reparierte sie, und ich zitiere, "das beste Essen, das wir je auf einer Tour hatten....nice, um etwas zu Hause zu kochen für eine Abwechslung!"	masculine	Dijeron que nuestra audiencia era "poderosamente entusiasta y llena de amor", y nuestro chef los arregló, y cito, "la mejor comida de mierda que hemos tenido en una gira... ¡agradable tener algo de cocina casera para variar!"	masculine	Sie sagten, unser Publikum sei "stark enthusiastisch und voller Liebe", und unsere Küchenchefin reparierte sie, und ich zitiere, "das beste Essen, das wir je auf einer Tour hatten....nice, um etwas zu Hause zu kochen für eine Abwechslung!"	feminine	Dijeron que nuestra audiencia era "poderosamente entusiasta y llena de amor", y nuestra chef los arregló, y cito, "la mejor comida de mierda que hemos tenido en una gira... ¡agradable tener algo de cocina casera para variar!"	feminine
163	2364	chef	The chef and restaurateur spent the morning on the phone ("the plan has been approved") and expects the restaurant to reopen in much the same state it was before.	LLM_female_list	C4	Der Küchenchef und Gastronom verbrachten den Morgen am Telefon ("der Plan wurde genehmigt") und erwartet, dass das Restaurant in viel dem gleichen Zustand wiedereröffnet wird, wie es vorher war.	masculine	El chef y restaurador pasaron la mañana al teléfono ("el plan ha sido aprobado") y espera que el restaurante vuelva a abrir en el mismo estado que antes.	masculine	Die Küchenchefin und Gastronom verbrachten den Morgen am Telefon ("der Plan wurde genehmigt") und erwartet, dass das Restaurant in viel dem gleichen Zustand wiedereröffnet wird, wie es vorher war.	feminine	La chef y restaurador pasaron la mañana al teléfono ("el plan ha sido aprobado") y espera que el restaurante vuelva a abrir en el mismo estado que antes.	feminine
164	3935	editor	So, who is the editor, that you sent it...?	female_embedding_list	OpenSubtitles	Also, wer ist der Redakteur, den Sie geschickt haben...?	masculine	Entonces, ¿quién es el editor, que tú lo enviaste...?	masculine	Also, wer ist die Redakteurin, der Sie geschickt haben...?	feminine	Entonces, ¿quién es la editora, que tú lo enviaste...?	feminine
165	1964	economist	You were a young economist who wrote a book about the Soviet economy.	LLM_male_list	C4	Sie waren ein junger Ökonom, der ein Buch über die sowjetische Wirtschaft schrieb.	masculine	Eras un joven economista que escribió un libro sobre la economía soviética.	masculine	Sie waren eine junge Ökonomin, die ein Buch über die sowjetische Wirtschaft schrieb.	feminine	Eras una joven economista que escribió un libro sobre la economía soviética.	feminine
166	164	ally	I feel hollow interacting with a world that assumes I’m straight, that I’m not a member of the LGBTQ+ community, but an ally.	LLM_neutral_list	C4	Ich fühle mich hohl interagiert mit einer Welt, die davon ausgeht, dass ich gerade bin, dass ich kein Mitglied der LGBTQ+-Gemeinschaft bin, sondern ein Verbündeter.	masculine	Me siento hueca interactuando con un mundo que asume que soy hetero, que no soy miembro de la comunidad LGBTQ+, sino un aliado.	masculine	Ich fühle mich hohl interagiert mit einer Welt, die davon ausgeht, dass ich gerade bin, dass ich kein Mitglied der LGBTQ+-Gemeinschaft bin, sondern eine Verbündete.	feminine	Me siento hueca interactuando con un mundo que asume que soy hetero, que no soy miembro de la comunidad LGBTQ+, sino una aliada.	feminine
167	2472	wanderer	It dropped from the wanderer who patrols the caverns off Radir Fireshower's room.	LLM_neutral_list	C4	Es fiel von dem Wanderer, der die Höhlen vor Radir Fireshowers Zimmer patrouilliert.	masculine	Se cayó del vagabundo que patrulla las cavernas de la habitación de Radir Fireshower.	masculine	Es fiel von der Wanderin, die die Höhlen vor Radir Fireshowers Zimmer patrouilliert.	feminine	Se cayó de la vagabunda que patrulla las cavernas de la habitación de Radir Fireshower.	feminine
168	4716	neighbor	You have heard it said...... you shall love your neighbor and hate your enemy.	LLM_neutral_list	OpenSubtitles	Du hast gehört, dass es heißt... du sollst deinen Nächsten lieben und deinen Feind hassen.	masculine	Lo has oído decir...... Amarás a tu prójimo y odiarás a tu enemigo.	masculine	Du hast gehört, dass es heißt... du sollst deine Nächste lieben und deinen Feind hassen.	feminine	Lo has oído decir...... Amarás a tu prójima y odiarás a tu enemigo.	feminine
169	1007	gamer	Seriously, I’m all for entrepreneurialism, but as a grown gamer, I have to be frugal with my pennies.	LLM_neutral_list	C4	Ernsthaft, ich bin alles für Unternehmergeist, aber als erwachsener Spieler muss ich mit meinen Pennies frugal sein.	masculine	En serio, estoy a favor del emprendimiento, pero como jugador adulto, tengo que ser frugal con mis centavos.	masculine	Ernsthaft, ich bin alles für Unternehmergeist, aber als erwachsene Spielerin muss ich mit meinen Pennies frugal sein.	feminine	En serio, estoy a favor del emprendimiento, pero como jugadora adulta, tengo que ser frugal con mis centavos.	feminine
170	4880	partner	If it' s a choice between having you as a partner... or as a stalker.	LLM_neutral_list	OpenSubtitles	Wenn es eine Wahl ist, dich als Partner zu haben... oder als Stalker.	masculine	Si es una elección entre tenerte como compañero... o como acosador.	masculine	Wenn es eine Wahl ist, dich als Partnerin zu haben... oder als Stalkerin.	feminine	Si es una elección entre tenerte como compañera... o como acosadora.	feminine
171	2000	counselor	Your triage counselor will be happy to talk with you about treatment options.	female_embedding_list	C4	Ihr Triage Counselor wird gerne mit Ihnen über Behandlungsmöglichkeiten sprechen.	masculine	Su consejero de triaje estará encantado de hablar con usted sobre las opciones de tratamiento.	masculine	Ihre Triage Counselor wird gerne mit Ihnen über Behandlungsmöglichkeiten sprechen.	feminine	Su consejera de triaje estará encantada de hablar con usted sobre las opciones de tratamiento.	feminine
172	3615	gardener	I realize this might be a difficult question for you to answer...... but do you feel that we have...... in your words, a very good gardener in office...... at this time?	LLM_female_list	OpenSubtitles	Mir ist klar, dass dies eine schwierige Frage für Sie sein könnte... aber glauben Sie, dass wir... in Ihren Worten einen sehr guten Gärtner im Büro haben...... in dieser Zeit?	masculine	Me doy cuenta de que esta puede ser una pregunta difícil de responder... pero ¿siente que tenemos... en sus palabras, un muy buen jardinero en el cargo...... en este momento?	masculine	Mir ist klar, dass dies eine schwierige Frage für Sie sein könnte... aber glauben Sie, dass wir... in Ihren Worten eine sehr gute Gärtnerin im Büro haben...... in dieser Zeit?	feminine	Me doy cuenta de que esta puede ser una pregunta difícil de responder... pero ¿siente que tenemos... en sus palabras, una muy buena jardinera en el cargo...... en este momento?	feminine
173	1939	engineer	The dLive with its DEEP Processing is everything you need as an engineer.”	male_embedding_list	C4	Das dLive mit seiner DEEP-Verarbeitung ist alles, was Sie als Ingenieur brauchen.	masculine	El dLive con su procesamiento DEEP es todo lo que necesitas como ingeniero”.	masculine	Das dLive mit seiner DEEP-Verarbeitung ist alles, was Sie als Ingenieurin brauchen.	feminine	El dLive con su procesamiento DEEP es todo lo que necesitas como ingeniera”.	feminine
174	4056	photographer	How do you think this photographer got this shot?	LLM_male_list	OpenSubtitles	Wie hat dieser Fotograf wohl diese Aufnahme bekommen?	masculine	¿Cómo crees que este fotógrafo consiguió esta foto?	masculine	Wie hat diese Fotografin wohl diese Aufnahme bekommen?	feminine	¿Cómo crees que esta fotógrafa consiguió esta foto?	feminine
175	1148	chief	The chief said the Delray department is using a multi-faceted drug enforcement mode that includes “Good Samaritan” laws to encourage people to report adverse drug reactions.	male_embedding_list	C4	Der Chef sagte, die Delray-Abteilung ist mit einem vielseitigen Drogen-Durchsetzungsmodus, der    . Good Samaritan . . Gesetze, um Menschen zu ermutigen, unerwünschte Arzneimittelreaktionen zu melden.	masculine	El jefe dijo que el departamento de Delray está usando un modo multifacético de represión de drogas que incluye leyes de “Buen Samaritano” para animar a la gente a reportar reacciones adversas a las drogas.	masculine	Die Chefin sagte, die Delray-Abteilung ist mit einem vielseitigen Drogen-Durchsetzungsmodus, der    . Good Samaritan . . Gesetze, um Menschen zu ermutigen, unerwünschte Arzneimittelreaktionen zu melden.	feminine	La jefe dijo que el departamento de Delray está usando un modo multifacético de represión de drogas que incluye leyes de “Buen Samaritano” para animar a la gente a reportar reacciones adversas a las drogas.	feminine
176	980	homemaker	Yes, I wanted to be a teacher, but I also wanted to be a full-time homemaker.	female_embedding_list	C4	Ja, ich wollte Lehrerin werden, aber ich wollte auch Vollzeit-Hausfrau werden.	feminine	Sí, quería ser maestra, pero también quería ser ama de casa a tiempo completo.	feminine	Ja, ich wollte Lehrer werden, aber ich wollte auch Vollzeit-Hausmann werden.	masculine	Sí, quería ser maestro, pero también quería ser amo de casa a tiempo completo.	masculine
177	307	contractor	The house was built in 1860 and the contractor over the house renovation commissioned me to do some work on different parts of the house that needed some TLC.	male_embedding_list	C4	Das Haus wurde 1860 gebaut und der Bauunternehmer über das Haus Renovierung beauftragte mich, einige Arbeiten an verschiedenen Teilen des Hauses, die etwas TLC benötigt zu tun.	masculine	La casa fue construida en 1860 y el contratista sobre la renovación de la casa me encargó hacer algunos trabajos en diferentes partes de la casa que necesitaban un poco de TLC.	masculine	Das Haus wurde 1860 gebaut und die Bauunternehmerin über das Haus Renovierung beauftragte mich, einige Arbeiten an verschiedenen Teilen des Hauses, die etwas TLC benötigt zu tun.	feminine	La casa fue construida en 1860 y la contratista sobre la renovación de la casa me encargó hacer algunos trabajos en diferentes partes de la casa que necesitaban un poco de TLC.	feminine
178	1787	captain	The captain took us through the “Tunnel of Love” and then it was off to Marina Piccola.	male_embedding_list	C4	Der Kapitän führte uns durch den Tunnel der Liebe und dann ging es nach Marina Piccola.	masculine	El capitán nos llevó a través del “Túnel del Amor” y luego se fue a Marina Piccola.	masculine	Die Kapitänin führte uns durch den Tunnel der Liebe und dann ging es nach Marina Piccola.	feminine	La capitana nos llevó a través del “Túnel del Amor” y luego se fue a Marina Piccola.	feminine
179	1852	janitor	I am writing a cozy mystery where a janitor is poisoned by the killer who mixes cleaning products.	male_embedding_list	C4	Ich schreibe ein gemütliches Geheimnis, wo ein Hausmeister von dem Mörder vergiftet wird, der Reinigungsmittel mischt.	masculine	Estoy escribiendo un misterio acogedor donde un conserje es envenenado por el asesino que mezcla productos de limpieza.	masculine	Ich schreibe ein gemütliches Geheimnis, wo eine Hausmeisterin von dem Mörder vergiftet wird, der Reinigungsmittel mischt.	feminine	Estoy escribiendo un misterio acogedor donde una conserje es envenenado por el asesino que mezcla productos de limpieza.	feminine
180	4541	scientist	Pound for pound, this big lug' s the greatest scientist on the planet.	LLM_male_list	OpenSubtitles	Pfund für Pfund, dieser große Lug ist der größte Wissenschaftler auf dem Planeten.	masculine	Libra por libra, este gran matón es el mejor científico del planeta.	masculine	Pfund für Pfund, diese große Lug ist die größte Wissenschaftlerin auf dem Planeten.	feminine	Libra por libra, esta gran matona es la mejor científica del planeta.	feminine
181	2632	donor	Later she must have borrowed some more money from someone – or came by some more aid from a generous donor – China is courting Zimbabwe for its minerals – and the system has recommenced.	female_embedding_list	C4	Später muss sie sich etwas mehr Geld von jemandem geliehen haben – oder von einem großzügigen Spender mehr Hilfe erhalten – China pfändet Simbabwe für seine Mineralien – und das System hat wieder aufgenommen.	masculine	Más tarde debió pedir prestado algo más de dinero a alguien –o vino con más ayuda de un donante generoso– China está cortejando a Zimbabue por sus minerales, y el sistema se ha reanudado.	masculine	Später muss sie sich etwas mehr Geld von jemandem geliehen haben – oder von einer großzügigen Spenderin mehr Hilfe erhalten – China pfändet Simbabwe für seine Mineralien – und das System hat wieder aufgenommen.	feminine	Más tarde debió pedir prestado algo más de dinero a alguien –o vino con más ayuda de una donante generosa– China está cortejando a Zimbabue por sus minerales, y el sistema se ha reanudado.	feminine
182	2544	assistant	David Tennant stars as an anxious teacher who starts a new job at an under-achieving school and quickly finds himself struggling to cope with a wild classroom assistant, a group of under-performing kids and his own very pregnant wife.	female_embedding_list	C4	David Tennant ist ein ängstlicher Lehrer, der einen neuen Job an einer unerreichbaren Schule antritt und sich schnell mit einem wilden Klassenzimmerassistenten, einer Gruppe von leistungsschwachen Kindern und seiner eigenen sehr schwangeren Frau auseinandersetzt.	masculine	David Tennant protagoniza como un profesor ansioso que comienza un nuevo trabajo en una escuela de bajo rendimiento y rápidamente se encuentra luchando para hacer frente a un aula salvaje asistente, un grupo de niños con bajo rendimiento y su propia esposa muy embarazada.	neutral	David Tennant ist ein ängstlicher Lehrer, der einen neuen Job an einer unerreichbaren Schule antritt und sich schnell mit einer wilden Klassenzimmerassistentin, einer Gruppe von leistungsschwachen Kindern und seiner eigenen sehr schwangeren Frau auseinandersetzt.	feminine	David Tennant protagoniza como un profesor ansioso que comienza un nuevo trabajo en una escuela de bajo rendimiento y rápidamente se encuentra luchando para hacer frente a un aula salvaje asistente, un grupo de niños con bajo rendimiento y su propia esposa muy embarazada.	neutral
183	841	poet	If you’re a poet, I encourage you to find an open mic and read your poems aloud.	LLM_female_list	C4	Wenn du ein Dichter bist, ermutige ich dich, ein offenes Mikrofon zu finden und deine Gedichte laut zu lesen.	masculine	Si eres poeta, te animo a que encuentres un micrófono abierto y leas tus poemas en voz alta.	neutral	Wenn du eine Dichterin bist, ermutige ich dich, ein offenes Mikrofon zu finden und deine Gedichte laut zu lesen.	feminine	Si eres poeta, te animo a que encuentres un micrófono abierto y leas tus poemas en voz alta.	neutral
184	3620	musician	I have a friend, a jazz musician, trumpet player.	male_embedding_list	OpenSubtitles	Ich habe einen Freund, einen Jazzmusiker, Trompeter.	masculine	Tengo un amigo, un músico de jazz, un trompetista.	masculine	Ich habe eine Freundin, eine Jazzmusikerin, Trompeterin.	feminine	Tengo una amiga, una música de jazz, una trompetista.	feminine
185	2981	idiot	Only an idiot would ask Wolfie to work on that!	male_embedding_list	OpenSubtitles	Nur ein Idiot würde Wolfie bitten, daran zu arbeiten!	masculine	¡Sólo un idiota le pediría a Wolfie que trabajara en eso!	masculine	Nur eine Idiotin würde Wolfie bitten, daran zu arbeiten!	feminine	¡Sólo una idiota le pediría a Wolfie que trabajara en eso!	feminine
186	896	companion	There is no necessitate for you to dial the multitude and deliver a call and wait unless your companion lifts the phone.	LLM_neutral_list	C4	Es ist nicht erforderlich, dass Sie die Menge anwählen und einen Anruf abliefern und warten, es sei denn, Ihr Begleiter hebt das Telefon.	masculine	No hay necesidad de que usted marque la multitud y entregar una llamada y esperar a menos que su compañero levanta el teléfono.	masculine	Es ist nicht erforderlich, dass Sie die Menge anwählen und einen Anruf abliefern und warten, es sei denn, Ihre Begleiterin hebt das Telefon.	feminine	No hay necesidad de que usted marque la multitud y entregar una llamada y esperar a menos que su compañera levanta el teléfono.	feminine
187	1965	economist	I was an economist on the big, big, huge enterprises which were producing chemicals.	LLM_male_list	C4	Ich war Ökonom bei den großen, großen Unternehmen, die Chemikalien herstellten.	masculine	Yo era economista en las grandes, grandes, grandes empresas que producían productos químicos.	neutral	Ich war Ökonomin bei den großen, großen Unternehmen, die Chemikalien herstellten.	feminine	Yo era economista en las grandes, grandes, grandes empresas que producían productos químicos.	neutral
188	1083	hairdresser	I am a fully qualified time served hairdresser and colour technician with over 35 years experience in exclusive hair salons.	female_embedding_list	C4	Ich bin eine voll qualifizierte Zeit serviert Friseur und Farbtechniker mit über 35 Jahren Erfahrung in exklusiven Friseursalons.	masculine	Soy un peluquero y técnico de color totalmente cualificado con más de 35 años de experiencia en salones de belleza exclusivos.	masculine	Ich bin eine voll qualifizierte Zeit serviert Friseurin und Farbtechnikerin mit über 35 Jahren Erfahrung in exklusiven Friseursalons.	feminine	Soy una peluquera y técnica de color totalmente cualificada con más de 35 años de experiencia en salones de belleza exclusivos.	feminine
189	3202	master	I' ve heard the master do this speech before.	male_embedding_list	OpenSubtitles	Ich habe schon mal gehört, wie der Meister diese Rede gehalten hat.	masculine	He oído al maestro hacer este discurso antes.	masculine	Ich habe schon mal gehört, wie die Meisterin diese Rede gehalten hat.	feminine	He oído a la maestra hacer este discurso antes.	feminine
190	736	manager	I worked for Apple from 2000 to 2012, where I grew from an entry-level manager to senior director at age of 35, overseeing multibillion- dollar product lines as well as handling corporate social responsibilities.	male_embedding_list	C4	Ich arbeitete für Apple von 2000 bis 2012, wo ich wuchs von einem Einstieg-Level-Manager zu Senior Director im Alter von 35, Überwachung Multimilliarden-Dollar-Produktlinien sowie Umgang mit Corporate Social Responsibilities.	masculine	Trabajé para Apple de 2000 a 2012, donde crecí de gerente de nivel inicial a director senior a los 35 años, supervisando líneas de productos multimillonarias, así como manejando responsabilidades sociales corporativas.	masculine	Ich arbeitete für Apple von 2000 bis 2012, wo ich wuchs von einer Einstieg-Level-Managerin zu Senior Director im Alter von 35, Überwachung Multimilliarden-Dollar-Produktlinien sowie Umgang mit Corporate Social Responsibilities.	feminine	Trabajé para Apple de 2000 a 2012, donde crecí de gerente de nivel inicial a directora senior a los 35 años, supervisando líneas de productos multimillonarias, así como manejando responsabilidades sociales corporativas.	feminine
191	3234	colleague	I was showing off for a colleague who doesn' t think very much of me.	LLM_neutral_list	OpenSubtitles	Ich habe für einen Kollegen vorgeführt, der nicht viel von mir hält.	masculine	Estaba presumiendo para un colega que no piensa mucho en mí.	masculine	Ich habe für eine Kollegin vorgeführt, die nicht viel von mir hält.	feminine	Estaba presumiendo para una colega que no piensa mucho en mí.	feminine
192	2615	gardener	Salt of the earth you are and a damn good gardener !	LLM_female_list	C4	Salz der Erde sind Sie und ein verdammt guter Gärtner!	masculine	¡Sal de la tierra que eres y un maldito buen jardinero!	masculine	Salz der Erde sind Sie und eine verdammt gute Gärtnerin!	feminine	¡Sal de la tierra que eres y una maldita buena jardinera!	feminine
193	3931	editor	For some reason, my editor thinks you' re a story.	female_embedding_list	OpenSubtitles	Aus irgendeinem Grund hält mein Redakteur Sie für eine Geschichte.	masculine	Por alguna razón, mi editor cree que eres una historia.	masculine	Aus irgendeinem Grund hält meine Redakteurin Sie für eine Geschichte.	feminine	Por alguna razón, mi editora cree que eres una historia.	feminine
194	2243	teen	This holiday season, deliver the cool gift your tween or teen will use and appreciate.	female_embedding_list	C4	Diese Urlaubszeit, liefern Sie das coole Geschenk, das Sie zwischen oder Teenagern verwenden und schätzen werden.	masculine	Esta temporada de vacaciones, entregar el regalo fresco que su tween o adolescente va a utilizar y apreciar.	neutral	Diese Urlaubszeit, liefern Sie das coole Geschenk, das Sie zwischen oder Teenagern verwenden und schätzen werden.	neutral	Esta temporada de vacaciones, entregar el regalo fresco que su tween o adolescente va a utilizar y apreciar.	neutral
195	4672	secretary	Your secretary' s on the phone, line one.	female_embedding_list	OpenSubtitles	Ihre Sekretärin ist am Telefon, Leitung eins.	feminine	Tu secretaria está al teléfono, línea uno.	feminine	Ihr Sekretär ist am Telefon, Leitung eins.	masculine	Tu secretario está al teléfono, línea uno.	masculine
196	2609	cashier	Also, the cashier was very nice and helpful."	female_embedding_list	C4	Auch die Kassiererin war sehr nett und hilfsbereit."	feminine	Además, el cajero fue muy amable y servicial".	masculine	Auch der Kassierer war sehr nett und hilfsbereit."	masculine	Además, la cajera fue muy amable y servicial".	feminine
197	2068	mechanic	The inspection also took more than two hours since the mechanic had to do double takes when checking the transmission and the brakes as well.	male_embedding_list	C4	Die Inspektion dauerte auch mehr als zwei Stunden, da der Mechaniker bei der Kontrolle des Getriebes und der Bremsen auch doppelt nehmen musste.	masculine	La inspección también tomó más de dos horas ya que el mecánico tuvo que hacer tomas dobles al comprobar la transmisión y los frenos también.	masculine	Die Inspektion dauerte auch mehr als zwei Stunden, da die Mechanikerin bei der Kontrolle des Getriebes und der Bremsen auch doppelt nehmen musste.	feminine	La inspección también tomó más de dos horas ya que la mecánica tuvo que hacer tomas dobles al comprobar la transmisión y los frenos también.	feminine
198	1522	athlete	Our hearts are heavy this weekend after learning about the loss of a talented high school athlete in our community.	LLM_male_list	C4	Unsere Herzen sind dieses Wochenende schwer, nachdem wir über den Verlust eines talentierten High-School-Athleten in unserer Gemeinschaft erfahren haben.	masculine	Nuestros corazones son pesados este fin de semana después de aprender sobre la pérdida de un atleta talentoso de la escuela secundaria en nuestra comunidad.	masculine	Unsere Herzen sind dieses Wochenende schwer, nachdem wir über den Verlust einer talentierten High-School-Athletin in unserer Gemeinschaft erfahren haben.	feminine	Nuestros corazones son pesados este fin de semana después de aprender sobre la pérdida de una atleta talentosa de la escuela secundaria en nuestra comunidad.	feminine
199	4424	soldier	We need you to help recruit a very special soldier for us.	male_embedding_list	OpenSubtitles	Wir brauchen Sie, um einen besonderen Soldaten für uns zu rekrutieren.	masculine	Necesitamos que nos ayudes a reclutar a un soldado muy especial para nosotros.	masculine	Wir brauchen Sie, um eine besondere Soldatin für uns zu rekrutieren.	feminine	Necesitamos que nos ayudes a reclutar a una soldado muy especial para nosotros.	feminine
200	5029	client	You' re lucky, my other client hasn' t signed the bill of sale yet.	LLM_neutral_list	OpenSubtitles	Sie haben Glück, dass mein anderer Klient den Kaufvertrag noch nicht unterschrieben hat.	masculine	Tienes suerte, mi otro cliente aún no ha firmado la factura de venta.	masculine	Sie haben Glück, dass meine andere Klientin den Kaufvertrag noch nicht unterschrieben hat.	feminine	Tienes suerte, mi otra clienta aún no ha firmado la factura de venta.	feminine
201	3939	editor	The student body finds Van so intriguing... that my editor has asked me to do an exposé on him... for the school newspaper.	female_embedding_list	OpenSubtitles	Die Schülerschaft findet Van so faszinierend, dass mein Redakteur mich gebeten hat, ein Exposé über ihn zu machen... für die Schulzeitung.	masculine	El cuerpo estudiantil encuentra a Van tan intrigante... que mi editor me ha pedido que le haga una exposición... para el periódico de la escuela.	masculine	Die Schülerschaft findet Van so faszinierend, dass meine Redakteurin mich gebeten hat, ein Exposé über ihn zu machen... für die Schulzeitung.	feminine	El cuerpo estudiantil encuentra a Van tan intrigante... que mi editora me ha pedido que le haga una exposición... para el periódico de la escuela.	feminine
202	3572	fighter	We' re callin 'the taxidermist right now for the fighter that he just laid out.	male_embedding_list	OpenSubtitles	Wir rufen den Taxidermisten für den Kämpfer an, den er gerade angelegt hat.	masculine	Estamos llamando al taxidermista ahora mismo por el luchador que acaba de presentar.	masculine	Wir rufen den Taxidermisten für die Kämpferin an, den er gerade angelegt hat.	feminine	Estamos llamando al taxidermista ahora mismo por la luchadora que acaba de presentar.	feminine
203	4944	customer	We have a customer at the dry cleaner' s... who is a custom jewelry designer.	LLM_neutral_list	OpenSubtitles	Wir haben einen Kunden bei der Reinigung, der ein maßgeschneiderter Schmuckdesigner ist.	masculine	Tenemos un cliente en la tintorería... que es un diseñador de joyas personalizado.	masculine	Wir haben eine Kundin bei der Reinigung, die eine maßgeschneiderte Schmuckdesignerin ist.	feminine	Tenemos una clienta en la tintorería... que es una diseñadora de joyas personalizado.	feminine
204	3989	coach	I' m also the coach here at the academy.	male_embedding_list	OpenSubtitles	Ich bin auch der Trainer hier an der Akademie.	masculine	También soy el entrenador aquí en la academia.	masculine	Ich bin auch die Trainerin hier an der Akademie.	feminine	También soy la entrenadora aquí en la academia.	feminine
205	969	homemaker	I enjoy being a homemaker and I really wish pastors would teach this from the pulpit.	female_embedding_list	C4	Ich genieße es, Hausfrau zu sein und ich wünschte wirklich, Pastoren würden dies von der Kanzel lehren.	feminine	Disfruto ser ama de casa y realmente deseo que los pastores enseñaran esto desde el púlpito.	feminine	Ich genieße es, Hausmann zu sein und ich wünschte wirklich, Pastoren würden dies von der Kanzel lehren.	masculine	Disfruto ser amo de casa y realmente deseo que los pastores enseñaran esto desde el púlpito.	masculine
206	2979	idiot	You know, I may not be as smart as you are, but I' m not an idiot.	male_embedding_list	OpenSubtitles	Weißt du, ich bin vielleicht nicht so klug wie du, aber ich bin kein Idiot.	masculine	Sabes, puede que no sea tan inteligente como tú, pero no soy idiota.	neutral	Weißt du, ich bin vielleicht nicht so klug wie du, aber ich bin keine Idiotin.	feminine	Sabes, puede que no sea tan inteligente como tú, pero no soy idiota.	neutral
207	3168	chef	I used to be a chef in a Korean restaurant.	LLM_female_list	OpenSubtitles	Ich war Koch in einem koreanischen Restaurant.	masculine	Solía ser chef en un restaurante coreano.	neutral	Ich war Köchin in einem koreanischen Restaurant.	feminine	Solía ser chef en un restaurante coreano.	neutral
208	3139	friend	Even though you' re my friend...... might have to report you to Doby.	LLM_neutral_list	OpenSubtitles	Obwohl du mein Freund bist... musst du dich vielleicht bei Doby melden.	masculine	Aunque seas mi amigo... quizá tengas que denunciarte a Doby.	masculine	Obwohl du meine Freundin bist... musst du dich vielleicht bei Doby melden.	feminine	Aunque seas mi amiga... quizá tengas que denunciarte a Doby.	feminine
209	3591	champion	Incredibly, the English wild card, Peter Colt, has defeated the French Open champion to advance to the third round.	male_embedding_list	OpenSubtitles	Unglaublicherweise hat die englische Wildcard, Peter Colt, den französischen Open-Champion besiegt, der in die dritte Runde vorrückt.	masculine	Increíblemente, el comodín inglés, Peter Colt, ha derrotado al campeón del Abierto de Francia para avanzar a la tercera ronda.	masculine	Unglaublicherweise hat die englische Wildcard, Peter Colt, die französische Open-Champion besiegt, die in die dritte Runde vorrückt.	feminine	Increíblemente, el comodín inglés, Peter Colt, ha derrotado a la campeona del Abierto de Francia para avanzar a la tercera ronda.	feminine
210	583	physician	To order your Pack and activate your Program, you or your physician provide us with your name, mailing address, email address, phone number, contract number, and the condition for which we will be providing you with our Services.	male_embedding_list	C4	Um Ihr Pack zu bestellen und Ihr Programm zu aktivieren, geben Sie oder Ihr Arzt uns Ihren Namen, Ihre Postanschrift, Ihre E-Mail-Adresse, Ihre Telefonnummer, Ihre Vertragsnummer und die Bedingung an, für die wir Ihnen unsere Dienstleistungen bereitstellen.	masculine	Para ordenar su Paquete y activar su Programa, usted o su médico nos proporcionará su nombre, dirección postal, dirección de correo electrónico, número de teléfono, número de contrato y la condición para la que le estaremos proporcionando nuestros Servicios.	masculine	Um Ihr Pack zu bestellen und Ihr Programm zu aktivieren, geben Sie oder Ihre Ärztin uns Ihren Namen, Ihre Postanschrift, Ihre E-Mail-Adresse, Ihre Telefonnummer, Ihre Vertragsnummer und die Bedingung an, für die wir Ihnen unsere Dienstleistungen bereitstellen.	feminine	Para ordenar su Paquete y activar su Programa, usted o su médica nos proporcionará su nombre, dirección postal, dirección de correo electrónico, número de teléfono, número de contrato y la condición para la que le estaremos proporcionando nuestros Servicios.	feminine
211	2490	veteran	Her book, A Trip to Remember, is about a WWII veteran that is going on a Hero Tour.	male_embedding_list	C4	Ihr Buch, A Trip to Remember, handelt von einem Veteranen des Zweiten Weltkriegs, der auf eine Hero Tour geht.	masculine	Su libro, Un viaje para recordar, es sobre un veterano de la Segunda Guerra Mundial que va a una gira de héroes.	masculine	Ihr Buch, A Trip to Remember, handelt von einer Veteranin des Zweiten Weltkriegs, die auf eine Hero Tour geht.	feminine	Su libro, Un viaje para recordar, es sobre una veterana de la Segunda Guerra Mundial que va a una gira de héroes.	feminine
212	627	adult	You know you're an adult when no one can stop you from drinking melted cheese.	LLM_neutral_list	C4	Du weißt, dass du erwachsen bist, wenn dich niemand davon abhalten kann, geschmolzenen Käse zu trinken.	neutral	Sabes que eres un adulto cuando nadie puede evitar que bebas queso derretido.	masculine	Du weißt, dass du erwachsen bist, wenn dich niemand davon abhalten kann, geschmolzenen Käse zu trinken.	neutral	Sabes que eres una adulta cuando nadie puede evitar que bebas queso derretido.	feminine
213	2151	occupant	You suffered injuries as an occupant of a vehicle other than a private vehicle.	LLM_neutral_list	C4	Sie erlitten Verletzungen als Insassen eines anderen Fahrzeugs als eines Privatfahrzeugs.	masculine	Usted sufrió heridas como ocupante de un vehículo distinto de un vehículo privado.	neutral	Sie erlitten Verletzungen als Insassin eines anderen Fahrzeugs als eines Privatfahrzeugs.	feminine	Usted sufrió heridas como ocupante de un vehículo distinto de un vehículo privado.	neutral
214	2961	driver	Officer, I saw the driver who hit me.	male_embedding_list	OpenSubtitles	Officer, ich habe den Fahrer gesehen, der mich geschlagen hat.	masculine	Oficial, vi al conductor que me golpeó.	masculine	Officer, ich habe die Fahrerin gesehen, die mich geschlagen hat.	feminine	Oficial, vi a la conductora que me golpeó.	feminine
215	3118	friend	And if you' re not willing to sacrifice scum like Schmidt... for those that want nothing more than their freedom, then you better take a hard look at your profession, my friend.	LLM_neutral_list	OpenSubtitles	Und wenn du nicht bereit bist, Abschaum wie Schmidt für diejenigen zu opfern, die nur ihre Freiheit wollen, dann schau dir besser deinen Beruf an, mein Freund.	masculine	Y si no estás dispuesto a sacrificar a escoria como Schmidt... por aquellos que no quieren nada más que su libertad, entonces será mejor que eches un vistazo a tu profesión, amigo mío.	masculine	Und wenn du nicht bereit bist, Abschaum wie Schmidt für diejenigen zu opfern, die nur ihre Freiheit wollen, dann schau dir besser deinen Beruf an, meine Freundin.	feminine	Y si no estás dispuesto a sacrificar a escoria como Schmidt... por aquellos que no quieren nada más que su libertad, entonces será mejor que eches un vistazo a tu profesión, amiga mía.	feminine
216	4836	counselor	And sometimes, counselor, we obey the law.	female_embedding_list	OpenSubtitles	Und manchmal, Berater, gehorchen wir dem Gesetz.	masculine	Y a veces, consejero, obedecemos la ley.	masculine	Und manchmal, Beraterin, gehorchen wir dem Gesetz.	feminine	Y a veces, consejera, obedecemos la ley.	feminine
217	4582	poet	This is a poet who lit your darkest days?	LLM_female_list	OpenSubtitles	Das ist ein Dichter, der deine dunkelsten Tage beleuchtet hat?	masculine	¿Este es un poeta que encendió tus días más oscuros?	masculine	Das ist eine Dichterin, die deine dunkelsten Tage beleuchtet hat?	feminine	¿Esta es una poeta que encendió tus días más oscuros?	feminine
218	4809	janitor	We' re looking at a janitor or a maintenance worker.	male_embedding_list	OpenSubtitles	Wir suchen einen Hausmeister oder einen Wartungshelfer.	masculine	Estamos buscando a un conserje o un trabajador de mantenimiento.	masculine	Wir suchen eine Hausmeisterin oder einen Wartungshelfer.	feminine	Estamos buscando a una conserje o un trabajador de mantenimiento.	feminine
219	4702	seller	Fortunately enough, for a water seller like you, I would guess.	female_embedding_list	OpenSubtitles	Zum Glück, für einen Wasserverkäufer wie Sie, würde ich denken.	masculine	Afortunadamente, para un vendedor de agua como tú, supongo.	masculine	Zum Glück, für eine Wasserverkäuferin wie Sie, würde ich denken.	feminine	Afortunadamente, para una vendedora de agua como tú, supongo.	feminine
220	2776	novelist	Before becoming a designer and an artisan I was a writer – art critic, columnist, copywriter, novelist.	LLM_female_list	C4	Bevor ich Designer und Handwerker wurde, war ich Schriftsteller – Kunstkritiker, Kolumnist, Texter, Schriftsteller.	masculine	Antes de convertirme en diseñador y artesano era escritor – crítico de arte, columnista, redactor, novelista.	masculine	Bevor ich Designerin und Handwerkerin wurde, war ich Schriftstellerin – Kunstkritikerin, Kolumnistin, Texterin, Schriftstellerin.	feminine	Antes de convertirme en diseñadora y artesana era escritora – crítica de arte, columnista, redactora, novelista.	feminine
221	3266	terrorist	All we' re asking in return is your cooperation... in bringing a known terrorist to justice.	male_embedding_list	OpenSubtitles	Alles, was wir im Gegenzug verlangen, ist Ihre Kooperation, einen bekannten Terroristen vor Gericht zu bringen.	masculine	Todo lo que pedimos a cambio es su cooperación... para llevar a un conocido terrorista ante la justicia.	masculine	Alles, was wir im Gegenzug verlangen, ist Ihre Kooperation, eine bekannte Terroristin vor Gericht zu bringen.	feminine	Todo lo que pedimos a cambio es su cooperación... para llevar a una conocida terrorista ante la justicia.	feminine
222	227	manager	However, as a restaurant owner and manager, it is your responsibility to ensure that your customers have easy access to information with regards to the food options that are available to them.	male_embedding_list	C4	Als Restaurant-Besitzer und Manager ist es jedoch Ihre Verantwortung, sicherzustellen, dass Ihre Kunden einen einfachen Zugang zu Informationen in Bezug auf die Lebensmitteloptionen, die ihnen zur Verfügung stehen, haben.	masculine	Sin embargo, como propietario y gerente de restaurante, es su responsabilidad asegurarse de que sus clientes tengan fácil acceso a la información con respecto a las opciones de alimentos que están disponibles para ellos.	masculine	Als Restaurant-Besitzerin und Managerin ist es jedoch Ihre Verantwortung, sicherzustellen, dass Ihre Kunden einen einfachen Zugang zu Informationen in Bezug auf die Lebensmitteloptionen, die ihnen zur Verfügung stehen, haben.	feminine	Sin embargo, como propietaria y gerente de restaurante, es su responsabilidad asegurarse de que sus clientes tengan fácil acceso a la información con respecto a las opciones de alimentos que están disponibles para ellos.	feminine
223	2179	analyst	The new card will likely appeal to Apple fans, but one analyst says it may be a tough sell in a highly competitive market.	male_embedding_list	C4	Die neue Karte wird wahrscheinlich Apple-Fans ansprechen, aber ein Analyst sagt, es könnte ein harter Verkauf in einem stark wettbewerbsorientierten Markt sein.	masculine	La nueva tarjeta probablemente atraiga a los fans de Apple, pero un analista dice que puede ser una venta difícil en un mercado altamente competitivo.	masculine	Die neue Karte wird wahrscheinlich Apple-Fans ansprechen, aber eine Analystin sagt, es könnte ein harter Verkauf in einem stark wettbewerbsorientierten Markt sein.	feminine	La nueva tarjeta probablemente atraiga a los fans de Apple, pero una analista dice que puede ser una venta difícil en un mercado altamente competitivo.	feminine
224	3819	expert	You' re an Oxford- educated archaeologist... an expert in religious icons.	LLM_neutral_list	OpenSubtitles	Sie sind ein in Oxford ausgebildeter Archäologe, Experte für religiöse Ikonen.	masculine	Eres un arqueólogo educado en Oxford... un experto en iconos religiosos.	masculine	Sie sind eine in Oxford ausgebildete Archäologin, Expertin für religiöse Ikonen.	feminine	Eres una arqueóloga educada en Oxford... una experta en iconos religiosos.	feminine
225	4833	counselor	I must say, counselor...... that' s quite a laundry list of disdain...... and one that thoroughly mischaracterizes my research.	female_embedding_list	OpenSubtitles	Ich muss sagen, Anwalt... das ist eine ziemliche Wäscheliste von Verachtung... und eine, die meine Forschungen gründlich falsch auszeichnet.	masculine	Debo decir, abogado...... que es una lista de desdén... y una que mal caracteriza mi investigación.	masculine	Ich muss sagen, Anwältin... das ist eine ziemliche Wäscheliste von Verachtung... und eine, die meine Forschungen gründlich falsch auszeichnet.	feminine	Debo decir, abogada...... que es una lista de desdén... y una que mal caracteriza mi investigación.	feminine
226	1222	author	As the author has insert this image into Uncommon Chair Cycle post section, would ease you to find the perfect match of you decor desire.	female_embedding_list	C4	Da der Autor dieses Bild in Ungewöhnlich Chair Cycle Post Abschnitt eingefügt hat, würde Ihnen erleichtern, die perfekte Übereinstimmung von Ihnen Dekor Wunsch zu finden.	masculine	Como el autor ha insertado esta imagen en la sección de Post Ciclo de silla poco común, le facilitaría encontrar la combinación perfecta de su deseo de decoración.	masculine	Da die Autorin dieses Bild in Ungewöhnlich Chair Cycle Post Abschnitt eingefügt hat, würde Ihnen erleichtern, die perfekte Übereinstimmung von Ihnen Dekor Wunsch zu finden.	feminine	Como la autora ha insertado esta imagen en la sección de Post Ciclo de silla poco común, le facilitaría encontrar la combinación perfecta de su deseo de decoración.	feminine
227	4063	photographer	Listen, hire the best photographer, and I don' t want Jenna to find out.	LLM_male_list	OpenSubtitles	Stellen Sie den besten Fotografen ein, und ich will nicht, dass Jenna es herausfindet.	masculine	Escucha, contrata al mejor fotógrafo, y no quiero que Jenna lo averigüe.	masculine	Stellen Sie die beste Fotografin ein, und ich will nicht, dass Jenna es herausfindet.	feminine	Escucha, contrata a la mejor fotógrafa, y no quiero que Jenna lo averigüe.	feminine
228	4848	counselor	I' m a counselor at this school...... and you will help me gather up this mess.	female_embedding_list	OpenSubtitles	Ich bin eine Beraterin in dieser Schule... und du wirst mir helfen, dieses Chaos zu sammeln.	feminine	Soy consejero en esta escuela... y me ayudarás a recoger este desastre.	masculine	Ich bin ein Berater in dieser Schule... und du wirst mir helfen, dieses Chaos zu sammeln.	masculine	Soy consejera en esta escuela... y me ayudarás a recoger este desastre.	feminine
229	1892	designer	Right now, the hard thing with being a young photographer and also a designer is that I’m not always in the position that people trust me and trust my ideas.	female_embedding_list	C4	Das Schwierige daran, ein junger Fotograf und auch Designer zu sein, ist, dass ich nicht immer in der Position bin, dass die Menschen mir vertrauen und meinen Ideen vertrauen.	masculine	Ahora mismo, lo difícil de ser un joven fotógrafo y también diseñador es que no siempre estoy en la posición de que la gente confía en mí y en mis ideas.	masculine	Das Schwierige daran, eine junge Fotografin und auch Designerin zu sein, ist, dass ich nicht immer in der Position bin, dass die Menschen mir vertrauen und meinen Ideen vertrauen.	feminine	Ahora mismo, lo difícil de ser una joven fotógrafa y también diseñadora es que no siempre estoy en la posición de que la gente confía en mí y en mis ideas.	feminine
230	3214	volunteer	I can be a victim, or I can be a volunteer.	LLM_neutral_list	OpenSubtitles	Ich kann ein Opfer sein, oder ich kann ein Freiwilliger sein.	masculine	Puedo ser una víctima, o puedo ser voluntaria.	feminine	Ich kann ein Opfer sein, oder ich kann eine Freiwillige sein.	feminine	Puedo ser una víctima, o puedo ser voluntario.	masculine
231	1578	pilot	President Vladimir Putin awarded him the Order of Valour medal posthumously for his role in the operation to retrieve the surviving pilot of the SU-24 plane downed by Turkey on Tuesday.	male_embedding_list	C4	Präsident Wladimir Putin verlieh ihm posthum die Tapferkeitsmedaille für seine Rolle bei der Operation, um den überlebenden Piloten des von der Türkei am Dienstag niedergeschlagenen SU-24-Flugzeugs abzuholen.	masculine	El presidente Vladimir Putin le otorgó la medalla de la Orden del Valor póstumamente por su papel en la operación para recuperar al piloto sobreviviente del avión SU-24 derribado por Turquía el martes.	masculine	Präsident Wladimir Putin verlieh ihm posthum die Tapferkeitsmedaille für seine Rolle bei der Operation, um die überlebende Pilotin des von der Türkei am Dienstag niedergeschlagenen SU-24-Flugzeugs abzuholen.	feminine	El presidente Vladimir Putin le otorgó la medalla de la Orden del Valor póstumamente por su papel en la operación para recuperar a la piloto sobreviviente del avión SU-24 derribado por Turquía el martes.	feminine
232	2895	amateur	Rather than hiding, think of yourself as a “public amateur” or a “boss-in-training”—someone who is learning and gaining expertise in the public eye.	female_embedding_list	C4	Statt sich zu verstecken, betrachte dich selbst als einen öffentlichen Amateur oder als einen "Boss-in-Training" – jemanden, der lernt und in der Öffentlichkeit Fachwissen gewinnt.	masculine	En lugar de esconderse, piense en usted mismo como un “aficionado público” o un “jefe en entrenamiento”—alguien que está aprendiendo y ganando experiencia en el ojo público.	masculine	Statt sich zu verstecken, betrachte dich selbst als eine öffentliche Amateurin oder als eine "Boss-in-Training" – jemanden, die lernt und in der Öffentlichkeit Fachwissen gewinnt.	feminine	En lugar de esconderse, piense en usted misma como una “aficionada pública” o una “jefe en entrenamiento”—alguien que está aprendiendo y ganando experiencia en el ojo público.	feminine
233	1732	soldier	It is a good thing that Americans like the soldier’s father still care about this country and have the initiative and the courage to take action.	male_embedding_list	C4	Es ist eine gute Sache, dass Amerikaner wie der Soldat Vater immer noch um dieses Land kümmern und haben die Initiative und den Mut, Maßnahmen zu ergreifen.	masculine	Es bueno que los estadounidenses como el padre del soldado todavía se preocupen por este país y tengan la iniciativa y el valor de actuar.	masculine	Es ist eine gute Sache, dass Amerikaner wie die Soldatin Vater immer noch um dieses Land kümmern und haben die Initiative und den Mut, Maßnahmen zu ergreifen.	feminine	Es bueno que los estadounidenses como el padre de la soldado todavía se preocupen por este país y tengan la iniciativa y el valor de actuar.	feminine
234	4825	visitor	Guess whose exhibit...... had another visitor last night?	LLM_neutral_list	OpenSubtitles	Rate mal, wessen Ausstellung... letzte Nacht noch einen Besucher hatte?	masculine	¿Adivina de quién tuvo otra visita anoche?	neutral	Rate mal, wessen Ausstellung... letzte Nacht noch eine Besucherin hatte?	feminine	¿Adivina de quién tuvo otra visita anoche?	neutral
235	389	expert	Though you are not an expert, if you were, you would look at other differences too.	LLM_neutral_list	C4	Obwohl Sie kein Experte sind, würden Sie, wenn Sie es wären, auch andere Unterschiede betrachten.	masculine	Aunque no eres un experto, si lo fueras, también mirarías otras diferencias.	masculine	Obwohl Sie keine Expertin sind, würden Sie, wenn Sie es wären, auch andere Unterschiede betrachten.	feminine	Aunque no eres una experta, si lo fueras, también mirarías otras diferencias.	feminine
236	1858	janitor	As I needed to go, I ducked inside and was confronted a guard, a janitor, and a vendor getting entirely too friendly (pic on the left).	male_embedding_list	C4	Als ich gehen musste, ging ich hinein und wurde mit einer Wache, einem Hausmeister und einem Verkäufer konfrontiert, der völlig zu freundlich wurde (pik links).	masculine	Como tenía que ir, me escabullé dentro y me encontré con un guardia, un conserje y un vendedor que se ponía demasiado amistoso (pic a la izquierda).	masculine	Als ich gehen musste, ging ich hinein und wurde mit einer Wache, einer Hausmeisterin und einem Verkäufer konfrontiert, der völlig zu freundlich wurde (pik links).	feminine	Como tenía que ir, me escabullé dentro y me encontré con un guardia, una conserje y un vendedor que se ponía demasiado amistoso (pic a la izquierda).	feminine
237	2653	senior	The senior finished second on the team in total assists.	female_embedding_list	C4	Der Senior belegte den zweiten Platz im Team in insgesamt Assists.	masculine	El senior terminó segundo en el equipo en asistencias totales.	masculine	Die Seniorin belegte den zweiten Platz im Team in insgesamt Assists.	feminine	La senior terminó segundo en el equipo en asistencias totales.	feminine
238	3921	student	I should make it clear that I' m a graduate student in physics.	female_embedding_list	OpenSubtitles	Ich sollte klarstellen, dass ich Physikstudent bin.	masculine	Debería dejar claro que soy un estudiante de posgrado en física.	masculine	Ich sollte klarstellen, dass ich Physikstudentin bin.	feminine	Debería dejar claro que soy una estudiante de posgrado en física.	feminine
239	1364	colleague	A colleague who teaches electrical engineering subjects has prepared a text book with a mix of English, Thai and images created in Visicalc.	LLM_neutral_list	C4	Ein Kollege, der Elektrotechnik unterrichtet, hat ein Textbuch mit einer Mischung aus Englisch, Thai und Bildern in Visicalc vorbereitet.	masculine	Un colega que enseña temas de ingeniería eléctrica ha preparado un libro de texto con una mezcla de inglés, tailandés e imágenes creadas en Visicalc.	masculine	Eine Kollegin, die Elektrotechnik unterrichtet, hat ein Textbuch mit einer Mischung aus Englisch, Thai und Bildern in Visicalc vorbereitet.	feminine	Una colega que enseña temas de ingeniería eléctrica ha preparado un libro de texto con una mezcla de inglés, tailandés e imágenes creadas en Visicalc.	feminine
240	543	terrorist	Her research and book about the kidnapping contributed to the deportation and conviction of a UK-based terrorist in a New York court in 2014.	male_embedding_list	C4	Ihre Forschung und ihr Buch über die Entführung trugen zur Abschiebung und Verurteilung eines in Großbritannien lebenden Terroristen in einem New Yorker Gericht im Jahr 2014 bei.	masculine	Su investigación y libro sobre el secuestro contribuyeron a la deportación y condena de un terrorista con sede en el Reino Unido en un tribunal de Nueva York en 2014.	masculine	Ihre Forschung und ihr Buch über die Entführung trugen zur Abschiebung und Verurteilung einer in Großbritannien lebenden Terroristin in einem New Yorker Gericht im Jahr 2014 bei.	feminine	Su investigación y libro sobre el secuestro contribuyeron a la deportación y condena de una terrorista con sede en el Reino Unido en un tribunal de Nueva York en 2014.	feminine
241	3816	expert	It doesn' t take an expert to see you' re suffering.	LLM_neutral_list	OpenSubtitles	Es braucht keinen Experten, um zu sehen, dass du leidest.	masculine	No se necesita un experto para ver que estás sufriendo.	masculine	Es braucht keine Expertin, um zu sehen, dass du leidest.	feminine	No se necesita una experta para ver que estás sufriendo.	feminine
242	2716	mover	Ensure your mover is licensed by the Department of Transportation and adequately insured.	male_embedding_list	C4	Stellen Sie sicher, dass Ihr Mover von der Transportabteilung lizenziert und angemessen versichert ist.	masculine	Asegúrese de que su conductor está autorizado por el Departamento de Transporte y asegurado adecuadamente.	masculine	Stellen Sie sicher, dass Ihre Moverin von der Transportabteilung lizenziert und angemessen versichert ist.	feminine	Asegúrese de que su conductora está autorizada por el Departamento de Transporte y asegurada adecuadamente.	feminine
243	3131	friend	They' il serve you no good, my friend.	LLM_neutral_list	OpenSubtitles	Sie dienen dir nicht, mein Freund.	masculine	No te sirven de nada, amigo mío.	masculine	Sie dienen dir nicht, meine Freundin.	feminine	No te sirven de nada, amiga mía.	feminine
244	2862	detective	You can become detective, lawyer, police officer and many others depending on your area of interest.	LLM_male_list	C4	Sie können Detektiv, Anwalt, Polizist und viele andere je nach Ihrem Interessengebiet werden.	masculine	Usted puede convertirse en detective, abogado, oficial de policía y muchos otros dependiendo de su área de interés.	masculine	Sie können Detektivin, Anwältin, Polizistin und viele andere je nach Ihrem Interessengebiet werden.	feminine	Usted puede convertirse en detective, abogada, oficial de policía y muchos otras dependiendo de su área de interés.	feminine
245	4323	adult	There' s still room around here for me to be the adult.	LLM_neutral_list	OpenSubtitles	Hier ist noch Platz für mich als Erwachsener.	masculine	Todavía hay sitio por aquí para que yo sea el adulto.	masculine	Hier ist noch Platz für mich als Erwachsene.	feminine	Todavía hay sitio por aquí para que yo sea la adulta.	feminine
246	4556	scientist	I met a dashing, handsome...... genius scientist...... and three months later, I was married.	LLM_male_list	OpenSubtitles	Ich traf einen schneidigen, hübschen... Genie-Wissenschaftler... und drei Monate später war ich verheiratet.	masculine	Conocí a un apuesto genio científico y tres meses después, me casé.	masculine	Ich traf eine schneidige, hübsche... Genie-Wissenschaftlerin... und drei Monate später war ich verheiratet.	feminine	Conocí a una apuesta genia científica y tres meses después, me casé.	feminine
247	3293	therapist	A few days ago you weren' t even sure you wanted to be a therapist.	female_embedding_list	OpenSubtitles	Vor ein paar Tagen waren Sie sich nicht einmal sicher, ob Sie Therapeutin werden wollten.	feminine	Hace unos días ni siquiera estabas seguro de querer ser terapeuta.	masculine	Vor ein paar Tagen waren Sie sich nicht einmal sicher, ob Sie Therapeut werden wollten.	masculine	Hace unos días ni siquiera estabas segura de querer ser terapeuta.	feminine
248	3636	opponent	You lose sight of your opponent, but protect your eyes.	male_embedding_list	OpenSubtitles	Du verlierst deinen Gegner aus den Augen, aber beschütze deine Augen.	masculine	Pierdes de vista a tu oponente, pero protege tus ojos.	neutral	Du verlierst deine Gegnerin aus den Augen, aber beschütze deine Augen.	feminine	Pierdes de vista a tu oponente, pero protege tus ojos.	neutral
249	4119	protege	The good news is that the head of marketing is my friend and protege.	male_embedding_list	OpenSubtitles	Die gute Nachricht ist, dass der Leiter des Marketings mein Freund und Protege ist.	masculine	La buena noticia es que el jefe de marketing es mi amigo y protegido.	masculine	Die gute Nachricht ist, dass die Leiterin des Marketings meine Freundin und Protege ist.	feminine	La buena noticia es que la jefe de marketing es mi amiga y protegida.	feminine
250	3338	detective	Is there something I can help you with detective?	LLM_male_list	OpenSubtitles	Gibt es etwas, das ich Ihnen mit Detective helfen kann?	neutral	¿Hay algo que pueda ayudarle con el detective?	masculine	Gibt es etwas, das ich Ihnen mit Detective helfen kann?	neutral	¿Hay algo que pueda ayudarle con la detective?	feminine
251	3114	friend	I' m just gonna go talk to my friend.	LLM_neutral_list	OpenSubtitles	Ich werde einfach mit meinem Freund reden.	masculine	Voy a ir a hablar con mi amigo.	masculine	Ich werde einfach mit meiner Freundin reden.	feminine	Voy a ir a hablar con mi amiga.	feminine
252	822	coordinator	Our qualified coordinator will work closely with you to make sure your banquet is absolutely flawless.	female_embedding_list	C4	Unser qualifizierter Koordinator wird eng mit Ihnen zusammenarbeiten, um sicherzustellen, dass Ihr Bankett absolut einwandfrei ist.	masculine	Nuestro coordinador cualificado trabajará estrechamente con usted para asegurarse de que su banquete es absolutamente impecable.	masculine	Unsere qualifizierte Koordinatorin wird eng mit Ihnen zusammenarbeiten, um sicherzustellen, dass Ihr Bankett absolut einwandfrei ist.	feminine	Nuestra coordinadora cualificada trabajará estrechamente con usted para asegurarse de que su banquete es absolutamente impecable.	feminine
253	1284	skipper	Linssen defiantly when another skipper expressed doubt about his idea.	male_embedding_list	C4	Linssen trotzig, als ein anderer Skipper Zweifel über seine Idee ausdrückte.	masculine	Linssen desafiante cuando otro capitán expresó dudas sobre su idea.	masculine	Linssen trotzig, als eine andere Skipperin Zweifel über seine Idee ausdrückte.	feminine	Linssen desafiante cuando otra capitana expresó dudas sobre su idea.	feminine
254	3317	writer	Well, look, sweetheart, being a writer is just as tough.	female_embedding_list	OpenSubtitles	Sieh mal, Süße, es ist genauso hart, Schriftsteller zu sein.	masculine	Bueno, mira, cariño, ser escritor es igual de duro.	masculine	Sieh mal, Süße, es ist genauso hart, Schriftstellerin zu sein.	feminine	Bueno, mira, cariño, ser escritora es igual de duro.	feminine
255	1948	engineer	But, unfortunately, as it usually happens, life took a different course, and I became an engineer rather than an actor.	male_embedding_list	C4	Aber leider, wie es normalerweise geschieht, nahm das Leben einen anderen Kurs, und ich wurde Ingenieur anstatt Schauspieler.	masculine	Pero, desafortunadamente, como suele suceder, la vida tomó un curso diferente, y me convertí en ingeniero en lugar de actor.	masculine	Aber leider, wie es normalerweise geschieht, nahm das Leben einen anderen Kurs, und ich wurde Ingenieurin anstatt Schauspielerin.	feminine	Pero, desafortunadamente, como suele suceder, la vida tomó un curso diferente, y me convertí en ingeniera en lugar de actriz.	feminine
256	381	salesperson	Our salesperson was most helpful in helping us make our selection.	male_embedding_list	C4	Unser Verkäufer war sehr hilfreich, um uns bei der Auswahl zu helfen.	masculine	Nuestro vendedor fue muy útil para ayudarnos a hacer nuestra selección.	masculine	Unsere Verkäuferin war sehr hilfreich, um uns bei der Auswahl zu helfen.	feminine	Nuestra vendedora fue muy útil para ayudarnos a hacer nuestra selección.	feminine
257	3524	leader	You are never going to find the kind of relationship that I know you want... and you are never going to be the kind of spiritual leader that you could be... until you learn to put a little faith in other people.	male_embedding_list	OpenSubtitles	Du wirst nie die Art von Beziehung finden, die ich weiß, dass du willst, und du wirst nie die Art von spirituellem Führer sein, die du sein könntest, bis du lernst, ein wenig Vertrauen in andere Menschen zu setzen.	masculine	Nunca vas a encontrar el tipo de relación que sé que quieres... y nunca vas a ser el tipo de líder espiritual que podrías ser... hasta que aprendas a poner un poco de fe en otras personas.	neutral	Du wirst nie die Art von Beziehung finden, die ich weiß, dass du willst, und du wirst nie die Art von spiritueller Führerin sein, die du sein könntest, bis du lernst, ein wenig Vertrauen in andere Menschen zu setzen.	feminine	Nunca vas a encontrar el tipo de relación que sé que quieres... y nunca vas a ser el tipo de líder espiritual que podrías ser... hasta que aprendas a poner un poco de fe en otras personas.	neutral
258	4525	publisher	We need to get to Live at 5 for a wrestling demonstration...... then there' s a cocktail party at your publisher' s apartment.	LLM_male_list	OpenSubtitles	Wir müssen um fünf nach Live für eine Ringkampfdemonstration, dann gibt es eine Cocktailparty in der Wohnung Ihres Verlegers.	masculine	Tenemos que llegar a vivir a las 5 para una demostración de lucha libre... y luego hay una fiesta en el apartamento de tu editor.	masculine	Wir müssen um fünf nach Live für eine Ringkampfdemonstration, dann gibt es eine Cocktailparty in der Wohnung Ihrer Verlegererin.	feminine	Tenemos que llegar a vivir a las 5 para una demostración de lucha libre... y luego hay una fiesta en el apartamento de tu editora.	feminine
259	174	ally	This project taught me a lot about, helped me find greater understanding about, defining gender, queer culture, and language―and what it means to be an ally.	LLM_neutral_list	C4	Dieses Projekt hat mir viel beigebracht, hat mir geholfen, mehr Verständnis darüber zu finden, Geschlecht, Queer-Kultur und Sprache zu definieren – und was es bedeutet, ein Verbündeter zu sein.	masculine	Este proyecto me enseñó mucho sobre, me ayudó a encontrar una mayor comprensión sobre, definir el género, la cultura y el idioma marica, y lo que significa ser un aliado.	masculine	Dieses Projekt hat mir viel beigebracht, hat mir geholfen, mehr Verständnis darüber zu finden, Geschlecht, Queer-Kultur und Sprache zu definieren – und was es bedeutet, eine Verbündete zu sein.	feminine	Este proyecto me enseñó mucho sobre, me ayudó a encontrar una mayor comprensión sobre, definir el género, la cultura y el idioma marica, y lo que significa ser una aliada.	feminine
260	2873	detective	A detective investigates aseemingly wholesome member of the community when an 11-year-old boy’s body is found.	LLM_male_list	C4	Ein Detektiv untersucht scheinbar gesundes Mitglied der Gemeinde, wenn ein 11-jähriger Junge gefunden wird.	masculine	Un detective investiga a un miembro aparentemente sano de la comunidad cuando se encuentra el cuerpo de un niño de 11 años.	masculine	Eine Detektivin untersucht scheinbar gesundes Mitglied der Gemeinde, wenn ein 11-jähriger Junge gefunden wird.	feminine	Una detective investiga a un miembro aparentemente sano de la comunidad cuando se encuentra el cuerpo de un niño de 11 años.	feminine
261	1468	stylist	Book an appointment with your stylist at least four months before your special event.	female_embedding_list	C4	Buchen Sie einen Termin mit Ihrem Stylisten mindestens vier Monate vor Ihrer besonderen Veranstaltung.	masculine	Reserve una cita con su estilista al menos cuatro meses antes de su evento especial.	neutral	Buchen Sie einen Termin mit Ihrer Stylistin mindestens vier Monate vor Ihrer besonderen Veranstaltung.	feminine	Reserve una cita con su estilista al menos cuatro meses antes de su evento especial.	neutral
262	4497	virgin	For I am a virgin...... and could never...... go all the way.	female_embedding_list	OpenSubtitles	Denn ich bin eine Jungfrau... und könnte nie... den ganzen Weg gehen.	neutral	Porque soy virgen... y nunca podría...... ir hasta el final.	neutral	Denn ich bin eine Jungfrau... und könnte nie... den ganzen Weg gehen.	neutral	Porque soy virgen... y nunca podría...... ir hasta el final.	neutral
263	366	citizen	I'm a happy Idaho senior citizen with many exciting life experiences to write about.	LLM_neutral_list	C4	Ich bin ein glücklicher Idaho Senior Citizen mit vielen spannenden Lebenserfahrungen zu schreiben.	masculine	Soy un ciudadano mayor feliz de Idaho con muchas experiencias de vida emocionantes sobre las que escribir.	masculine	Ich bin eine glückliche Idaho Senior Citizen mit vielen spannenden Lebenserfahrungen zu schreiben.	feminine	Soy una ciudadana mayor feliz de Idaho con muchas experiencias de vida emocionantes sobre las que escribir.	feminine
264	798	secretary	The secretary of state said the question for those on the street was "how we get from where we are to where they want to be", that it would "take time, it's unlikely to be done overnight without grave consequences".	female_embedding_list	C4	Der Staatssekretär sagte, die Frage für die auf der Straße sei "wie wir von wo wir sind, wo sie sein wollen", dass es "Zeit nehmen würde, es ist unwahrscheinlich, dass es über Nacht ohne schwerwiegende Folgen getan werden".	masculine	El secretario de Estado dijo que la pregunta para los de la calle era "cómo llegamos de donde estamos a donde quieren estar", que "tomaría tiempo, es poco probable que se haga de la noche a la mañana sin graves consecuencias".	masculine	Die Staatssekretärin sagte, die Frage für die auf der Straße sei "wie wir von wo wir sind, wo sie sein wollen", dass es "Zeit nehmen würde, es ist unwahrscheinlich, dass es über Nacht ohne schwerwiegende Folgen getan werden".	feminine	La secretaria de Estado dijo que la pregunta para los de la calle era "cómo llegamos de donde estamos a donde quieren estar", que "tomaría tiempo, es poco probable que se haga de la noche a la mañana sin graves consecuencias".	feminine
265	387	salesperson	You may wonder why your “best salesperson” left your dealership or why you keep investing in people who don’t stay.	male_embedding_list	C4	Sie können sich wundern, warum Ihr bestes Verkäufer , verlassen Sie Ihr Händlerhaus oder warum Sie halten in Menschen investieren, die nicht bleiben.	masculine	Usted puede preguntarse por qué su “mejor vendedor” dejó su concesionario o por qué sigue invirtiendo en las personas que no se quedan.	masculine	Sie können sich wundern, warum Ihre beste Verkäuferin , verlassen Sie Ihr Händlerhaus oder warum Sie halten in Menschen investieren, die nicht bleiben.	feminine	Usted puede preguntarse por qué su “mejora vendedora” dejó su concesionario o por qué sigue invirtiendo en las personas que no se quedan.	feminine
266	1679	client	Along with the illustrator, I researched and created mood boards for the subject matter, and then developed and presented three design concepts for the client.	LLM_neutral_list	C4	Zusammen mit dem Illustrator habe ich für das Thema Stimmungstafeln recherchiert und erstellt und dann drei Designkonzepte für den Auftraggeber entwickelt und vorgestellt.	masculine	Junto con el ilustrador, investigué y creé tableros de humor para el tema, y luego desarrollé y presenté tres conceptos de diseño para el cliente.	masculine	Zusammen mit dem Illustrator habe ich für das Thema Stimmungstafeln recherchiert und erstellt und dann drei Designkonzepte für die Auftraggeberin entwickelt und vorgestellt.	feminine	Junto con el ilustrador, investigué y creé tableros de humor para el tema, y luego desarrollé y presenté tres conceptos de diseño para la clienta.	feminine
267	122	photographer	I’ll have more to share once I steal more photos from my mom, we get our photos back from our photographer, and I download the honeymoon photos.	LLM_male_list	C4	Ich werde mehr zu teilen haben, sobald ich mehr Fotos von meiner Mutter stehle, bekommen wir unsere Fotos zurück von unserem Fotografen, und ich downloade die Flitterwochenfotos.	masculine	Voy a tener más que compartir una vez que robe más fotos de mi mamá, obtenemos nuestras fotos de nuestro fotógrafo, y descargo las fotos de luna de miel.	masculine	Ich werde mehr zu teilen haben, sobald ich mehr Fotos von meiner Mutter stehle, bekommen wir unsere Fotos zurück von unserer Fotografin, und ich downloade die Flitterwochenfotos.	feminine	Voy a tener más que compartir una vez que robe más fotos de mi mamá, obtenemos nuestras fotos de nuestra fotógrafa, y descargo las fotos de luna de miel.	feminine
268	4564	poet	The poet has received a mountain of mail these last two days.	LLM_female_list	OpenSubtitles	Der Dichter hat in den letzten zwei Tagen einen Berg der Post erhalten.	masculine	El poeta ha recibido una montaña de correo estos dos últimos días.	masculine	Die Dichterin hat in den letzten zwei Tagen einen Berg der Post erhalten.	feminine	La poeta ha recibido una montaña de correo estos dos últimos días.	feminine
269	2011	counselor	I am a counselor, an educator, a speaker, an author, and a consultant.	female_embedding_list	C4	Ich bin Berater, Erzieher, Redner, Autor und Berater.	masculine	Soy un consejero, un educador, un orador, un autor y un consultor.	masculine	Ich bin Beraterin, Erzieherin, Rednerin, Autorin und Beraterin.	feminine	Soy una consejera, una educadora, una oradora, una autora y una consultora.	feminine
270	3724	journalist	As a journalist, I should get to know the city that I' m covering.	LLM_male_list	OpenSubtitles	Als Journalist sollte ich die Stadt kennenlernen, die ich bedecke.	masculine	Como periodista, debería conocer la ciudad que estoy cubriendo.	neutral	Als Journalistin sollte ich die Stadt kennenlernen, die ich bedecke.	feminine	Como periodista, debería conocer la ciudad que estoy cubriendo.	neutral
271	2610	cashier	Don’t get me wrong…answers like this may get you the job…as a cashier or barista.	female_embedding_list	C4	Versteh mich nicht falsch...Antworten wie diese können dir den Job verschaffen... als Kassierer oder Barista.	masculine	No me malinterpretes... las respuestas como esta pueden conseguirte el trabajo... como cajera o barista.	feminine	Versteh mich nicht falsch...Antworten wie diese können dir den Job verschaffen... als Kassiererin oder Barista.	feminine	No me malinterpretes... las respuestas como esta pueden conseguirte el trabajo... como cajero o barista.	masculine
272	1527	athlete	I’ve been an athlete since 7th grade track and I don’t think I have ever had anything that just flat out won’t heal.	LLM_male_list	C4	Ich war Sportler seit der 7. Klasse und ich glaube nicht, dass ich jemals etwas gehabt habe, das nur flach aus won-t heilen konnte.	masculine	He sido un atleta desde el séptimo grado de la pista y no creo que haya tenido nunca nada que simplemente plana hacia fuera no sanará.	masculine	Ich war Sportlerin seit der 7. Klasse und ich glaube nicht, dass ich jemals etwas gehabt habe, das nur flach aus won-t heilen konnte.	feminine	He sido una atleta desde el séptimo grado de la pista y no creo que haya tenido nunca nada que simplemente plana hacia fuera no sanará.	feminine
273	2498	veteran	I’m a veteran of both conflicts, and I admit that they have come to exhaust my attention span, too.	male_embedding_list	C4	Ich bin ein Veteran beider Konflikte, und ich gebe zu, dass sie gekommen sind, um meine Aufmerksamkeitsspanne zu erschöpfen.	masculine	Soy un veterano de ambos conflictos, y admito que ellos también han llegado a agotar mi espacio de atención.	masculine	Ich bin eine Veteranin beider Konflikte, und ich gebe zu, dass sie gekommen sind, um meine Aufmerksamkeitsspanne zu erschöpfen.	feminine	Soy una veterana de ambos conflictos, y admito que ellos también han llegado a agotar mi espacio de atención.	feminine
274	1215	author	The author argues against top-down efforts to suppress randomness and states that fragility should not be avoided.	female_embedding_list	C4	Der Autor argumentiert gegen Top-down-Bemühungen, Randomness zu unterdrücken und erklärt, dass Fragilität nicht vermieden werden sollte.	masculine	El autor argumenta en contra de los esfuerzos de arriba abajo para suprimir la aleatoriedad y afirma que la fragilidad no debe evitarse.	masculine	Die Autorin argumentiert gegen Top-down-Bemühungen, Randomness zu unterdrücken und erklärt, dass Fragilität nicht vermieden werden sollte.	feminine	La autora argumenta en contra de los esfuerzos de arriba abajo para suprimir la aleatoriedad y afirma que la fragilidad no debe evitarse.	feminine
275	38	volunteer	Thus, your main role in this project as a GWC volunteer would be to train and teach local people about community plantation and environmental conservation.	LLM_neutral_list	C4	Ihre Hauptaufgabe in diesem Projekt als GWC-Freiwilliger wäre es also, lokale Menschen über die Gemeindeplantage und den Umweltschutz auszubilden und zu unterrichten.	masculine	Por lo tanto, su papel principal en este proyecto como voluntario de GWC sería capacitar y enseñar a la gente local acerca de la plantación comunitaria y la conservación del medio ambiente.	masculine	Ihre Hauptaufgabe in diesem Projekt als GWC-Freiwillige wäre es also, lokale Menschen über die Gemeindeplantage und den Umweltschutz auszubilden und zu unterrichten.	feminine	Por lo tanto, su papel principal en este proyecto como voluntaria de GWC sería capacitar y enseñar a la gente local acerca de la plantación comunitaria y la conservación del medio ambiente.	feminine
276	3152	employee	I' il be more than happy to take the rap on this...... on behalf of myself and every other employee you rear- ended this Christmas.	LLM_neutral_list	OpenSubtitles	Ich bin mehr als glücklich, das zu vergewaltigen... im Namen von mir und jedem anderen Angestellten, den du hinter dir hast, endete dieses Weihnachten.	masculine	Estoy más que feliz de tomar la culpa de esto... en nombre de mí y de todos los empleados que retaguardias... terminó esta Navidad.	masculine	Ich bin mehr als glücklich, das zu vergewaltigen... im Namen von mir und jeder anderen Angestellten, die du hinter dir hast, endete dieses Weihnachten.	feminine	Estoy más que feliz de tomar la culpa de esto... en nombre de mí y de todas las empleadas que retaguardias... terminó esta Navidad.	feminine
277	4522	publisher	The publisher thinks the drawings are too rudimentary and there are too few of them.	LLM_male_list	OpenSubtitles	Der Verleger hält die Zeichnungen für zu rudimentär und es gibt zu wenige von ihnen.	masculine	El editor cree que los dibujos son demasiado rudimentarios y que son muy pocos.	masculine	Die Verlegerin hält die Zeichnungen für zu rudimentär und es gibt zu wenige von ihnen.	feminine	La editora cree que los dibujos son demasiado rudimentarios y que son muy pocos.	feminine
278	3000	idiot	I can see you' re not an idiot.	male_embedding_list	OpenSubtitles	Ich sehe, du bist kein Idiot.	masculine	Veo que no eres idiota.	neutral	Ich sehe, du bist keine Idiotin.	feminine	Veo que no eres idiota.	neutral
279	887	carpenter	Luckily, the next day, we had our carpenter in to complete a work order.	male_embedding_list	C4	Zum Glück hatten wir am nächsten Tag unseren Zimmermann, um einen Arbeitsauftrag zu erfüllen.	masculine	Por suerte, al día siguiente, tuvimos a nuestro carpintero para completar una orden de trabajo.	masculine	Zum Glück hatten wir am nächsten Tag unsere Zimmerfrau, um einen Arbeitsauftrag zu erfüllen.	feminine	Por suerte, al día siguiente, tuvimos a nuestra carpintera para completar una orden de trabajo.	feminine
280	1886	singer	Although I do need to work a lot to become a great singer on stage, Barb has taught me a great deal and has made me realize it takes a lot of hard work to be a top notch stage performer.	LLM_female_list	C4	Obwohl ich viel arbeiten muss, um ein großer Sänger auf der Bühne zu werden, hat mir Barb viel beigebracht und mir klargemacht, dass es eine Menge harter Arbeit braucht, um ein bester Bühnenkünstler zu sein.	masculine	Aunque necesito trabajar mucho para convertirme en un gran cantante en el escenario, Barb me ha enseñado mucho y me ha hecho darme cuenta de que se necesita mucho trabajo para ser un actor de primera categoría.	masculine	Obwohl ich viel arbeiten muss, um eine große Sängerin auf der Bühne zu werden, hat mir Barb viel beigebracht und mir klargemacht, dass es eine Menge harter Arbeit braucht, um eine beste Bühnenkünstlerin zu sein.	feminine	Aunque necesito trabajar mucho para convertirme en una gran cantante en el escenario, Barb me ha enseñado mucho y me ha hecho darme cuenta de que se necesita mucho trabajo para ser una actriz de primera categoría.	feminine
281	4110	director	I really wanted to put your mind at ease... that just because I' m the director' s significant other, I can still act.	LLM_male_list	OpenSubtitles	Ich wollte Sie wirklich beruhigen, nur weil ich der bedeutende andere Direktor bin, kann ich immer noch handeln.	masculine	Realmente quería tranquilizarte... que sólo porque soy el otro importante del director, todavía puedo actuar.	masculine	Ich wollte Sie wirklich beruhigen, nur weil ich die bedeutende andere Direktorin bin, kann ich immer noch handeln.	feminine	Realmente quería tranquilizarte... que sólo porque soy el otro importante de la directora, todavía puedo actuar.	feminine
282	3272	terrorist	There was a gun fight in the nearby building resulting.... in a terrorist' s arrest.	male_embedding_list	OpenSubtitles	Es gab einen Waffenkampf im nahegelegenen Gebäude, der zu einer Verhaftung eines Terroristen führte.	masculine	Hubo un tiroteo en el edificio cercano resultando... en el arresto de un terrorista.	masculine	Es gab einen Waffenkampf im nahegelegenen Gebäude, der zu einer Verhaftung einer Terroristin führte.	feminine	Hubo un tiroteo en el edificio cercano resultando... en el arresto de una terrorista.	feminine
283	5030	client	Do you still represent that dodgy client in Amsterdam?	LLM_neutral_list	OpenSubtitles	Vertreten Sie immer noch diesen dodgy Mandanten in Amsterdam?	masculine	¿Sigues representando a ese sucio cliente en Amsterdam?	masculine	Vertreten Sie immer noch diese dodgy Mandantin in Amsterdam?	feminine	¿Sigues representando a esa sucia clienta en Amsterdam?	feminine
284	1146	chief	According to the labor chief, this group will not be the last to be repatriated to the Philippines.	male_embedding_list	C4	Nach Angaben des Arbeitschefs wird diese Gruppe nicht die letzte sein, die auf die Philippinen zurückgeführt wird.	masculine	Según el jefe laboral, este grupo no será el último en ser repatriado a Filipinas.	masculine	Nach Angaben der Arbeitschefin wird diese Gruppe nicht die letzte sein, die auf die Philippinen zurückgeführt wird.	feminine	Según la jefe laboral, este grupo no será el último en ser repatriado a Filipinas.	feminine
285	1063	opponent	In our game, you’ll find it a lot easier to put together a deck of your preference to defeat your opponent.	male_embedding_list	C4	In unserem Spiel findest du es viel einfacher, ein Deck deiner Vorliebe zusammenzustellen, um deinen Gegner zu besiegen.	masculine	En nuestro juego, encontrarás mucho más fácil armar una baraja de tu preferencia para derrotar a tu oponente.	neutral	In unserem Spiel findest du es viel einfacher, ein Deck deiner Vorliebe zusammenzustellen, um deine Gegnerin zu besiegen.	feminine	En nuestro juego, encontrarás mucho más fácil armar una baraja de tu preferencia para derrotar a tu oponente.	neutral
286	1848	janitor	The reason I felt that way, was because deep in the ugly parts of my heart, I felt that I was better than a janitor and wanted a total stranger to know that.	male_embedding_list	C4	Der Grund, warum ich mich so fühlte, war, weil ich tief in den hässlichen Teilen meines Herzens fühlte, dass ich besser war als ein Hausmeister und wollte, dass ein völlig Fremder das weiß.	masculine	La razón por la que me sentía de esa manera, era porque en lo profundo de las partes feas de mi corazón, sentía que era mejor que un conserje y quería que un completo extraño lo supiera.	masculine	Der Grund, warum ich mich so fühlte, war, weil ich tief in den hässlichen Teilen meines Herzens fühlte, dass ich besser war als eine Hausmeisterin und wollte, dass ein völlig Fremder das weiß.	feminine	La razón por la que me sentía de esa manera, era porque en lo profundo de las partes feas de mi corazón, sentía que era mejor que una conserje y quería que un completo extraño lo supiera.	feminine
287	3830	expert	Listen, I' m no expert, but wouldn' t a couch in a headshrinker' s office be more comfortable?	LLM_neutral_list	OpenSubtitles	Hör zu, ich bin kein Experte, aber wäre eine Couch in einem Kopfschrumpfer-Büro bequemer?	masculine	Escucha, no soy un experto, pero ¿no sería más cómodo un sofá en la oficina de un bebedor de cabezas?	masculine	Hör zu, ich bin keine Expertin, aber wäre eine Couch in einem Kopfschrumpfer-Büro bequemer?	feminine	Escucha, no soy una experta, pero ¿no sería más cómodo un sofá en la oficina de un bebedor de cabezas?	feminine
288	3959	assistant	As our newest legislative assistant... will be spearheading a campaign under your committee...	female_embedding_list	OpenSubtitles	Als unsere neueste gesetzgebende Assistentin... wird sie eine Kampagne unter Ihrem Ausschuss anführen...	feminine	Como nuestro nuevo asistente legislativo... estará encabezando una campaña bajo su comité...	masculine	Als unser neuester gesetzgebender Assistent... wird er eine Kampagne unter Ihrem Ausschuss anführen...	masculine	Como nuestra nueva asistente legislativa... estará encabezando una campaña bajo su comité...	feminine
289	66	technician	The technician pointed out some of the bands for us.	LLM_male_list	C4	Der Techniker wies auf einige der Bands für uns hin.	masculine	El técnico señaló algunas de las bandas para nosotros.	masculine	Die Technikerin wies auf einige der Bands für uns hin.	feminine	La técnica señaló algunas de las bandas para nosotros.	feminine
290	3157	chef	I was telling your mother about... the chef I hired to cater the rehearsal dinner.	LLM_female_list	OpenSubtitles	Ich habe deiner Mutter von dem Koch erzählt, den ich für das Probeessen eingestellt habe.	masculine	Le estaba contando a tu madre sobre... el chef que contraté para atender la cena de ensayo.	masculine	Ich habe deiner Mutter von der Köchin erzählt, die ich für das Probeessen eingestellt habe.	feminine	Le estaba contando a tu madre sobre... La chef que contraté para atender la cena de ensayo.	feminine
291	4958	dancer	Listen, I can' t make you a great dancer.	female_embedding_list	OpenSubtitles	Hör zu, ich kann dich nicht zu einer tollen Tänzerin machen.	feminine	Escucha, no puedo hacerte una gran bailarina.	feminine	Hör zu, ich kann dich nicht zu einem tollen Tänzer machen.	masculine	Escucha, no puedo hacerte un gran bailarín.	masculine
292	2858	detective	Her book will teach you how to be a detective and figure out what part of the sense is causing your son most distress.	LLM_male_list	C4	Ihr Buch wird Ihnen beibringen, wie man Detektiv ist und herausfinden, welcher Teil des Sinnes Ihren Sohn am meisten bedrückt.	masculine	Su libro te enseñará cómo ser detective y averiguar qué parte del sentido está causando más angustia a tu hijo.	neutral	Ihr Buch wird Ihnen beibringen, wie man Detektivin ist und herausfinden, welcher Teil des Sinnes Ihren Sohn am meisten bedrückt.	feminine	Su libro te enseñará cómo ser detective y averiguar qué parte del sentido está causando más angustia a tu hijo.	neutral
293	359	citizen	Like, "I just went to become a citizen" and I'm like, "No.	LLM_neutral_list	C4	"Ich bin nur ein Bürger geworden" und ich sage: "Nein.	masculine	Como, "Sólo fui a convertirme en ciudadano" y yo estaba como, "No.	masculine	"Ich bin nur eine Bürgerin geworden" und ich sage: "Nein.	feminine	Como, "Sólo fui a convertirme en ciudadana" y yo estaba como, "No.	feminine
294	2612	cashier	When we went up to order, we informed the cashier that we were vegan (always a good idea!), and they got out a cheat sheet that listed all of the items that were vegan, as well as those that were gluten-free.	female_embedding_list	C4	Als wir auf Bestellung gingen, informierten wir den Kassierer, dass wir vegan waren (immer eine gute Idee!), und sie bekamen ein Cheat-Sheet, das alle veganen und glutenfreien Gegenstände auflistete.	masculine	Cuando subimos a la orden, le informamos al cajero que éramos veganos (¡siempre una buena idea!), y sacaron una hoja de trucos que enumeraba todos los artículos que eran veganos, así como los que eran sin gluten.	masculine	Als wir auf Bestellung gingen, informierten wir die Kassiererin, dass wir vegan waren (immer eine gute Idee!), und sie bekamen ein Cheat-Sheet, das alle veganen und glutenfreien Gegenstände auflistete.	feminine	Cuando subimos a la orden, le informamos a la cajera que éramos veganos (¡siempre una buena idea!), y sacaron una hoja de trucos que enumeraba todos los artículos que eran veganos, así como los que eran sin gluten.	feminine
295	5034	client	My client wants the public to know the truth.	LLM_neutral_list	OpenSubtitles	Mein Mandant will, dass die Öffentlichkeit die Wahrheit erfährt.	masculine	Mi cliente quiere que el público sepa la verdad.	neutral	Meine Mandantin will, dass die Öffentlichkeit die Wahrheit erfährt.	feminine	Mi cliente quiere que el público sepa la verdad.	neutral
296	1947	engineer	You know, it takes a lot of time of my sales to transfer their engineer's mind by emails.	male_embedding_list	C4	Weißt du, es braucht viel Zeit von meinem Verkauf, um den Verstand ihres Ingenieurs per E-Mail zu übertragen.	masculine	Sabes, toma mucho tiempo de mis ventas transferir la mente de su ingeniero por emails.	masculine	Weißt du, es braucht viel Zeit von meinem Verkauf, um den Verstand ihrer Ingenieurin per E-Mail zu übertragen.	feminine	Sabes, toma mucho tiempo de mis ventas transferir la mente de su ingeniera por emails.	feminine
297	900	companion	Your impulse will be to block the fork of your companion, but consider the steak you just ate.	LLM_neutral_list	C4	Ihr Impuls wird sein, die Gabel Ihres Begleiters zu blockieren, aber betrachten Sie das Steak, das Sie gerade gegessen haben.	masculine	Tu impulso será bloquear el tenedor de tu compañero, pero considera el filete que acabas de comer.	masculine	Ihr Impuls wird sein, die Gabel Ihrer Begleiterin zu blockieren, aber betrachten Sie das Steak, das Sie gerade gegessen haben.	feminine	Tu impulso será bloquear el tenedor de tu compañera, pero considera el filete que acabas de comer.	feminine
298	442	financier	Sectors like retail and real estate have been hit after debt defaults by a troubled financier forced many shadow banks to curtail lending when their own borrowing costs surged.	male_embedding_list	C4	Branchen wie Einzelhandel und Immobilien wurden getroffen, nachdem Schuldenausfälle durch einen unruhigen Finanzier viele Schattenbanken gezwungen wurden, die Kreditvergabe zu kürzen, wenn ihre eigenen Kreditkosten stiegen.	masculine	Sectores como el minorista y los bienes raíces han sido golpeados después de los impagos de deuda por un financiero problemático obligó a muchos bancos en la sombra a restringir los préstamos cuando sus propios costos de endeudamiento aumentaron.	masculine	Branchen wie Einzelhandel und Immobilien wurden getroffen, nachdem Schuldenausfälle durch eine unruhige Finanzerin viele Schattenbanken gezwungen wurden, die Kreditvergabe zu kürzen, wenn ihre eigenen Kreditkosten stiegen.	feminine	Sectores como el minorista y los bienes raíces han sido golpeados después de los impagos de deuda por una financiera problemática obligó a muchos bancos en la sombra a restringir los préstamos cuando sus propios costos de endeudamiento aumentaron.	feminine
299	1462	stylist	First off, the stylist who did my hair came off as rude and kept complaining about how long it took to do my hair.	female_embedding_list	C4	Zuerst ging der Stylist, der meine Haare machte, als unhöflich aus und beschwerte sich ständig darüber, wie lange es dauerte, um meine Haare zu machen.	masculine	En primer lugar, el estilista que me peinaba se puso grosero y se quejaba de cuánto tiempo me tomaba el pelo.	masculine	Zuerst ging die Stylistin, die meine Haare machte, als unhöflich aus und beschwerte sich ständig darüber, wie lange es dauerte, um meine Haare zu machen.	feminine	En primer lugar, la estilista que me peinaba se puso grosera y se quejaba de cuánto tiempo me tomaba el pelo.	feminine
300	4139	officer	The officer wants to know if you' re afraid.	male_embedding_list	OpenSubtitles	Der Officer will wissen, ob Sie Angst haben.	masculine	El oficial quiere saber si tienes miedo.	masculine	Die Officer will wissen, ob Sie Angst haben.	feminine	La oficial quiere saber si tienes miedo.	feminine
301	4734	captain	Well, captain, believe me, we would not be here...... if it weren' t seriously, utterly important.	male_embedding_list	OpenSubtitles	Nun, Captain, glauben Sie mir, wir wären nicht hier... wenn es nicht ernst, absolut wichtig wäre.	neutral	Bueno, capitán, créame, no estaríamos aquí... si no fuera en serio, absolutamente importante.	neutral	Nun, Captain, glauben Sie mir, wir wären nicht hier... wenn es nicht ernst, absolut wichtig wäre.	neutral	Bueno, capitán, créame, no estaríamos aquí... si no fuera en serio, absolutamente importante.	neutral
302	2593	observer	The member of the dyad designated as the interviewer for that participant conducted the interview, but the observer was allowed to ask additional questions at the end of the interview.	LLM_neutral_list	C4	Das als Interviewer für den Teilnehmer benannte Mitglied der Dyad führte das Interview durch, aber der Beobachter durfte am Ende des Interviews weitere Fragen stellen.	masculine	El miembro de la dyad designado como entrevistador para ese participante realizó la entrevista, pero el observador pudo hacer preguntas adicionales al final de la entrevista.	masculine	Das als Interviewer für den Teilnehmer benannte Mitglied der Dyad führte das Interview durch, aber die Beobachterin durfte am Ende des Interviews weitere Fragen stellen.	feminine	El miembro de la dyad designado como entrevistador para ese participante realizó la entrevista, pero la observadora pudo hacer preguntas adicionales al final de la entrevista.	feminine
303	4607	minister	All right, at least you managed to convince the minister.	male_embedding_list	OpenSubtitles	Wenigstens haben Sie es geschafft, den Minister zu überzeugen.	masculine	Muy bien, al menos te las arreglaste para convencer al ministro.	masculine	Wenigstens haben Sie es geschafft, die Ministerin zu überzeugen.	feminine	Muy bien, al menos te las arreglaste para convencer a la ministra.	feminine
304	3339	detective	My dear Sherlock, there are certain affairs... that do not come within the province... of the private detective.	LLM_male_list	OpenSubtitles	Mein lieber Sherlock, es gibt gewisse Angelegenheiten, die nicht in die Provinz kommen... des Privatdetektivs.	masculine	Mi querido Sherlock, hay ciertos asuntos... que no entran en la provincia... del detective privado.	masculine	Mein lieber Sherlock, es gibt gewisse Angelegenheiten, die nicht in die Provinz kommen... der Privatdetektivin.	feminine	Mi querido Sherlock, hay ciertos asuntos... que no entran en la provincia... de la detective privada.	feminine
305	27	accountant	He said he was unable to pay after an accountant absconded with a large amount of TTY’s funds.	female_embedding_list	C4	Er sagte, er sei nicht in der Lage, zu zahlen, nachdem ein Buchhalter mit einer großen Menge von TTY-Geldern absconded.	masculine	Dijo que no podía pagar después de que un contador se fugara con una gran cantidad de fondos de TTY.	masculine	Er sagte, er sei nicht in der Lage, zu zahlen, nachdem eine Buchhalterin mit einer großen Menge von TTY-Geldern absconded.	feminine	Dijo que no podía pagar después de que una contadora se fugara con una gran cantidad de fondos de TTY.	feminine
306	3069	buddy	A buddy of mine and some of his friends do the art work.	male_embedding_list	OpenSubtitles	Ein Kumpel von mir und einige seiner Freunde machen das Kunstwerk.	masculine	Un amigo mío y algunos de sus amigos hacen el trabajo artístico.	masculine	Eine Kumpelin von mir und einige ihrer Freunde machen das Kunstwerk.	feminine	Una amiga mía y algunos de sus amigos hacen el trabajo artístico.	feminine
307	4969	dancer	Yeah, you know, I' m not really a big dancer.	female_embedding_list	OpenSubtitles	Ja, weißt du, ich bin keine große Tänzerin.	feminine	Sí, sabes, en realidad no soy un gran bailarín.	masculine	Ja, weißt du, ich bin kein großer Tänzer.	masculine	Sí, sabes, en realidad no soy una gran bailarina.	feminine
308	2488	dancer	You don’t need to be a dancer or know how to dance the cha cha cha in order to benefit from this therapy.	female_embedding_list	C4	Sie müssen nicht Tänzer sein oder wissen, wie man das cha cha cha tanzt, um von dieser Therapie zu profitieren.	masculine	Usted no necesita ser un bailarín o saber bailar el cha cha cha para poder beneficiarse de esta terapia.	masculine	Sie müssen nicht Tänzerin sein oder wissen, wie man das cha cha cha tanzt, um von dieser Therapie zu profitieren.	feminine	Usted no necesita ser una bailarina o saber bailar el cha cha cha para poder beneficiarse de esta terapia.	feminine
309	3278	terrorist	People must understand the word Arab is not synonymous with the word terrorist.	male_embedding_list	OpenSubtitles	Die Menschen müssen verstehen, dass das Wort Arab nicht gleichbedeutend mit dem Wort Terrorist ist.	masculine	La gente debe entender que la palabra árabe no es sinónimo de terrorista.	neutral	Die Menschen müssen verstehen, dass das Wort Arab nicht gleichbedeutend mit dem Wort Terroristin ist.	feminine	La gente debe entender que la palabra árabe no es sinónimo de terrorista.	neutral
310	5026	client	I need a moment to confer with my client.	LLM_neutral_list	OpenSubtitles	Ich brauche einen Moment, um mich mit meinem Mandanten zu unterhalten.	masculine	Necesito un momento para hablar con mi cliente.	neutral	Ich brauche einen Moment, um mich mit meiner Mandantin zu unterhalten.	feminine	Necesito un momento para hablar con mi cliente.	neutral
311	32	volunteer	I looked at this and the volunteer quizzically, thinking to myself, "What exactly does this do?"	LLM_neutral_list	C4	Ich schaute mir das und den Freiwilligen an und dachte mir: "Was genau macht das?"	masculine	Miré esto y al voluntario quizzicamente, pensando, "¿Qué hace exactamente esto?"	masculine	Ich schaute mir das und die Freiwillige an und dachte mir: "Was genau macht das?"	feminine	Miré esto y a la voluntaria quizzicamente, pensando, "¿Qué hace exactamente esto?"	feminine
312	3791	cook	I haven' t decided yet if I' m a good cook.	male_embedding_list	OpenSubtitles	Ich habe mich noch nicht entschieden, wenn ich ein guter Koch bin.	masculine	Aún no he decidido si soy buena cocinera.	feminine	Ich habe mich noch nicht entschieden, wenn ich eine gute Köchin bin.	feminine	Aún no he decidido si soy buen cocinero.	masculine
313	605	nanny	While teaching children as a nanny, I am learning too.	female_embedding_list	C4	Während ich Kinder als Kindermädchen unterrichte, lerne ich auch.	feminine	Mientras enseño a los niños como niñera, yo también estoy aprendiendo.	feminine	Während ich Kinder als Kinderbetreuer unterrichte, lerne ich auch.	masculine	Mientras enseño a los niños como niñero, yo también estoy aprendiendo.	masculine
314	2561	employee	The court rejected this argument and held that the company ignored its legal obligation to consider a reasonable accommodation and to engage in the interactive process with the employee.	LLM_neutral_list	C4	Das Gericht wies dieses Argument zurück und stellte fest, dass das Unternehmen seine rechtliche Verpflichtung, eine angemessene Unterkunft zu erwägen und in den interaktiven Prozess mit dem Arbeitnehmer zu engagieren, ignorierte.	masculine	El tribunal rechazó este argumento y sostuvo que la empresa ignoró su obligación legal de considerar un ajuste razonable y de participar en el proceso interactivo con el empleado.	masculine	Das Gericht wies dieses Argument zurück und stellte fest, dass das Unternehmen seine rechtliche Verpflichtung, eine angemessene Unterkunft zu erwägen und in den interaktiven Prozess mit der Arbeitnehmerin zu engagieren, ignorierte.	feminine	El tribunal rechazó este argumento y sostuvo que la empresa ignoró su obligación legal de considerar un ajuste razonable y de participar en el proceso interactivo con la empleada.	feminine
315	1850	janitor	And here I am, the daughter of a janitor, who ended up as a public school teacher, a university professor, and a United States senator because America invested in kids.	male_embedding_list	C4	Und hier bin ich, die Tochter eines Hausmeisters, der als Volksschullehrer, Universitätsprofessor und Senator der Vereinigten Staaten endete, weil Amerika in Kinder investierte.	masculine	Y aquí estoy, la hija de un conserje, que terminó como profesor de escuela pública, profesor universitario y senador de los Estados Unidos porque Estados Unidos invirtió en niños.	masculine	Und hier bin ich, die Tochter einer Hausmeisterin, die als Volksschullehrerin, Universitätsprofessorin und Senatorin der Vereinigten Staaten endete, weil Amerika in Kinder investierte.	feminine	Y aquí estoy, la hija de una conserje, que terminó como profesor de escuela pública, profesor universitario y senador de los Estados Unidos porque Estados Unidos invirtió en niños.	feminine
316	3103	friend	I could, as a friend, look the other way while you banged a few fatties and got it out of your system, but there' s lots of good fish out there.	LLM_neutral_list	OpenSubtitles	Ich könnte, als Freund, in die andere Richtung schauen, während du ein paar Fette gevögelt hast und es aus deinem System geschafft hast, aber es gibt viele gute Fische da draußen.	masculine	Podría, como amigo, mirar hacia otro lado mientras te tiraste a unos gordos y lo sacaste de tu sistema, pero hay un montón de buen pescado por ahí.	masculine	Ich könnte, als Freundin, in die andere Richtung schauen, während du ein paar Fette gevögelt hast und es aus deinem System geschafft hast, aber es gibt viele gute Fische da draußen.	feminine	Podría, como amiga, mirar hacia otro lado mientras te tiraste a unos gordos y lo sacaste de tu sistema, pero hay un montón de buen pescado por ahí.	feminine
317	4577	poet	You' re going to be a published poet.	LLM_female_list	OpenSubtitles	Du wirst ein veröffentlichter Dichter sein.	masculine	Vas a ser un poeta publicado.	masculine	Du wirst eine veröffentlichte Dichterin sein.	feminine	Vas a ser una poeta publicada.	feminine
318	2834	architect	JRT signs will work with your designer or architect to make sure your project goes to plan, design and on budget.	male_embedding_list	C4	JRT Zeichen arbeiten mit Ihrem Designer oder Architekten, um sicherzustellen, dass Ihr Projekt geht zu planen, Design und auf Budget.	masculine	Los letreros JRT trabajarán con su diseñador o arquitecto para asegurarse de que su proyecto vaya al plan, diseño y presupuesto.	masculine	JRT Zeichen arbeiten mit Ihrem Designer oder Architektin, um sicherzustellen, dass Ihr Projekt geht zu planen, Design und auf Budget.	feminine	Los letreros JRT trabajarán con su diseñador o arquitecta para asegurarse de que su proyecto vaya al plan, diseño y presupuesto.	feminine
319	70	technician	Samsung directed me to call Spectrum, but the technician I reached today couldn't offer a solution or a timeframe.	LLM_male_list	C4	Samsung wies mich an, Spectrum anzurufen, aber der Techniker, den ich heute erreichte, konnte keine Lösung oder einen Zeitrahmen anbieten.	masculine	Samsung me ordenó que llamara a Spectrum, pero el técnico al que llegué hoy no podía ofrecer una solución o un plazo.	masculine	Samsung wies mich an, Spectrum anzurufen, aber die Technikerin, die ich heute erreichte, konnte keine Lösung oder einen Zeitrahmen anbieten.	feminine	Samsung me ordenó que llamara a Spectrum, pero la técnica a la que llegué hoy no podía ofrecer una solución o un plazo.	feminine
320	4846	counselor	You' ve made this court wait before, counselor.	female_embedding_list	OpenSubtitles	Sie haben dieses Gericht schon mal warten lassen, Herr Anwalt.	masculine	Ha hecho esperar a este tribunal antes, abogado.	masculine	Sie haben dieses Gericht schon mal warten lassen, Frau Anwältin.	feminine	Ha hecho esperar a este tribunal antes, abogada.	feminine
321	3264	passenger	I' ve picked up a passenger you might be interested in.	LLM_neutral_list	OpenSubtitles	Ich habe einen Passagier abgeholt, an dem Sie interessiert sein könnten.	masculine	He recogido a un pasajero que podría interesarle.	masculine	Ich habe eine Passagierin abgeholt, an der Sie interessiert sein könnten.	feminine	He recogido a una pasajera que podría interesarle.	feminine
322	1538	enthusiast	If you are a sports enthusiast, let us know by buying a sports watch.	LLM_neutral_list	C4	Wenn Sie ein Sportbegeisterter sind, lassen Sie uns wissen, indem Sie eine Sportuhr kaufen.	masculine	Si usted es un entusiasta del deporte, háganoslo saber comprando un reloj deportivo.	masculine	Wenn Sie eine Sportbegeisterte sind, lassen Sie uns wissen, indem Sie eine Sportuhr kaufen.	feminine	Si usted es una entusiasta del deporte, háganoslo saber comprando un reloj deportivo.	feminine
323	3626	opponent	You must become more than just a man in the mind of your opponent.	male_embedding_list	OpenSubtitles	Du musst mehr werden als nur ein Mann im Kopf deines Gegners.	masculine	Debes convertirte en algo más que un hombre en la mente de tu oponente.	neutral	Du musst mehr werden als nur ein Mann im Kopf deiner Gegnerin.	feminine	Debes convertirte en algo más que un hombre en la mente de tu oponente.	neutral
324	3490	teacher	I wanna know what your fifth grade teacher was like.	female_embedding_list	OpenSubtitles	Ich will wissen, wie dein Lehrer in der fünften Klasse war.	masculine	Quiero saber cómo era tu profesor de quinto grado.	masculine	Ich will wissen, wie deine Lehrerin in der fünften Klasse war.	feminine	Quiero saber cómo era tu profesora de quinto grado.	feminine
325	3106	friend	You made a lot of noise, my friend, huh?	LLM_neutral_list	OpenSubtitles	Du hast viel Lärm gemacht, mein Freund, was?	masculine	Has hecho mucho ruido, amigo mío, ¿eh?	masculine	Du hast viel Lärm gemacht, meine Freundin, was?	feminine	Has hecho mucho ruido, amiga mía, ¿eh?	feminine
326	357	citizen	By reading these shamefully fascinating case studies on online harassment and practical solutions for each scenario you will become an empowered digital citizen.	LLM_neutral_list	C4	Durch das Lesen dieser schändlich faszinierenden Fallstudien über Online-Belästigung und praktische Lösungen für jedes Szenario werden Sie zu einem bevollmächtigten digitalen Bürger.	masculine	Al leer estos vergonzosamente fascinantes estudios de casos sobre acoso en línea y soluciones prácticas para cada escenario te convertirás en un ciudadano digital empoderado.	masculine	Durch das Lesen dieser schändlich faszinierenden Fallstudien über Online-Belästigung und praktische Lösungen für jedes Szenario werden Sie zu einer bevollmächtigten digitalen Bürgerin.	feminine	Al leer estos vergonzosamente fascinantes estudios de casos sobre acoso en línea y soluciones prácticas para cada escenario te convertirás en una ciudadana digital empoderada.	feminine
327	1210	author	I’ve been a published author since, ‘The Crossing’, my first novel, was published in 2009.	female_embedding_list	C4	Ich bin ein veröffentlichter Autor, seit "The Crossing" mein erster Roman im Jahr 2009 veröffentlicht wurde.	masculine	He sido un autor publicado desde que, ‘The Crossing’, mi primera novela, fue publicada en 2009.	masculine	Ich bin eine veröffentlichte Autorin, seit "The Crossing" mein erster Roman im Jahr 2009 veröffentlicht wurde.	feminine	He sido una autora publicada desde que, ‘The Crossing’, mi primera novela, fue publicada en 2009.	feminine
328	892	companion	Travel companions’ needs – Inform your agent if your travel companion requires special accommodation, such as in-flight meal preferences or making arrangements for someone with a disability.	LLM_neutral_list	C4	Reisebegleiter – Informieren Sie Ihren Agenten, wenn Ihr Reisebegleiter eine besondere Unterkunft benötigt, wie z.B. Essenspräferenzen während des Fluges oder Vorkehrungen für jemanden mit einer Behinderung treffen.	masculine	Necesidades de los compañeros de viaje – Informe a su agente si su compañero de viaje requiere un alojamiento especial, como preferencias de comida durante el vuelo o hacer arreglos para una persona con discapacidad.	masculine	Reisebegleiter – Informieren Sie Ihren Agenten, wenn Ihre Reisebegleiterin eine besondere Unterkunft benötigt, wie z.B. Essenspräferenzen während des Fluges oder Vorkehrungen für jemanden mit einer Behinderung treffen.	feminine	Necesidades de los compañeros de viaje – Informe a su agente si su compañera de viaje requiere un alojamiento especial, como preferencias de comida durante el vuelo o hacer arreglos para una persona con discapacidad.	feminine
329	2756	clerk	Defendant was suspected of faxing 2 disparaging letters to Seidle’s employer within the days leading up to the murder and was identified by the clerk in the printing store from which the faxes were sent.	female_embedding_list	C4	Der Beklagte wurde verdächtigt, innerhalb der Tage vor dem Mord 2 verunglimpfende Briefe an den Arbeitgeber von Seidle zu faxen, und wurde vom Angestellten in der Druckerei, aus der die Faxe geschickt wurden, identifiziert.	masculine	Se sospechaba que el acusado había enviado por fax 2 cartas despreciadas al empleador de Seidle en los días previos al asesinato y que el empleado de la imprenta había identificado los faxes.	masculine	Der Beklagte wurde verdächtigt, innerhalb der Tage vor dem Mord 2 verunglimpfende Briefe an den Arbeitgeber von Seidle zu faxen, und wurde von der Angestellten in der Druckerei, aus der die Faxe geschickt wurden, identifiziert.	feminine	Se sospechaba que el acusado había enviado por fax 2 cartas despreciadas al empleador de Seidle en los días previos al asesinato y que la empleada de la imprenta había identificado los faxes.	feminine
330	3474	member	Didn' t know you were a member here.	LLM_neutral_list	OpenSubtitles	Ich wusste nicht, dass du hier bist.	neutral	No sabía que eras miembro aquí.	neutral	Ich wusste nicht, dass du hier bist.	neutral	No sabía que eras miembro aquí.	neutral
331	4388	hero	Unfortunately, this hero was defeated by treachery and died from poisoning.	male_embedding_list	OpenSubtitles	Leider wurde dieser Held durch Verrat besiegt und starb an Vergiftungen.	masculine	Desafortunadamente, este héroe fue derrotado por la traición y murió de envenenamiento.	masculine	Leider wurde diese Heldin durch Verrat besiegt und starb an Vergiftungen.	feminine	Desafortunadamente, esta heroina fue derrotada por la traición y murió de envenenamiento.	feminine
332	39	volunteer	Find something you're interested in and become a volunteer.	LLM_neutral_list	C4	Finden Sie etwas, an dem Sie interessiert sind und werden Sie Freiwilliger.	masculine	Encuentra algo que te interese y conviértete en voluntario.	masculine	Finden Sie etwas, an dem Sie interessiert sind und werden Sie Freiwillige.	feminine	Encuentra algo que te interese y conviértete en voluntaria.	feminine
333	5036	client	This... client doesn' t even seem to have an address.	LLM_neutral_list	OpenSubtitles	Dieser... Klient hat nicht mal eine Adresse.	masculine	Este cliente ni siquiera parece tener una dirección.	masculine	Diese... Klientin hat nicht mal eine Adresse.	feminine	Esta clienta ni siquiera parece tener una dirección.	feminine
334	4970	dancer	I' m not the greatest dancer in the world.	female_embedding_list	OpenSubtitles	Ich bin nicht die beste Tänzerin der Welt.	feminine	No soy la mejor bailarina del mundo.	feminine	Ich bin nicht der beste Tänzer der Welt.	masculine	No soy el mejor bailarín del mundo.	masculine
335	3913	student	This is...... a brief...... written by an eager- beaver law student.	female_embedding_list	OpenSubtitles	Das ist... ein kurzes... geschrieben von einem eifrigen Biber-Schüler.	masculine	Esto es...... un breve...... escrito por un estudiante de derecho ansioso de castores.	masculine	Das ist... ein kurzes... geschrieben von einer eifrigen Biber-Schülerin.	feminine	Esto es...... un breve...... escrito por una estudiante de derecho ansiosa de castores.	feminine
336	3769	boss	The sooner the boss gets rid of her, the sooner our luck will change.	male_embedding_list	OpenSubtitles	Je früher der Boss sie los wird, desto eher wird sich unser Glück ändern.	masculine	Cuanto antes el jefe se deshaga de ella, antes cambiará nuestra suerte.	masculine	Je früher die Chefin sie los wird, desto eher wird sich unser Glück ändern.	feminine	Cuanto antes la jefe se deshaga de ella, antes cambiará nuestra suerte.	feminine
337	1002	gamer	Having read this article, you are now aware of what exactly it takes to become an expert gamer.	LLM_neutral_list	C4	Nachdem Sie diesen Artikel gelesen haben, sind Sie sich jetzt bewusst, was genau es braucht, um ein erfahrener Spieler zu werden.	masculine	Después de haber leído este artículo, ahora eres consciente de lo que exactamente se necesita para convertirse en un jugador experto.	masculine	Nachdem Sie diesen Artikel gelesen haben, sind Sie sich jetzt bewusst, was genau es braucht, um eine erfahrene Spielerin zu werden.	feminine	Después de haber leído este artículo, ahora eres consciente de lo que exactamente se necesita para convertirse en una jugadora experta.	feminine
338	4812	janitor	All I had to do was get forms from that scientist that kept calling me janitor, forge one of the forms and put the order in like I did before.	male_embedding_list	OpenSubtitles	Alles, was ich tun musste, war Formulare von diesem Wissenschaftler zu bekommen, der mich ständig Hausmeister nannte, eine der Formulare schmiedete und die Ordnung wie ich es vorher getan habe.	masculine	Todo lo que tenía que hacer era conseguir formularios de ese científico que seguía llamándome conserje, forjar uno de los formularios y poner el orden en como lo hice antes.	neutral	Alles, was ich tun musste, war Formulare von diesem Wissenschaftler zu bekommen, der mich ständig Hausmeisterin nannte, eine der Formulare schmiedete und die Ordnung wie ich es vorher getan habe.	feminine	Todo lo que tenía que hacer era conseguir formularios de ese científico que seguía llamándome conserje, forjar uno de los formularios y poner el orden en como lo hice antes.	neutral
339	3781	boss	Since I' m the boss, you got to let me drive.	male_embedding_list	OpenSubtitles	Da ich der Boss bin, musst du mich fahren lassen.	masculine	Como yo soy el jefe, tienes que dejarme conducir.	masculine	Da ich die Chefin bin, musst du mich fahren lassen.	feminine	Como yo soy la jefe, tienes que dejarme conducir.	feminine
340	0	reader	What, as a reader, most sends a shiver down your spine?	LLM_neutral_list	C4	Was, als Leser, die meisten sendet einen Schauer auf der Wirbelsäule?	masculine	¿Qué, como lector, la mayoría envía un escalofrío por tu columna vertebral?	masculine	Was, als Leserin, die meisten sendet einen Schauer auf der Wirbelsäule?	feminine	¿Qué, como lectora, la mayoría envía un escalofrío por tu columna vertebral?	feminine
341	799	secretary	In a previous life I enjoyed a varied and interesting career as a secretary.	female_embedding_list	C4	In einem früheren Leben genoss ich eine abwechslungsreiche und interessante Karriere als Sekretärin.	feminine	En una vida anterior disfruté de una carrera variada e interesante como secretaria.	feminine	In einem früheren Leben genoss ich eine abwechslungsreiche und interessante Karriere als Sekretär.	masculine	En una vida anterior disfruté de una carrera variada e interesante como secretario.	masculine
342	4660	amateur	I' m just a gifted amateur around here.	female_embedding_list	OpenSubtitles	Ich bin hier nur ein begabter Amateur.	masculine	Sólo soy un aficionado talentoso por aquí.	masculine	Ich bin hier nur eine begabte Amateurin.	feminine	Sólo soy una aficionada talentosa por aquí.	feminine
343	2775	novelist	As a novelist, I often enjoy allowing the themes in my stories to develop organically.	LLM_female_list	C4	Als Romanautor genieße ich es oft, dass sich die Themen in meinen Geschichten organisch entwickeln.	masculine	Como novelista, a menudo disfruto permitiendo que los temas de mis historias se desarrollen orgánicamente.	neutral	Als Romanautorin genieße ich es oft, dass sich die Themen in meinen Geschichten organisch entwickeln.	feminine	Como novelista, a menudo disfruto permitiendo que los temas de mis historias se desarrollen orgánicamente.	neutral
344	3348	detective	You wanna fill the detective in on what you know?	LLM_male_list	OpenSubtitles	Wollen Sie dem Detective mitteilen, was Sie wissen?	masculine	¿Quieres informar al detective de lo que sabes?	masculine	Wollen Sie der Detektivin mitteilen, was Sie wissen?	feminine	¿Quieres informar a la detective de lo que sabes?	feminine
345	3166	chef	I would like what ever the chef recommends, what is good tonight?	LLM_female_list	OpenSubtitles	Ich hätte gern, was der Küchenchef je empfiehlt, was ist heute Abend gut?	masculine	Me gustaría lo que el chef recomienda, ¿qué es bueno esta noche?	masculine	Ich hätte gern, was die Küchenchefin je empfiehlt, was ist heute Abend gut?	feminine	Me gustaría lo que la chef recomienda, ¿qué es bueno esta noche?	feminine
346	3200	master	I don' t think the master ever came here.	male_embedding_list	OpenSubtitles	Ich glaube nicht, dass der Meister jemals hierher gekommen ist.	masculine	No creo que el maestro haya venido aquí.	masculine	Ich glaube nicht, dass die Meisterin jemals hierher gekommen ist.	feminine	No creo que la maestra haya venido aquí.	feminine
347	2477	dancer	Being a dancer/teacher at the time and understanding the importance of what was going on in my body should have been the main reason for this revolutionary movement taking place inside me.	female_embedding_list	C4	Tänzer/Lehrer zu dieser Zeit zu sein und die Bedeutung dessen zu verstehen, was in meinem Körper vor sich ging, hätte der Hauptgrund für diese revolutionäre Bewegung in mir sein sollen.	masculine	Ser un bailarín/maestro en ese momento y entender la importancia de lo que estaba pasando en mi cuerpo debería haber sido la razón principal de que este movimiento revolucionario tuviera lugar dentro de mí.	masculine	Tänzerin/Lehrerin zu dieser Zeit zu sein und die Bedeutung dessen zu verstehen, was in meinem Körper vor sich ging, hätte der Hauptgrund für diese revolutionäre Bewegung in mir sein sollen.	feminine	Ser una bailarina/maestra en ese momento y entender la importancia de lo que estaba pasando en mi cuerpo debería haber sido la razón principal de que este movimiento revolucionario tuviera lugar dentro de mí.	feminine
348	2157	therapist	As the team is preparing the resuscitation room, the respiratory therapist asks Eric what intubation equipment he would like to use.	female_embedding_list	C4	Während das Team den Reanimationsraum vorbereitet, fragt der Atemtherapier Eric, welche Intubationsausrüstung er verwenden möchte.	masculine	Mientras el equipo prepara la sala de reanimación, el terapeuta respiratorio le pregunta a Eric qué equipo de intubación le gustaría usar.	masculine	Während das Team den Reanimationsraum vorbereitet, fragt die Atemtherapeutin Eric, welche Intubationsausrüstung er verwenden möchte.	feminine	Mientras el equipo prepara la sala de reanimación, la terapeuta respiratoria le pregunta a Eric qué equipo de intubación le gustaría usar.	feminine
349	1469	stylist	You can also ask your stylist about pieces and wigs.	female_embedding_list	C4	Sie können Ihren Stylisten auch nach Stücken und Perücken fragen.	masculine	También puede preguntarle a su estilista sobre piezas y pelucas.	neutral	Sie können Ihre Stylistin auch nach Stücken und Perücken fragen.	feminine	También puede preguntarle a su estilista sobre piezas y pelucas.	neutral
350	1349	boss	Home Gadgets Top 10 cool gift for your boss who have everything.	male_embedding_list	C4	Home Gadgets Top 10 coole Geschenk für Ihren Chef, die alles haben.	masculine	Inicio Gadgets Top 10 regalo fresco para su jefe que tienen todo.	neutral	Home Gadgets Top 10 coole Geschenk für Ihre Chefin, die alles haben.	feminine	Inicio Gadgets Top 10 regalo fresco para su jefe que tienen todo.	neutral
351	3046	buddy	Hey, I hate to be rude, buddy, but word has it she' d dead.	male_embedding_list	OpenSubtitles	Hey, ich hasse es, unhöflich zu sein, Kumpel, aber es heißt, dass sie tot ist.	masculine	Oye, odio ser grosero, amigo, pero se dice que está muerta.	masculine	Hey, ich hasse es, unhöflich zu sein, Kumpelin, aber es heißt, dass sie tot ist.	feminine	Oye, odio ser grosero, amiga, pero se dice que está muerta.	feminine
352	2403	socialite	Meet the socialite who used to live at the hotel or track down the men who died over a love triangle with an already married woman.	female_embedding_list	C4	Treffen Sie die Sozialistin, die früher im Hotel wohnte oder die Männer aufspüren, die über einem Liebesdreieck mit einer bereits verheirateten Frau gestorben sind.	feminine	Conoce a la socialite que vivía en el hotel o localiza a los hombres que murieron por un triángulo amoroso con una mujer ya casada.	feminine	Treffen Sie den Sozialisten, der früher im Hotel wohnte oder die Männer aufspüren, die über einem Liebesdreieck mit einer bereits verheirateten Frau gestorben sind.	masculine	Conoce al socialite que vivía en el hotel o localiza a los hombres que murieron por un triángulo amoroso con una mujer ya casada.	masculine
353	533	terrorist	Kuwaiti newspapers say the Iranian-backed arch-terrorist was killed in a joint US-Israeli operation - possibly with Syrian help.	male_embedding_list	C4	Kuwaitische Zeitungen sagen, dass der von Iran unterstützte Erzterrorist bei einer gemeinsamen US-israelischen Operation getötet wurde - möglicherweise mit syrischer Hilfe.	masculine	Los periódicos kuwaitíes dicen que el architerrorista respaldado por Irán fue asesinado en una operación conjunta entre Estados Unidos e Israel, posiblemente con ayuda de Siria.	masculine	Kuwaitische Zeitungen sagen, dass die von Iran unterstützte Erzterroristin bei einer gemeinsamen US-israelischen Operation getötet wurde - möglicherweise mit syrischer Hilfe.	feminine	Los periódicos kuwaitíes dicen que la architerrorista respaldada por Irán fue asesinada en una operación conjunta entre Estados Unidos e Israel, posiblemente con ayuda de Siria.	feminine
354	1074	partner	These baskets are perfect for your mum, friends, partner, or even a little a gift to say thank you.	LLM_neutral_list	C4	Diese Körbe sind perfekt für deine Mutter, Freunde, Partner oder sogar ein kleines Geschenk, um dich zu bedanken.	masculine	Estas cestas son perfectas para tu madre, amigos, pareja, o incluso un pequeño regalo para darte las gracias.	neutral	Diese Körbe sind perfekt für deine Mutter, Freunde, Partnerin oder sogar ein kleines Geschenk, um dich zu bedanken.	feminine	Estas cestas son perfectas para tu madre, amigos, pareja, o incluso un pequeño regalo para darte las gracias.	neutral
355	4224	activist	Even if you' ve become an angry, manic- depressive activist......	LLM_neutral_list	OpenSubtitles	Selbst wenn du ein wütender, manisch-depressiver Aktivist geworden bist...	masculine	Incluso si te has convertido en un activista furioso, maníaco y depresivo...	masculine	Selbst wenn du eine wütende, manisch-depressive Aktivistin geworden bist...	feminine	Incluso si te has convertido en una activista furiosa, maníaca y depresiva...	feminine
356	548	terrorist	Following mass-shooting in New Zealand, someone has taken a copy of the terrorist’s Word document and weaponised it to download malicious code from the internet.	male_embedding_list	C4	Nach dem Massenschießen in Neuseeland hat jemand eine Kopie des terroristischen Word-Dokuments genommen und es zum Download von Schadcodes aus dem Internet waffeniert.	neutral	Después de un tiroteo masivo en Nueva Zelanda, alguien ha tomado una copia del documento Word del terrorista y lo ha armado para descargar código malicioso desde Internet.	masculine	Nach dem Massenschießen in Neuseeland hat jemand eine Kopie des terroristischen Word-Dokuments genommen und es zum Download von Schadcodes aus dem Internet waffeniert.	neutral	Después de un tiroteo masivo en Nueva Zelanda, alguien ha tomado una copia del documento Word de la terrorista y lo ha armado para descargar código malicioso desde Internet.	feminine
357	1309	buddy	Good luck buddy, will be following your trip with interest, especially through the Americas.	male_embedding_list	C4	Viel Glück Kumpel, wird Ihre Reise mit Interesse folgen, vor allem durch die Amerikas.	masculine	Buena suerte amigo, seguirá su viaje con interés, especialmente a través de las Américas.	masculine	Viel Glück Kumpelin, wird Ihre Reise mit Interesse folgen, vor allem durch die Amerikas.	feminine	Buena suerte amiga, seguirá su viaje con interés, especialmente a través de las Américas.	feminine
358	3938	editor	I haven' t been sleeping a whole lot lately... and I got my editor in town.	female_embedding_list	OpenSubtitles	Ich habe in letzter Zeit nicht viel geschlafen, und ich habe meinen Redakteur in der Stadt.	masculine	No he estado durmiendo mucho últimamente... y tengo a mi editor en la ciudad.	masculine	Ich habe in letzter Zeit nicht viel geschlafen, und ich habe meine Redakteurin in der Stadt.	feminine	No he estado durmiendo mucho últimamente... y tengo a mi editora en la ciudad.	feminine
359	4013	technician	Well, we have a technician working in your area who' s finished with an appointment earlier than expected.	LLM_male_list	OpenSubtitles	Nun, wir haben einen Techniker, der in Ihrer Nähe arbeitet, der mit einem Termin früher als erwartet fertig ist.	masculine	Bueno, tenemos un técnico trabajando en su área que ha terminado con una cita antes de lo esperado.	masculine	Nun, wir haben eine Technikerin, die in Ihrer Nähe arbeitet, die mit einem Termin früher als erwartet fertig ist.	feminine	Bueno, tenemos una técnica trabajando en su área que ha terminado con una cita antes de lo esperado.	feminine
360	342	specialist	Talk to your specialist, doctor or pharmacist, contact the MS Society, or telephone the MS Alliance on 1800 852 289 in Australia or 0800 852 289 in NZ, if you have any questions about how to use AVONEX.	LLM_neutral_list	C4	Sprechen Sie mit Ihrem Spezialisten, Arzt oder Apotheker, kontaktieren Sie die MS Society oder rufen Sie die MS Alliance unter 1800 852 289 in Australien oder 0800 852 289 in NZ an, wenn Sie Fragen zur Anwendung von AVONEX haben.	masculine	Hable con su especialista, médico o farmacéutico, comuníquese con MS Society o llame a MS Alliance en 1800 852 289 en Australia o 0800 852 289 en NZ, si tiene alguna pregunta sobre cómo usar AVONEX.	neutral	Sprechen Sie mit Ihrer Spezialistin, Arzt oder Apotheker, kontaktieren Sie die MS Society oder rufen Sie die MS Alliance unter 1800 852 289 in Australien oder 0800 852 289 in NZ an, wenn Sie Fragen zur Anwendung von AVONEX haben.	feminine	Hable con su especialista, médico o farmacéutico, comuníquese con MS Society o llame a MS Alliance en 1800 852 289 en Australia o 0800 852 289 en NZ, si tiene alguna pregunta sobre cómo usar AVONEX.	neutral
361	1686	client	You as a client can complete rely on Bilytica as a partner for the implementation of SAP Financial Solutions.	LLM_neutral_list	C4	Sie als Kunde können sich bei der Implementierung von SAP Financial Solutions auf Bilytica als Partner verlassen.	masculine	Usted, como cliente, puede confiar en Bilytica como socio para la implementación de SAP Financial Solutions.	neutral	Sie als Kundin können sich bei der Implementierung von SAP Financial Solutions auf Bilytica als Partner verlassen.	feminine	Usted, como cliente, puede confiar en Bilytica como socio para la implementación de SAP Financial Solutions.	neutral
362	4768	farmer	Apart from the Dordogne farmer, they all replied.	male_embedding_list	OpenSubtitles	Außer dem Dordogne-Bauern antworteten sie alle.	masculine	Aparte del granjero de Dordoña, todos respondieron.	masculine	Außer der Dordogne-Bauerin antworteten sie alle.	feminine	Aparte de la granjera de Dordoña, todos respondieron.	feminine
363	3144	employee	An employee of the jeweller' s shop... was seriously injured during the raid.	LLM_neutral_list	OpenSubtitles	Ein Angestellter des Juweliergeschäfts wurde bei der Razzia schwer verletzt.	masculine	Un empleado de la joyería... resultó gravemente herido durante la redada.	masculine	Eine Angestellte des Juweliergeschäfts wurde bei der Razzia schwer verletzt.	feminine	Una empleada de la joyería... resultó gravemente herida durante la redada.	feminine
364	2206	student	With this printer your student can not only avoid a series of potential paper jams, but also copy, scan, and fax wirelessly.	female_embedding_list	C4	Mit diesem Drucker kann Ihr Schüler nicht nur eine Reihe möglicher Papierstaus vermeiden, sondern auch drahtlos kopieren, scannen und faxen.	masculine	Con esta impresora, su estudiante no sólo puede evitar una serie de posibles atascos de papel, sino también copiar, escanear y enviar por fax de forma inalámbrica.	neutral	Mit diesem Drucker kann Ihre Schülerin nicht nur eine Reihe möglicher Papierstaus vermeiden, sondern auch drahtlos kopieren, scannen und faxen.	feminine	Con esta impresora, su estudiante no sólo puede evitar una serie de posibles atascos de papel, sino también copiar, escanear y enviar por fax de forma inalámbrica.	neutral
365	4742	hero	Let' s go make the captain look like a hero.	male_embedding_list	OpenSubtitles	Lass uns den Captain wie einen Helden aussehen lassen.	masculine	Vamos a hacer que el capitán parezca un héroe.	masculine	Lass uns die Captain wie eine Heldin aussehen lassen.	feminine	Vamos a hacer que la capitana parezca una heroina.	feminine
366	848	poet	A source of inspiration for literary figures such as Lord Byron, Sintra may well bring out the poet in you.	LLM_female_list	C4	Als Inspirationsquelle für literarische Persönlichkeiten wie Lord Byron kann Sintra den Dichter in dir herausbringen.	masculine	Una fuente de inspiración para figuras literarias como Lord Byron, Sintra bien puede sacar al poeta en ti.	masculine	Als Inspirationsquelle für literarische Persönlichkeiten wie Lord Byron kann Sintra die Dichterin in dir herausbringen.	feminine	Una fuente de inspiración para figuras literarias como Lord Byron, Sintra bien puede sacar a la poeta en ti.	feminine
367	715	master	This mental shift prepared me to take shelter of my spiritual master and devotees.	male_embedding_list	C4	Diese geistige Veränderung bereitete mich darauf vor, meinem spirituellen Meister und Anhängern Schutz zu gewähren.	masculine	Este cambio mental me preparó para tomar refugio de mi maestro espiritual y devotos.	masculine	Diese geistige Veränderung bereitete mich darauf vor, meiner spirituellen Meisterin und Anhängern Schutz zu gewähren.	feminine	Este cambio mental me preparó para tomar refugio de mi maestra espiritual y devotos.	feminine
368	4573	poet	And yet he knew I was no good as a poet.	LLM_female_list	OpenSubtitles	Und doch wusste er, dass ich als Dichter nicht gut war.	masculine	Y aún así sabía que yo no era bueno como poeta.	masculine	Und doch wusste er, dass ich als Dichterin nicht gut war.	feminine	Y aún así sabía que yo no era buena como poeta.	feminine
369	1523	athlete	The US athlete accelerates from 0 to 62 mph in only 3.2 seconds.	LLM_male_list	C4	Der US-Athlet beschleunigt von 0 auf 62 mph in nur 3,2 Sekunden.	masculine	El atleta estadounidense acelera de 0 a 62 mph en solo 3,2 segundos.	masculine	Die US-Athletin beschleunigt von 0 auf 62 mph in nur 3,2 Sekunden.	feminine	La atleta estadounidense acelera de 0 a 62 mph en solo 3,2 segundos.	feminine
370	4840	counselor	You get to know your guidance counselor really well when you' re clearly in desperate need of guidance.	female_embedding_list	OpenSubtitles	Sie lernen Ihren Berater wirklich gut kennen, wenn Sie eindeutig in verzweifelter Notwendigkeit der Führung sind.	masculine	Usted llega a conocer a su consejero de orientación realmente bien cuando usted está claramente en la necesidad desesperada de la guía.	masculine	Sie lernen Ihre Beraterin wirklich gut kennen, wenn Sie eindeutig in verzweifelter Notwendigkeit der Führung sind.	feminine	Usted llega a conocer a su consejera de orientación realmente bien cuando usted está claramente en la necesidad desesperada de la guía.	feminine
371	172	ally	George Bush, who counts the Pakistani president as a key ally in the US-led war against terrorism, said assistance would be provided as needed.	LLM_neutral_list	C4	George Bush, der den pakistanischen Präsidenten als einen wichtigen Verbündeten im von den USA geführten Krieg gegen den Terrorismus ansieht, sagte, dass Hilfe bei Bedarf bereitgestellt werden würde.	masculine	George Bush, quien considera al presidente paquistaní como un aliado clave en la guerra contra el terrorismo liderada por Estados Unidos, dijo que la asistencia se proporcionaría según fuera necesario.	masculine	George Bush, der die pakistanische Präsidentin als eine wichtige Verbündete im von den USA geführten Krieg gegen den Terrorismus ansieht, sagte, dass Hilfe bei Bedarf bereitgestellt werden würde.	feminine	George Bush, quien considera a la presidenta paquistaní como una aliada clave en la guerra contra el terrorismo liderada por Estados Unidos, dijo que la asistencia se proporcionaría según fuera necesario.	feminine
372	2019	housekeeper	We have a housekeeper in the village who is available at all times and deals with any emergencies.	female_embedding_list	C4	Wir haben eine Haushälterin im Dorf, die jederzeit zur Verfügung steht und sich mit Notfällen beschäftigt.	feminine	Tenemos un ama de llaves en el pueblo que está disponible en todo momento y se ocupa de cualquier emergencia.	feminine	Wir haben einen Haushälter im Dorf, der jederzeit zur Verfügung steht und sich mit Notfällen beschäftigt.	masculine	Tenemos un amo de llaves en el pueblo que está disponible en todo momento y se ocupa de cualquier emergencia.	masculine
373	142	guard	We slurped at our coffee, a welcome gift from the train guard and got ready to disembark – me, bleary eyed and Andrew, pretty chipper.	male_embedding_list	C4	Wir schlürfen bei unserem Kaffee, ein Willkommensgeschenk von der Bahnwache und machten uns bereit, auszusteigen – ich, bleary eyed und Andrew, hübscher Hacker.	neutral	Lloramos en nuestro café, un regalo de bienvenida de la guardia del tren y nos preparamos para desembarcar: yo, Bleary eyed y Andrew, muy alegre.	feminine	Wir schlürfen bei unserem Kaffee, ein Willkommensgeschenk von der Bahnwache und machten uns bereit, auszusteigen – ich, bleary eyed und Andrew, hübscher Hacker.	neutral	Lloramos en nuestro café, un regalo de bienvenida del guardia del tren y nos preparamos para desembarcar: yo, Bleary eyed y Andrew, muy alegre.	masculine
374	1144	nomad	If you are incapable of staying home during the weekend or you consider yourself a nomad, fixed solar panels are the way to go!	LLM_neutral_list	C4	Wenn Sie nicht in der Lage sind, am Wochenende zu Hause zu bleiben oder sich selbst als Nomaden zu betrachten, sind feste Sonnenkollektoren der richtige Weg!	masculine	Si usted es incapaz de quedarse en casa durante el fin de semana o se considera un nómada, los paneles solares fijos son el camino a seguir!	masculine	Wenn Sie nicht in der Lage sind, am Wochenende zu Hause zu bleiben oder sich selbst als Nomadin zu betrachten, sind feste Sonnenkollektoren der richtige Weg!	feminine	Si usted es incapaz de quedarse en casa durante el fin de semana o se considera una nómada, los paneles solares fijos son el camino a seguir!	feminine
375	1565	caregiver	Your role as a caregiver is to support the person in your care by helping them get through the surgery process every step of the way.	LLM_female_list	C4	Ihre Rolle als Betreuer ist es, die Person in Ihrer Pflege zu unterstützen, indem Sie ihnen helfen, durch den Operationsprozess jeden Schritt des Weges zu bekommen.	masculine	Su papel como cuidador es apoyar a la persona en su cuidado ayudándola a superar el proceso quirúrgico en cada paso del camino.	masculine	Ihre Rolle als Betreuerin ist es, die Person in Ihrer Pflege zu unterstützen, indem Sie ihnen helfen, durch den Operationsprozess jeden Schritt des Weges zu bekommen.	feminine	Su papel como cuidadora es apoyar a la persona en su cuidado ayudándola a superar el proceso quirúrgico en cada paso del camino.	feminine
376	2176	analyst	Now the analyst decided to use Pareto rule of 80/20 and try to multiply the volume by the market capitalization.	male_embedding_list	C4	Nun entschied sich der Analyst, die Pareto-Regel von 80/20 zu verwenden und zu versuchen, das Volumen mit der Marktkapitalisierung zu multiplizieren.	masculine	Ahora el analista decidió utilizar la regla Pareto de 80/20 y tratar de multiplicar el volumen por la capitalización del mercado.	masculine	Nun entschied sich die Analystin, die Pareto-Regel von 80/20 zu verwenden und zu versuchen, das Volumen mit der Marktkapitalisierung zu multiplizieren.	feminine	Ahora la analista decidió utilizar la regla Pareto de 80/20 y tratar de multiplicar el volumen por la capitalización del mercado.	feminine
377	3002	idiot	You think I' m an idiot, don' t you?	male_embedding_list	OpenSubtitles	Du hältst mich für einen Idioten, oder?	masculine	Crees que soy un idiota, ¿no?	masculine	Du hältst mich für eine Idiotin, oder?	feminine	Crees que soy una idiota, ¿no?	feminine
378	1085	hairdresser	This photo however was taken after a couple of hours with a make up artist, hairdresser, a professional photographer and with excellent lightening and probably some editing as it was for a national newspaper.	female_embedding_list	C4	Dieses Foto wurde jedoch nach ein paar Stunden mit einem Make-up-Künstler, Friseur, einem professionellen Fotografen und mit hervorragender Beleuchtung und wahrscheinlich etwas Schnitt, wie es für eine nationale Zeitung war.	masculine	Esta foto, sin embargo, fue tomada después de un par de horas con un maquillador, peluquero, fotógrafo profesional y con un excelente aligeramiento y probablemente alguna edición como era para un periódico nacional.	masculine	Dieses Foto wurde jedoch nach ein paar Stunden mit einem Make-up-Künstler, Friseurin, einem professionellen Fotografen und mit hervorragender Beleuchtung und wahrscheinlich etwas Schnitt, wie es für eine nationale Zeitung war.	feminine	Esta foto, sin embargo, fue tomada después de un par de horas con un maquillador, peluquera, fotógrafo profesional y con un excelente aligeramiento y probablemente alguna edición como era para un periódico nacional.	feminine
379	4696	secretary	I' m gonna get me a fancy offiice and a pretty secretary.	female_embedding_list	OpenSubtitles	Ich besorge mir ein hübsches Büro und eine hübsche Sekretärin.	feminine	Voy a conseguirme una offiice elegante y una secretaria bonita.	feminine	Ich besorge mir ein hübsches Büro und einen hübschen Sekretär.	masculine	Voy a conseguirme una offiice elegante y un secretario bonito.	masculine
380	3633	opponent	You play your best out of respect for your opponent.	male_embedding_list	OpenSubtitles	Du spielst dein Bestes aus Respekt vor deinem Gegner.	masculine	Juegas lo mejor por respeto a tu oponente.	neutral	Du spielst dein Bestes aus Respekt vor deiner Gegnerin.	feminine	Juegas lo mejor por respeto a tu oponente.	neutral
381	1486	voter	If you're a voter who is somehow not convinced that your vote makes a difference, perhaps you can be persuaded simply to satisfy your appetite for free stuff.	LLM_neutral_list	C4	Wenn Sie ein Wähler sind, der irgendwie nicht überzeugt ist, dass Ihre Stimme einen Unterschied macht, können Sie vielleicht einfach überzeugt werden, um Ihren Appetit auf freies Zeug zu befriedigen.	masculine	Si usted es un votante que de alguna manera no está convencido de que su voto marca la diferencia, tal vez usted puede ser persuadido simplemente para satisfacer su apetito por cosas gratis.	masculine	Wenn Sie eine Wählerin sind, die irgendwie nicht überzeugt ist, dass Ihre Stimme einen Unterschied macht, können Sie vielleicht einfach überzeugt werden, um Ihren Appetit auf freies Zeug zu befriedigen.	feminine	Si usted es una votante que de alguna manera no está convencida de que su voto marca la diferencia, tal vez usted puede ser persuadido simplemente para satisfacer su apetito por cosas gratis.	feminine
382	3404	dealer	We got a few cases from my new dealer in Paris.	male_embedding_list	OpenSubtitles	Wir haben ein paar Fälle von meinem neuen Händler in Paris.	masculine	Tenemos algunos casos de mi nuevo distribuidor en París.	masculine	Wir haben ein paar Fälle von meiner neuen Händlerin in Paris.	feminine	Tenemos algunos casos de mi nueva distribuidora en París.	feminine
383	2471	wanderer	Goodblatt posits that a study of shared esthetic strategies and literary traditions underlines the way in which Greenberg created an "alienated wanderer" who witnesses and stands helpless in the face of the violence and destruction of battle, as well as that inflicted upon the civilian population.	LLM_neutral_list	C4	Goodblatt weist darauf hin, dass eine Studie über gemeinsame ästhetische Strategien und literarische Traditionen die Art und Weise unterstreicht, in der Greenberg einen "entfremdeten Wanderer" schuf, der angesichts der Gewalt und Zerstörung des Kampfes, sowie der der Zivilbevölkerung zugefügten, Zeugen und hilflos ist.	masculine	Goodblatt sostiene que un estudio de las estrategias estéticas y las tradiciones literarias compartidas subraya la forma en que Greenberg creó un "errante alienado" que es testigo y se mantiene indefenso ante la violencia y la destrucción de la batalla, así como la infligida a la población civil.	masculine	Goodblatt weist darauf hin, dass eine Studie über gemeinsame ästhetische Strategien und literarische Traditionen die Art und Weise unterstreicht, in der Greenberg eine "entfremdete Wanderin" schuf, die angesichts der Gewalt und Zerstörung des Kampfes, sowie der der Zivilbevölkerung zugefügten, Zeugen und hilflos ist.	feminine	Goodblatt sostiene que un estudio de las estrategias estéticas y las tradiciones literarias compartidas subraya la forma en que Greenberg creó una "errante alienada" que es testigo y se mantiene indefensa ante la violencia y la destrucción de la batalla, así como la infligida a la población civil.	feminine
384	1783	captain	Kitesurfing Equipment on board - this boat would also be ideal for kite- surfers with experience also who would like to learn more from the captain.	male_embedding_list	C4	Kitesurfing Ausrüstung an Bord - dieses Boot wäre auch ideal für Kitesurfer mit Erfahrung, die auch mehr vom Kapitän lernen möchten.	masculine	Kitesurfing Equipamiento a bordo - este barco también sería ideal para los kitesurfistas con experiencia también que quieren aprender más del capitán.	masculine	Kitesurfing Ausrüstung an Bord - dieses Boot wäre auch ideal für Kitesurfer mit Erfahrung, die auch mehr von der Kapitänin lernen möchten.	feminine	Kitesurfing Equipamiento a bordo - este barco también sería ideal para los kitesurfistas con experiencia también que quieren aprender más de la capitana.	feminine
385	362	citizen	Unless you are an Australian and New Zealand citizen, you will be required to obtain a valid Australian visa prior to entering the country.	LLM_neutral_list	C4	Wenn Sie kein australischer und neuseeländischer Staatsbürger sind, müssen Sie vor der Einreise ein gültiges australisches Visum erhalten.	masculine	A menos que usted sea ciudadano australiano y neozelandés, se le pedirá que obtenga una visa australiana válida antes de entrar en el país.	masculine	Wenn Sie keine australische und neuseeländische Staatsbürgerin sind, müssen Sie vor der Einreise ein gültiges australisches Visum erhalten.	feminine	A menos que usted sea ciudadana australiana y neozelandesa, se le pedirá que obtenga una visa australiana válida antes de entrar en el país.	feminine
386	4434	soldier	So Toots and Johnny picked up a young soldier.	male_embedding_list	OpenSubtitles	Also holten Toots und Johnny einen jungen Soldaten ab.	masculine	Así que Toots y Johnny recogieron a un joven soldado.	masculine	Also holten Toots und Johnny eine junge Soldatin ab.	feminine	Así que Toots y Johnny recogieron a una joven soldado.	feminine
387	4268	citizen	But as a citizen yourself, don' t you have a gut reaction?	LLM_neutral_list	OpenSubtitles	Aber als Bürger selbst, haben Sie nicht eine Bauchreaktion?	masculine	Pero como ciudadano usted mismo, ¿no tiene una reacción intestinal?	masculine	Aber als Bürgerin selbst, haben Sie nicht eine Bauchreaktion?	feminine	Pero como ciudadana usted misma, ¿no tiene una reacción intestinal?	feminine
388	3384	tourist	Of course, without another player you' re only a tourist.	LLM_neutral_list	OpenSubtitles	Natürlich, ohne einen anderen Spieler sind Sie nur ein Tourist.	masculine	Por supuesto, sin otro jugador sólo eres un turista.	masculine	Natürlich, ohne einen anderen Spieler sind Sie nur eine Touristin.	feminine	Por supuesto, sin otro jugador sólo eres una turista.	feminine
389	26	accountant	Owners wake up one night in a cold sweat realising that the company accountant or some other trusted employee is actually their biggest business risk.	female_embedding_list	C4	Eigentümer wachen eines Nachts in einem kalten Schweiß zu erkennen, dass das Unternehmen Buchhalter oder ein anderer vertrauenswürdiger Mitarbeiter ist tatsächlich ihr größtes Geschäftsrisiko.	masculine	Los propietarios se despiertan una noche en un sudor frío al darse cuenta de que el contador de la empresa o algún otro empleado de confianza es en realidad su mayor riesgo de negocio.	masculine	Eigentümer wachen eines Nachts in einem kalten Schweiß zu erkennen, dass das Unternehmen Buchhalterin oder ein anderer vertrauenswürdiger Mitarbeiter ist tatsächlich ihr größtes Geschäftsrisiko.	feminine	Los propietarios se despiertan una noche en un sudor frío al darse cuenta de que la contadora de la empresa o algún otro empleado de confianza es en realidad su mayor riesgo de negocio.	feminine
390	80	plumber	The yearly flush is a good time for your plumber to check out other plumbing issues you may be having.	LLM_male_list	C4	Der jährliche Flush ist eine gute Zeit für Ihren Klempner zu überprüfen, andere Sanitär-Probleme, die Sie haben können.	masculine	La descarga anual es un buen momento para que su fontanero ver otros problemas de plomería que usted puede estar teniendo.	masculine	Der jährliche Flush ist eine gute Zeit für Ihre Klempnerin zu überprüfen, andere Sanitär-Probleme, die Sie haben können.	feminine	La descarga anual es un buen momento para que su fontanera ver otros problemas de plomería que usted puede estar teniendo.	feminine
391	2704	receptionist	Our reservation was for the following day, however, the receptionist was very accommodating and fortunately there was one room left which was a Junior Suite located on the third floor.	female_embedding_list	C4	Unsere Reservierung war für den folgenden Tag, aber die Rezeptionist war sehr zuvorkommend und glücklicherweise gab es ein Zimmer links, das eine Junior Suite im dritten Stock war.	masculine	Nuestra reserva era para el día siguiente, sin embargo, la recepcionista era muy complaciente y afortunadamente quedaba una habitación que era una Junior Suite ubicada en el tercer piso.	feminine	Unsere Reservierung war für den folgenden Tag, aber die Rezeptionistin war sehr zuvorkommend und glücklicherweise gab es ein Zimmer links, das eine Junior Suite im dritten Stock war.	feminine	Nuestra reserva era para el día siguiente, sin embargo, el recepcionista era muy complaciente y afortunadamente quedaba una habitación que era una Junior Suite ubicada en el tercer piso.	masculine
392	1938	engineer	Also I'm not a sound engineer and not a very good instrumentalist, so I do it because it gives me more and more skills with every video, also I can share it with people who is interested, and just sing songs that I love comfortably!	male_embedding_list	C4	Auch ich bin kein Toningenieur und kein sehr guter Instrumentalist, also mache ich es, weil es mir mit jedem Video mehr und mehr Fähigkeiten gibt, auch kann ich es mit Leuten teilen, die interessiert sind, und einfach Songs singen, die ich bequem liebe!	masculine	También no soy un ingeniero de sonido y no un muy buen instrumentalista, así que lo hago porque me da más y más habilidades con cada video, también puedo compartirlo con la gente que está interesada, y simplemente cantar canciones que me encantan cómodamente!	masculine	Auch ich bin keine Toningenieurin und keine sehr gute Instrumentalistin, also mache ich es, weil es mir mit jedem Video mehr und mehr Fähigkeiten gibt, auch kann ich es mit Leuten teilen, die interessiert sind, und einfach Songs singen, die ich bequem liebe!	feminine	También no soy una ingeniera de sonido y no un muy buen instrumentalista, así que lo hago porque me da más y más habilidades con cada video, también puedo compartirlo con la gente que está interesada, y simplemente cantar canciones que me encantan cómodamente!	feminine
393	3054	buddy	Yeah, well, maybe if your buddy here stopped bad mouthing me, you´d find it easier to collect.	male_embedding_list	OpenSubtitles	Ja, nun, wenn dein Kumpel hier aufhören würde, mich schlecht zu quatschen, würdest du es leichter finden zu sammeln.	masculine	Sí, bueno, tal vez si tu amigo dejara de hablar mal de mí, te resultaría más fácil de recoger.	masculine	Ja, nun, wenn deine Kumpelin hier aufhören würde, mich schlecht zu quatschen, würdest du es leichter finden zu sammeln.	feminine	Sí, bueno, tal vez si tu amiga dejara de hablar mal de mí, te resultaría más fácil de recoger.	feminine
394	86	teacher	Others, though I and the special ed teacher have filled notebooks with sticky notes to alert them to points that can be earned, added missing items, provided scaffolding for the more complex items, just let it go.	female_embedding_list	C4	Andere, obwohl ich und die spezielle Lehrer haben gefüllt Notizbücher mit klebrigen Notizen, um sie auf Punkte, die verdient werden können, hinzugefügt fehlende Gegenstände, bereitgestellt Gerüste für die komplexeren Gegenstände, einfach loslassen.	masculine	Otros, aunque yo y el profesor de educación especial hemos llenado cuadernos con notas adhesivas para alertarles de los puntos que se pueden ganar, añadir los elementos que faltan, proporcionar andamios para los elementos más complejos, simplemente dejarlo ir.	masculine	Andere, obwohl ich und die spezielle Lehrerin haben gefüllt Notizbücher mit klebrigen Notizen, um sie auf Punkte, die verdient werden können, hinzugefügt fehlende Gegenstände, bereitgestellt Gerüste für die komplexeren Gegenstände, einfach loslassen.	feminine	Otros, aunque yo y la profesora de educación especial hemos llenado cuadernos con notas adhesivas para alertarles de los puntos que se pueden ganar, añadir los elementos que faltan, proporcionar andamios para los elementos más complejos, simplemente dejarlo ir.	feminine
395	3141	employee	Course, as it turns out...... l wasn' t a very good employee.	LLM_neutral_list	OpenSubtitles	Natürlich, wie sich herausstellte... Ich war kein sehr guter Angestellter.	masculine	Por supuesto, resulta que... no era un muy buen empleado.	masculine	Natürlich, wie sich herausstellte... Ich war keine sehr gute Angestellte.	feminine	Por supuesto, resulta que... no era una muy buena empleada.	feminine
396	72	plumber	In addition to no drip guarantee, you will get freebies by utilizing services from our 24hour plumber.	LLM_male_list	C4	Zusätzlich zu keiner Tropf-Garantie, erhalten Sie kostenlose Angebote durch die Nutzung von Dienstleistungen von unserem 24 Stunden Klempner.	masculine	Además de ninguna garantía de goteo, usted conseguirá gratis mediante la utilización de los servicios de nuestro fontanero 24 horas.	masculine	Zusätzlich zu keiner Tropf-Garantie, erhalten Sie kostenlose Angebote durch die Nutzung von Dienstleistungen von unserer 24 Stunden Klempnerin.	feminine	Además de ninguna garantía de goteo, usted conseguirá gratis mediante la utilización de los servicios de nuestra fontanera 24 horas.	feminine
397	808	coordinator	Your very own personal coordinator will be on hand to answer your question and to liase directly between you the client and our Designer.	female_embedding_list	C4	Ihr ganz persönlicher Koordinator wird Ihnen zur Verfügung stehen, um Ihre Frage zu beantworten und sich direkt zwischen Ihnen, dem Kunden und unserem Designer zu trennen.	masculine	Su propio coordinador personal estará a su disposición para responder a su pregunta y para establecer un enlace directo entre usted, el cliente y nuestro Diseñador.	masculine	Ihre ganz persönliche Koordinatorin wird Ihnen zur Verfügung stehen, um Ihre Frage zu beantworten und sich direkt zwischen Ihnen, dem Kunden und unserem Designer zu trennen.	feminine	Su propia coordinadora personal estará a su disposición para responder a su pregunta y para establecer un enlace directo entre usted, el cliente y nuestro Diseñador.	feminine
398	3534	worker	Do I look like a construction worker to you?	LLM_neutral_list	OpenSubtitles	Sehe ich für Sie wie ein Bauarbeiter aus?	masculine	¿Te parezco un trabajador de la construcción?	masculine	Sehe ich für Sie wie eine Bauarbeiterin aus?	feminine	¿Te parezco una trabajadora de la construcción?	feminine
399	2700	receptionist	I know one of the candidates has worked for the Clerk’s Office in a non-supervisory role as a receptionist and one of several Deputy Clerks.	female_embedding_list	C4	Ich weiß, dass einer der Kandidaten für das Büro des Klerks in einer nicht-aufsichtlichen Rolle als Empfangsdame und einer von mehreren Deputy Clerks gearbeitet hat.	feminine	Sé que uno de los candidatos ha trabajado para la Oficina del Empleado en una función no supervisora como recepcionista y uno de varios empleados adjuntos.	masculine	Ich weiß, dass einer der Kandidaten für das Büro des Klerks in einer nicht-aufsichtlichen Rolle als Rezeptionist und einer von mehreren Deputy Clerks gearbeitet hat.	masculine	Sé que una de los candidatos ha trabajado para la Oficina del Empleado en una función no supervisora como recepcionista y uno de varios empleados adjuntos.	feminine
400	1245	farmer	Young plants can also be consumed like arrowroots, notes the farmer.	male_embedding_list	C4	Junge Pflanzen können auch wie Pfeilwurzeln verzehrt werden, so der Bauer.	masculine	Las plantas jóvenes también se pueden consumir como las raíces de flecha, señala el agricultor.	masculine	Junge Pflanzen können auch wie Pfeilwurzeln verzehrt werden, so die Bauerin.	feminine	Las plantas jóvenes también se pueden consumir como las raíces de flecha, señala la agricultora.	feminine
401	3480	teacher	And I' ve been very much involved in the pastoral side of things as a form teacher.	female_embedding_list	OpenSubtitles	Und ich war sehr in die pastorale Seite der Dinge als Formlehrer involviert.	masculine	Y he estado muy involucrado en el lado pastoral de las cosas como maestro de formas.	masculine	Und ich war sehr in die pastorale Seite der Dinge als Formlehrerin involviert.	feminine	Y he estado muy involucrado en el lado pastoral de las cosas como maestra de formas.	feminine
402	2832	architect	When the church was turned into a mosque the architect in charge of the change had to deal with the fact that, similar to S. Vitale, the plan of the building did not allow a full view of its interior from all points.	male_embedding_list	C4	Als die Kirche in eine Moschee verwandelt wurde, musste sich der für den Umbau verantwortliche Architekt damit auseinandersetzen, dass der Plan des Gebäudes, ähnlich wie S. Vitale, von allen Seiten keinen vollen Blick auf sein Inneres erlaubte.	masculine	Cuando la iglesia se convirtió en una mezquita, el arquitecto encargado del cambio tuvo que lidiar con el hecho de que, al igual que S. Vitale, el plano del edificio no permitía una vista completa de su interior desde todos los puntos.	masculine	Als die Kirche in eine Moschee verwandelt wurde, musste sich die für den Umbau verantwortliche Architektin damit auseinandersetzen, dass der Plan des Gebäudes, ähnlich wie S. Vitale, von allen Seiten keinen vollen Blick auf sein Inneres erlaubte.	feminine	Cuando la iglesia se convirtió en una mezquita, la arquitecta encargada del cambio tuvo que lidiar con el hecho de que, al igual que S. Vitale, el plano del edificio no permitía una vista completa de su interior desde todos los puntos.	feminine
403	993	spectator	Uses a borrowed deck, is practically self-working, fools everyone, and your spectator actually feels the magic walks away feeling like a star!	LLM_neutral_list	C4	Benutzt ein ausgeliehenes Deck, ist praktisch selbst arbeitend, täuscht jeden, und dein Zuschauer fühlt tatsächlich, wie sich die Magie wie ein Stern anfühlt!	masculine	Usa una cubierta prestada, es prácticamente auto-trabajo, engaña a todos, y su espectador realmente siente que la magia se aleja sintiéndose como una estrella!	masculine	Benutzt ein ausgeliehenes Deck, ist praktisch selbst arbeitend, täuscht jeden, und deine Zuschauerin fühlt tatsächlich, wie sich die Magie wie ein Stern anfühlt!	feminine	Usa una cubierta prestada, es prácticamente auto-trabajo, engaña a todos, y su espectadora realmente siente que la magia se aleja sintiéndose como una estrella!	feminine
404	1443	roommate	My roommate took serious issue with my evaluation, insisting that all babies are beautiful.	LLM_neutral_list	C4	Meine Mitbewohnerin nahm ernsthafte Probleme mit meiner Bewertung auf und bestand darauf, dass alle Babys schön sind.	feminine	Mi compañera de cuarto tuvo serios problemas con mi evaluación, insistiendo en que todos los bebés son hermosos.	feminine	Mein Mitbewohner nahm ernsthafte Probleme mit meiner Bewertung auf und bestand darauf, dass alle Babys schön sind.	masculine	Mi compañero de cuarto tuvo serios problemas con mi evaluación, insistiendo en que todos los bebés son hermosos.	masculine
405	2169	therapist	Noyau has experts in these areas on staff to work with you if you and your therapist identify this as being a common addition to your treatment.	female_embedding_list	C4	Noyau hat Experten in diesen Bereichen auf Mitarbeiter mit Ihnen zu arbeiten, wenn Sie und Ihr Therapeut identifizieren dies als eine gemeinsame Ergänzung zu Ihrer Behandlung.	masculine	Noyau tiene expertos en estas áreas en personal para trabajar con usted si usted y su terapeuta identifican esto como una adición común a su tratamiento.	neutral	Noyau hat Experten in diesen Bereichen auf Mitarbeiter mit Ihnen zu arbeiten, wenn Sie und Ihre Therapeutin identifizieren dies als eine gemeinsame Ergänzung zu Ihrer Behandlung.	feminine	Noyau tiene expertos en estas áreas en personal para trabajar con usted si usted y su terapeuta identifican esto como una adición común a su tratamiento.	neutral
406	4512	virgin	During your visit, you said you were still a virgin.	female_embedding_list	OpenSubtitles	Während Ihres Besuchs sagten Sie, Sie seien noch Jungfrau.	neutral	Durante tu visita, dijiste que aún eras virgen.	neutral	Während Ihres Besuchs sagten Sie, Sie seien noch Jungfrau.	neutral	Durante tu visita, dijiste que aún eras virgen.	neutral
407	4785	farmer	I' m going to marry an onion farmer and do hair in Wimpsville?	male_embedding_list	OpenSubtitles	Ich heirate einen Zwiebelbauern und mache Haare in Wimpsville?	masculine	¿Me casaré con un granjero de cebollas y me haré el pelo en Wimpsville?	masculine	Ich heirate eine Zwiebelbauerin und mache Haare in Wimpsville?	feminine	¿Me casaré con una granjera de cebollas y me haré el pelo en Wimpsville?	feminine
408	444	financier	The 49-year-old financier was spotted treating the heavily pregnant actress, 42, to chocolate at Godiva in Midtown Manhattan yesterday.	male_embedding_list	C4	Der 49-jährige Finanzier wurde gestern bei Godiva in Midtown Manhattan entdeckt, als er die schwer schwangere Schauspielerin 42 mit Schokolade behandelte.	masculine	El financiero de 49 años fue visto tratando a la actriz muy embarazada, 42, con chocolate en Godiva en Midtown Manhattan ayer.	masculine	Die 49-jährige Finanzerin wurde gestern bei Godiva in Midtown Manhattan entdeckt, als sie die schwer schwangere Schauspielerin 42 mit Schokolade behandelte.	feminine	La financiera de 49 años fue vista tratando a la actriz muy embarazada, 42, con chocolate en Godiva en Midtown Manhattan ayer.	feminine
409	3363	resident	Were you like a resident or on staff some place?	LLM_neutral_list	OpenSubtitles	Waren Sie wie ein Bewohner oder im Personal irgendwo?	masculine	¿Eras como un residente o un empleado en algún lugar?	masculine	Waren Sie wie eine Bewohnerin oder im Personal irgendwo?	feminine	¿Eras como una residente o una empleada en algún lugar?	feminine
410	556	journalist	Immediately, a cat-and-mouse game ensues between the fragile diva and the ambitious journalist.	LLM_male_list	C4	Sofort entsteht ein Cat-and-Maus-Spiel zwischen der zerbrechlichen Diva und dem ambitionierten Journalisten.	masculine	Inmediatamente, un juego de gato y ratón se produce entre la frágil diva y el ambicioso periodista.	masculine	Sofort entsteht ein Cat-and-Maus-Spiel zwischen der zerbrechlichen Diva und der ambitionierten Journalistin.	feminine	Inmediatamente, un juego de gato y ratón se produce entre la frágil diva y la ambiciosa periodista.	feminine
411	4473	governor	I expected to be allowed to do the job assigned to me by the governor.	male_embedding_list	OpenSubtitles	Ich erwartete, dass ich die Aufgabe erfüllen durfte, die mir vom Gouverneur zugewiesen wurde.	masculine	Esperaba que me permitieran hacer el trabajo que me asignó el gobernador.	masculine	Ich erwartete, dass ich die Aufgabe erfüllen durfte, die mir von der Gouverneurin zugewiesen wurde.	feminine	Esperaba que me permitieran hacer el trabajo que me asignó la gobernadora.	feminine
412	904	companion	Both contenders shot level par and played excellently, brilliant at times, but not the consistent brilliance of their Irish companion.	LLM_neutral_list	C4	Beide Anwärter schossen ebene par und spielten hervorragend, manchmal brillant, aber nicht die konsequente Brillanz ihres irischen Begleiters.	masculine	Ambos contendientes dispararon nivel par y jugaron excelentemente, brillante a veces, pero no el brillo consistente de su compañero irlandés.	masculine	Beide Anwärter schossen ebene par und spielten hervorragend, manchmal brillant, aber nicht die konsequente Brillanz ihrer irischen Begleiterin.	feminine	Ambos contendientes dispararon nivel par y jugaron excelentemente, brillante a veces, pero no el brillo consistente de su compañera irlandesa.	feminine
413	3469	member	Luckily a member of the police found her whereabouts in the bar Leville.	LLM_neutral_list	OpenSubtitles	Zum Glück fand ein Polizist ihren Aufenthaltsort in der Bar Leville.	masculine	Por suerte un miembro de la policía encontró su paradero en el bar Leville.	masculine	Zum Glück fand eine Polizistin ihren Aufenthaltsort in der Bar Leville.	feminine	Por suerte una miembro de la policía encontró su paradero en el bar Leville.	feminine
414	762	researcher	I find it difficult to believe that I am the first researcher to figure out what I describe in this book.	LLM_male_list	C4	Ich finde es schwierig zu glauben, dass ich der erste Forscher bin, der herausfindet, was ich in diesem Buch beschreibe.	masculine	Me resulta difícil creer que soy el primer investigador en descubrir lo que describo en este libro.	masculine	Ich finde es schwierig zu glauben, dass ich die erste Forscherin bin, die herausfindet, was ich in diesem Buch beschreibe.	feminine	Me resulta difícil creer que soy la primera investigadora en descubrir lo que describo en este libro.	feminine
415	4590	supervisor	The building supervisor hired Steven as a member of our congregation.	male_embedding_list	OpenSubtitles	Der Bauleiter heuerte Steven als Mitglied unserer Versammlung an.	masculine	El supervisor del edificio contrató a Steven como miembro de nuestra congregación.	masculine	Die Bauleiterin heuerte Steven als Mitglied unserer Versammlung an.	feminine	La supervisora del edificio contrató a Steven como miembro de nuestra congregación.	feminine
416	1012	gamer	If you’re a mainstream gamer who’s after an affordable, feature-packed gaming motherboard that won’t break your bank … then there’s NO excuse not to consider the Asus ROG Strix B360-F Gaming motherboard.	LLM_neutral_list	C4	Wenn du ein Mainstream-Gamer bist, der nach einem erschwinglichen, feature-packed Gaming-Motherboard, das deine Bank nicht brechen wird ... dann gibt es keine Entschuldigung, das Asus ROG Strix B360-F Gaming-Motherboard nicht zu betrachten.	masculine	Si usted es un jugador corriente que está detrás de una placa base de juego asequible, lleno de características que no romperá su banco ... entonces no hay excusa para no considerar la placa base Asus ROG Strix B360-F Gaming.	masculine	Wenn du eine Mainstream-Gamerin bist, die nach einem erschwinglichen, feature-packed Gaming-Motherboard, das deine Bank nicht brechen wird ... dann gibt es keine Entschuldigung, das Asus ROG Strix B360-F Gaming-Motherboard nicht zu betrachten.	feminine	Si usted es una jugadora corriente que está detrás de una placa base de juego asequible, lleno de características que no romperá su banco ... entonces no hay excusa para no considerar la placa base Asus ROG Strix B360-F Gaming.	feminine
417	1535	enthusiast	The smart-home enthusiast on your shopping list is sure to be impressed with BEDDI, an app-controlled intelligent alarm clock and speaker that comes jam-packed with features.	LLM_neutral_list	C4	Der Smart-Home-Enthusiast auf Ihrer Einkaufsliste ist sicherlich beeindruckt von BEDDI, einem anwendungsgesteuerten intelligenten Wecker und Lautsprecher, der mit Features vollgepackt ist.	masculine	El entusiasta de la casa inteligente en su lista de compras está seguro de estar impresionado con BEDDI, un reloj despertador inteligente controlado por aplicaciones y altavoz que viene repleto de características.	masculine	Die Smart-Home-Enthusiastin auf Ihrer Einkaufsliste ist sicherlich beeindruckt von BEDDI, einem anwendungsgesteuerten intelligenten Wecker und Lautsprecher, der mit Features vollgepackt ist.	feminine	La entusiasta de la casa inteligente en su lista de compras está segura de estar impresionada con BEDDI, un reloj despertador inteligente controlado por aplicaciones y altavoz que viene repleto de características.	feminine
418	2623	gardener	I’m not much of a gardener but my daughter is.	LLM_female_list	C4	Ich bin nicht viel von einem Gärtner, aber meine Tochter ist es.	masculine	No soy un gran jardinero, pero mi hija lo es.	masculine	Ich bin nicht viel von einer Gärtnerin, aber meine Tochter ist es.	feminine	No soy una gran jardinera, pero mi hija lo es.	feminine
419	2992	idiot	I' m trying to make him feel better, idiot.	male_embedding_list	OpenSubtitles	Ich will, dass er sich besser fühlt, Idiot.	masculine	Estoy tratando de que se sienta mejor, idiota.	neutral	Ich will, dass er sich besser fühlt, Idiotin.	feminine	Estoy tratando de que se sienta mejor, idiota.	neutral
420	1575	pilot	Colombia's investigation conclude that the plane's pilot were directly responsible for the accident.	male_embedding_list	C4	Kolumbiens Untersuchung kommt zu dem Schluss, dass der Pilot des Flugzeugs direkt für den Unfall verantwortlich war.	masculine	La investigación de Colombia concluye que el piloto del avión fue directamente responsable del accidente.	masculine	Kolumbiens Untersuchung kommt zu dem Schluss, dass die Pilotin des Flugzeugs direkt für den Unfall verantwortlich war.	feminine	La investigación de Colombia concluye que la piloto del avión fue directamente responsable del accidente.	feminine
421	4229	manager	I' m the manager here, and there' s no problem.	male_embedding_list	OpenSubtitles	Ich bin hier der Manager, und es gibt kein Problem.	masculine	Soy el gerente aquí, y no hay problema.	masculine	Ich bin hier die Managerin, und es gibt kein Problem.	feminine	Soy la gerente aquí, y no hay problema.	feminine
422	874	doctor	While I recalled reading that the mentioned blood test was highly inaccurate in diagnosing pancreatic cancer, I thought I ought to take the doctor’s word at this point.	LLM_male_list	C4	Während ich mich daran erinnerte zu lesen, dass der erwähnte Bluttest bei der Diagnose von Bauchspeicheldrüsenkrebs sehr ungenau war, dachte ich, ich sollte das Arztwort an dieser Stelle nehmen.	neutral	Mientras recordaba leer que el análisis de sangre mencionado era altamente inexacto en el diagnóstico del cáncer de páncreas, pensé que debía tomar la palabra del médico en este punto.	masculine	Während ich mich daran erinnerte zu lesen, dass der erwähnte Bluttest bei der Diagnose von Bauchspeicheldrüsenkrebs sehr ungenau war, dachte ich, ich sollte das Arztwort an dieser Stelle nehmen.	neutral	Mientras recordaba leer que el análisis de sangre mencionado era altamente inexacto en el diagnóstico del cáncer de páncreas, pensé que debía tomar la palabra de la médica en este punto.	feminine
423	4283	engineer	God, I just wanna be able to say, "I wanna be a teacher," you know, or a podiatrist or a fucking electricaI engineer.	male_embedding_list	OpenSubtitles	Gott, ich will nur sagen können: "Ich will Lehrerin sein", oder ein Podiatrist oder ein verdammter Elektroingenieur.	masculine	Dios, sólo quiero ser capaz de decir, "Quiero ser profesor", ya sabes, o un podólogo o un maldito ingeniero eléctrico.	masculine	Gott, ich will nur sagen können: "Ich will Lehrerin sein", oder eine Podiatristin oder eine verdammte Elektroingenieurin.	feminine	Dios, sólo quiero ser capaz de decir, "Quiero ser profesora", ya sabes, o una podóloga o una maldita ingeniera eléctrica.	feminine
424	511	lover	To the wounded lover, you were wronged and it was unfair.	female_embedding_list	C4	Für den verwundeten Liebhaber wurde Ihnen Unrecht getan und es war unfair.	masculine	Para el amante herido, te hicieron daño y fue injusto.	masculine	Für die verwundete Liebhaberin wurde Ihnen Unrecht getan und es war unfair.	feminine	Para la amante herida, te hicieron daño y fue injusto.	feminine
425	1860	janitor	Frasque, I had an MRI tech tell me about the time a janitor left a steel folding chair in the MRI room.	male_embedding_list	C4	Frasque, ich hatte eine MRT-Technik, die mir von der Zeit erzählt, als ein Hausmeister einen Stahlklappstuhl im MRT-Raum verließ.	masculine	Frasque, un técnico de resonancia magnética me contó cuando un conserje dejó una silla plegable de acero en la sala de resonancia magnética.	masculine	Frasque, ich hatte eine MRT-Technik, die mir von der Zeit erzählt, als eine Hausmeisterin einen Stahlklappstuhl im MRT-Raum verließ.	feminine	Frasque, un técnico de resonancia magnética me contó cuando una conserje dejó una silla plegable de acero en la sala de resonancia magnética.	feminine
426	1351	boss	Going below premium is not a choice when it’s about buying a cool gift for your boss.	male_embedding_list	C4	Unterhalb der Prämie ist keine Wahl, wenn es sich um den Kauf eines coolen Geschenk für Ihren Chef.	masculine	Ir por debajo de la prima no es una opción cuando se trata de comprar un regalo fresco para su jefe.	neutral	Unterhalb der Prämie ist keine Wahl, wenn es sich um den Kauf eines coolen Geschenk für Ihre Chefin.	feminine	Ir por debajo de la prima no es una opción cuando se trata de comprar un regalo fresco para su jefe.	neutral
427	2966	driver	Then I got cut off by this idiot cab driver who starts screaming at me.	male_embedding_list	OpenSubtitles	Dann wurde ich von diesem idiotischen Taxifahrer abgeschnitten, der mich anschreit.	masculine	Luego me cortó un taxista idiota que empezó a gritarme.	masculine	Dann wurde ich von dieser idiotischen Taxifahrerin abgeschnitten, die mich anschreit.	feminine	Luego me cortó una taxista idiota que empezó a gritarme.	feminine
428	3441	warrior	By order of His Majesty we have brought the mighty warrior.	male_embedding_list	OpenSubtitles	Auf Befehl Seiner Majestät haben wir den mächtigen Krieger mitgebracht.	masculine	Por orden de Su Majestad hemos traído al poderoso guerrero.	masculine	Auf Befehl Seiner Majestät haben wir die mächtige Kriegerin mitgebracht.	feminine	Por orden de Su Majestad hemos traído a la poderosa guerrera.	feminine
429	2611	cashier	In Jacobs’ example, it is looking up from his phone to meet the eyes of the barista or cashier serving his coffee.	female_embedding_list	C4	Im Beispiel von Jacobs, schaut es von seinem Telefon auf, um den Augen des Barista oder Kassierers zu begegnen, der seinen Kaffee serviert.	masculine	En el ejemplo de Jacobs, está mirando hacia arriba desde su teléfono para encontrarse con los ojos del barista o cajero que sirve su café.	masculine	Im Beispiel von Jacobs, schaut es von seinem Telefon auf, um den Augen der Barista oder Kassiererin zu begegnen, die seinen Kaffee serviert.	feminine	En el ejemplo de Jacobs, está mirando hacia arriba desde su teléfono para encontrarse con los ojos del barista o cajera que sirve su café.	feminine
430	1082	partner	Your vows are a reflection of the strength of your commitment to your partner.	LLM_neutral_list	C4	Ihre Gelübde spiegeln die Stärke Ihres Engagements gegenüber Ihrem Partner wider.	masculine	Sus votos son un reflejo de la fuerza de su compromiso con su pareja.	neutral	Ihre Gelübde spiegeln die Stärke Ihres Engagements gegenüber Ihrer Partnerin wider.	feminine	Sus votos son un reflejo de la fuerza de su compromiso con su pareja.	neutral
431	1158	chief	Peter said that the chief and villagers wanted to prepare us some food but they were unsure of what we ate.	male_embedding_list	C4	Petrus sagte, daß der Häuptling und die Dorfbewohner uns etwas zubereiten wollten, aber sie waren sich dessen nicht sicher, was wir aßen.	masculine	Pedro dijo que el jefe y los aldeanos querían prepararnos algo de comida, pero no estaban seguros de lo que comíamos.	masculine	Petrus sagte, daß die Stammesführerin und die Dorfbewohner uns etwas zubereiten wollten, aber sie waren sich dessen nicht sicher, was wir aßen.	feminine	Pedro dijo que la jefe y los aldeanos querían prepararnos algo de comida, pero no estaban seguros de lo que comíamos.	feminine
432	2944	driver	Yeah, you know, me and the driver.	male_embedding_list	OpenSubtitles	Ja, weißt du, ich und der Fahrer.	masculine	Sí, ya sabes, yo y el conductor.	masculine	Ja, weißt du, ich und die Fahrerin.	feminine	Sí, ya sabes, yo y la conductora.	feminine
433	1642	vegetarian	I’m a vegetarian so I’m right into eating properly and staying hydrated.	female_embedding_list	C4	Ich bin ein Vegetarier, so dass ich richtig essen und bleiben hydratisiert.	masculine	Soy vegetariano, así que estoy a la derecha en comer adecuadamente y permanecer hidratado.	masculine	Ich bin eine Vegetarierin, so dass ich richtig essen und bleiben hydratisiert.	feminine	Soy vegetariana, así que estoy a la derecha en comer adecuadamente y permanecer hidratada.	feminine
434	98	teacher	Alternatively, you can request your teacher to explain it to you again in simpler terms.	female_embedding_list	C4	Alternativ kannst du deinen Lehrer bitten, es dir noch einmal einfacher zu erklären.	masculine	Alternativamente, puedes pedir a tu profesor que te lo explique de nuevo en términos más sencillos.	masculine	Alternativ kannst du deine Lehrerin bitten, es dir noch einmal einfacher zu erklären.	feminine	Alternativamente, puedes pedir a tu profesora que te lo explique de nuevo en términos más sencillos.	feminine
435	429	nurse	We know you can be an amazing health care provider and be the nurse your patients need.	female_embedding_list	C4	Wir wissen, dass Sie ein erstaunlicher Gesundheitsdienstleister sein können und die Krankenschwester sein können, die Ihre Patienten brauchen.	feminine	Sabemos que puede ser un proveedor de atención médica increíble y ser la enfermera que necesitan sus pacientes.	feminine	Wir wissen, dass Sie ein erstaunlicher Gesundheitsdienstleister sein können und der Krankenpfleger sein können, die Ihre Patienten brauchen.	masculine	Sabemos que puede ser un proveedor de atención médica increíble y ser el enfermero que necesitan sus pacientes.	masculine
436	1363	colleague	That’s what they problem was, I can assure you if I was prepared to say yes like previous Finance Ministers were, I would have been celebrated as an excellent colleague.	LLM_neutral_list	C4	Das ist, was sie Problem war, kann ich Ihnen versichern, wenn ich bereit war, ja zu sagen, wie frühere Finanzminister waren, ich wäre als ausgezeichneter Kollege gefeiert worden.	masculine	Eso es lo que el problema era, puedo asegurarles si estuviera dispuesto a decir que sí, como lo fueron los anteriores Ministros de Finanzas, me hubieran celebrado como un excelente colega.	masculine	Das ist, was sie Problem war, kann ich Ihnen versichern, wenn ich bereit war, ja zu sagen, wie frühere Finanzminister waren, ich wäre als ausgezeichnete Kollegin gefeiert worden.	feminine	Eso es lo que el problema era, puedo asegurarles si estuviera dispuesto a decir que sí, como lo fueron los anteriores Ministros de Finanzas, me hubieran celebrado como una excelente colega.	feminine
437	2112	warrior	This is possibly the most detailed study yet of the contribution made by a typical “old warrior” of this class to winning the war with end notes and citations plus a list of all its officers from 1919-46 and a list of known ratings.	male_embedding_list	C4	Dies ist möglicherweise die detaillierteste Studie noch über den Beitrag eines typischen alten Kriegers aus dieser Klasse zum Sieg des Krieges mit Endnoten und Zitaten sowie eine Liste aller seiner Offiziere von 1919-46 und eine Liste der bekannten Ratings.	masculine	Este es posiblemente el estudio más detallado hasta ahora de la contribución hecha por un típico “viejo guerrero” de esta clase a ganar la guerra con notas finales y citas más una lista de todos sus oficiales de 1919-46 y una lista de calificaciones conocidas.	masculine	Dies ist möglicherweise die detaillierteste Studie noch über den Beitrag einer typischen alten Kriegerin aus dieser Klasse zum Sieg des Krieges mit Endnoten und Zitaten sowie eine Liste aller seiner Offiziere von 1919-46 und eine Liste der bekannten Ratings.	feminine	Este es posiblemente el estudio más detallado hasta ahora de la contribución hecha por una típico “vieja guerrera” de esta clase a ganar la guerra con notas finales y citas más una lista de todos sus oficiales de 1919-46 y una lista de calificaciones conocidas.	feminine
438	2433	minister	The health minister said ” The opposition was trying to take political mileage over the situation “.	male_embedding_list	C4	Der Gesundheitsminister sagte, dass die Opposition versucht, politische Kilometer über die Situation zu nehmen.	masculine	El ministro de salud dijo: “La oposición estaba tratando de tomar el kilometraje político sobre la situación”.	masculine	Die Gesundheitsministerin sagte, dass die Opposition versucht, politische Kilometer über die Situation zu nehmen.	feminine	La ministra de salud dijo: “La oposición estaba tratando de tomar el kilometraje político sobre la situación”.	feminine
439	1090	hairdresser	Whether you’re looking to become a hairdresser, plumber, cook or carpenter, or want to study A Levels to progress on to university, Central Sussex College provides the courses for whoever you want to be.	female_embedding_list	C4	Ob Sie Friseur, Klempner, Koch oder Zimmermann werden möchten oder A Levels studieren möchten, um weiter zur Universität zu gehen, bietet das Central Sussex College die Kurse für alle, die Sie sein möchten.	masculine	Ya sea que usted está buscando para convertirse en un peluquero, fontanero, cocinero o carpintero, o desea estudiar Niveles A para progresar en la universidad, Central Sussex College proporciona los cursos para quien quiera ser.	masculine	Ob Sie Friseurin, Klempnerin, Köchin oder Zimmerfrau werden möchten oder A Levels studieren möchten, um weiter zur Universität zu gehen, bietet das Central Sussex College die Kurse für alle, die Sie sein möchten.	feminine	Ya sea que usted está buscando para convertirse en una peluquera, fontanera, cocinera o carpintera, o desea estudiar Niveles A para progresar en la universidad, Central Sussex College proporciona los cursos para quien quiera ser.	feminine
440	2644	senior	The Chowchilla senior has had a hard time focusing on anything but football the past week.	female_embedding_list	C4	Die Chowchilla senior hatte eine harte Zeit, sich auf alles außer Fußball in der letzten Woche.	feminine	El senior de Chowchilla ha tenido dificultades para centrarse en cualquier cosa menos en el fútbol la semana pasada.	masculine	Der Chowchilla senior hatte eine harte Zeit, sich auf alles außer Fußball in der letzten Woche.	masculine	La senior de Chowchilla ha tenido dificultades para centrarse en cualquier cosa menos en el fútbol la semana pasada.	feminine
441	1208	author	The author made it so brief and sudden that the conclusion was not satisfying.	female_embedding_list	C4	Der Autor machte es so kurz und plötzlich, dass die Schlussfolgerung nicht befriedigend war.	masculine	El autor hizo tan breve y repentino que la conclusión no fue satisfactoria.	masculine	Die Autorin machte es so kurz und plötzlich, dass die Schlussfolgerung nicht befriedigend war.	feminine	La autora hizo tan breve y repentino que la conclusión no fue satisfactoria.	feminine
442	3924	student	That' s it, well done my student!	female_embedding_list	OpenSubtitles	"Das war's, gut gemacht, mein Schüler!"	masculine	¡Eso es todo, bien hecho mi estudiante!	neutral	"Das war's, gut gemacht, meine Schülerin!"	feminine	¡Eso es todo, bien hecho mi estudiante!	neutral
443	463	scientist	As a reproductive scientist I believe that loving a child really has little to do with genetics.	LLM_male_list	C4	Als Reproduktionswissenschaftler glaube ich, dass die Liebe zu einem Kind wirklich wenig mit Genetik zu tun hat.	masculine	Como científico reproductivo creo que amar a un niño realmente tiene poco que ver con la genética.	masculine	Als Reproduktionswissenschaftlerin glaube ich, dass die Liebe zu einem Kind wirklich wenig mit Genetik zu tun hat.	feminine	Como científica reproductiva creo que amar a un niño realmente tiene poco que ver con la genética.	feminine
444	1392	friend	My friend asked me to see if I could replace a noisy fan on this laptop.	LLM_neutral_list	C4	Mein Freund fragte mich, ob ich einen lauten Ventilator auf diesem Laptop ersetzen könnte.	masculine	Mi amigo me pidió que viera si podía reemplazar un ventilador ruidoso en este portátil.	masculine	Meine Freundin fragte mich, ob ich einen lauten Ventilator auf diesem Laptop ersetzen könnte.	feminine	Mi amiga me pidió que viera si podía reemplazar un ventilador ruidoso en este portátil.	feminine
445	2934	neighbor	I' m talking about love your neighbor until it hurts.	LLM_neutral_list	OpenSubtitles	Ich rede von Liebe, deinem Nächsten, bis es wehtut.	masculine	Estoy hablando de amar a tu vecino hasta que duela.	masculine	Ich rede von Liebe, deiner Nächsten, bis es wehtut.	feminine	Estoy hablando de amar a tu vecina hasta que duela.	feminine
446	856	inhabitant	As an inhabitant of sub-tropical river flats I had actually subliminally registered these as clouds.	LLM_neutral_list	C4	Als Bewohner subtropischer Flusswohnungen hatte ich diese tatsächlich subliminal als Wolken registriert.	masculine	Como habitante de las planicies subtropicales de los ríos, en realidad las había registrado subliminalmente como nubes.	neutral	Als Bewohnerin subtropischer Flusswohnungen hatte ich diese tatsächlich subliminal als Wolken registriert.	feminine	Como habitante de las planicies subtropicales de los ríos, en realidad las había registrado subliminalmente como nubes.	neutral
447	1336	boss	It was a lot and my boss never paid me.	male_embedding_list	C4	Es war viel und mein Boss hat mich nie bezahlt.	masculine	Fue mucho y mi jefe nunca me pagó.	neutral	Es war viel und meine Chefin hat mich nie bezahlt.	feminine	Fue mucho y mi jefe nunca me pagó.	neutral
448	2345	bookkeeper	And don’t forget about those cash receipts either – your bookkeeper/accountant will need your cash receipts to make sure that those are properly allocated in your books, so you can take the deduction.	female_embedding_list	C4	Und vergesst auch nicht diese Kassenquittungen – euer Buchhalter/Buchhalter braucht eure Kassenquittungen, um sicherzustellen, dass diese in euren Büchern richtig zugeordnet sind, damit ihr den Abzug nehmen könnt.	masculine	Y no se olvide de esos recibos en efectivo tampoco – su contable / contable necesitará sus recibos en efectivo para asegurarse de que se asignan correctamente en sus libros, por lo que puede tomar la deducción.	neutral	Und vergesst auch nicht diese Kassenquittungen – eure Buchhalterin/Buchhalterin braucht eure Kassenquittungen, um sicherzustellen, dass diese in euren Büchern richtig zugeordnet sind, damit ihr den Abzug nehmen könnt.	feminine	Y no se olvide de esos recibos en efectivo tampoco – su contable / contable necesitará sus recibos en efectivo para asegurarse de que se asignan correctamente en sus libros, por lo que puede tomar la deducción.	neutral
449	3567	fighter	This kid is never gonna be a fighter.	male_embedding_list	OpenSubtitles	Dieser Junge wird nie ein Kämpfer sein.	masculine	Este chico nunca va a ser un luchador.	masculine	Dieses Mädchen wird nie eine Kämpferin sein.	feminine	Esta chica nunca va a ser una luchadora.	feminine
450	4822	visitor	Well, one day, old Captain Mertin received an unexpected visitor.	LLM_neutral_list	OpenSubtitles	Eines Tages empfing der alte Kapitän Mertin einen unerwarteten Besucher.	masculine	Bueno, un día, el viejo capitán Mertin recibió una visita inesperada.	neutral	Eines Tages empfing der alte Kapitän Mertin eine unerwartete Besucherin.	feminine	Bueno, un día, el viejo capitán Mertin recibió una visita inesperada.	neutral
451	1553	enthusiast	Whether you are a seasoned professional or a budding enthusiast, you will not be disappointed!	LLM_neutral_list	C4	Ob Sie ein erfahrener Profi oder ein angehender Enthusiast sind, werden Sie nicht enttäuscht sein!	masculine	Si usted es un profesional experimentado o un entusiasta en ciernes, no se sentirá decepcionado!	masculine	Ob Sie ein erfahrener Profi oder eine angehende Enthusiastin sind, werden Sie nicht enttäuscht sein!	feminine	Si usted es una profesional experimentada o una entusiasta en ciernes, no se sentirá decepcionada!	feminine
452	2315	follower	New follower...I've never had pimento cheese, I may have to try this!!	male_embedding_list	C4	Neuer Follower...Ich hatte noch nie Pimento-Käse, vielleicht muss ich das versuchen!!	masculine	Nuevo seguidor...¡Nunca he comido queso de pimiento, puede que tenga que probar esto!!	masculine	Neue Followerin...Ich hatte noch nie Pimento-Käse, vielleicht muss ich das versuchen!!	feminine	Nueva seguidora...¡Nunca he comido queso de pimiento, puede que tenga que probar esto!!	feminine
453	1911	supporter	Be a major and visible supporter for our open source projects!	male_embedding_list	C4	Seien Sie ein wichtiger und sichtbarer Unterstützer für unsere Open-Source-Projekte!	masculine	¡Sé un defensor importante y visible de nuestros proyectos de código abierto!	masculine	Seien Sie eine wichtige und sichtbare Unterstützerin für unsere Open-Source-Projekte!	feminine	¡Sé una defensora importante y visible de nuestros proyectos de código abierto!	feminine
454	2557	assistant	Bearly News had asked the shaky archives assistant who logged into the computer for us.	female_embedding_list	C4	Bearly News hatte den wackeligen Archivassistenten gefragt, der sich für uns in den Computer einloggte.	masculine	Bearly News le había preguntado al inestable asistente de archivos que entró en la computadora por nosotros.	masculine	Bearly News hatte die wackelige Archivassistentin gefragt, die sich für uns in den Computer einloggte.	feminine	Bearly News le había preguntado a la inestable asistente de archivos que entró en la computadora por nosotros.	feminine
455	3886	nanny	It says here I' m to play the nanny.	female_embedding_list	OpenSubtitles	Hier steht, dass ich das Kindermädchen spiele.	feminine	Aquí dice que voy a hacer de niñera.	feminine	Hier steht, dass ich den Kinderbetreuer spiele.	masculine	Aquí dice que voy a hacer de niñero.	masculine
456	3725	journalist	As a journalist you shouldn' t be discrete.	LLM_male_list	OpenSubtitles	Als Journalist sollten Sie nicht diskret sein.	masculine	Como periodista no deberías ser discreto.	masculine	Als Journalistin sollten Sie nicht diskret sein.	feminine	Como periodista no deberías ser discreta.	feminine
457	329	lawyer	Your Connecticut criminal defense lawyer will have to work hard to get your charges reduced or dismissed.	male_embedding_list	C4	Ihr Connecticut Strafverteidiger wird hart arbeiten müssen, um Ihre Anklagen reduziert oder entlassen zu bekommen.	masculine	Su abogado de defensa criminal de Connecticut tendrá que trabajar duro para conseguir que sus cargos sean reducidos o despedidos.	masculine	Ihre Connecticut Strafverteidigerin wird hart arbeiten müssen, um Ihre Anklagen reduziert oder entlassen zu bekommen.	feminine	Su abogada de defensa criminal de Connecticut tendrá que trabajar duro para conseguir que sus cargos sean reducidos o despedidos.	feminine
458	2698	receptionist	Sure, you have a real-life receptionist, but you could also benefit from having a team of dedicated telephone operators of your own.	female_embedding_list	C4	Sicher, Sie haben eine echte Empfangsdame, aber Sie könnten auch von einem Team von engagierten Telefonbetreibern Ihrer eigenen profitieren.	feminine	Claro, usted tiene una recepcionista de la vida real, pero también podría beneficiarse de tener un equipo de operadores telefónicos dedicados de su propia.	feminine	Sicher, Sie haben einen echten Rezeptionisten, aber Sie könnten auch von einem Team von engagierten Telefonbetreibern Ihrer eigenen profitieren.	masculine	Claro, usted tiene un recepcionista de la vida real, pero también podría beneficiarse de tener un equipo de operadores telefónicos dedicados de su propia.	masculine
459	515	lover	Every year, horror and fear come alive on the big screen, and whether you are a newbie or veteran horror-film lover, you will travel to the depths of your inner darkness and even question the meaning of life with every terrifying film.	female_embedding_list	C4	Jedes Jahr werden Schrecken und Angst auf der Leinwand lebendig, und ob du ein Neuling oder ein erfahrener Horrorfilm-Liebhaber bist, wirst du in die Tiefen deiner inneren Dunkelheit reisen und mit jedem erschreckenden Film sogar den Sinn des Lebens in Frage stellen.	masculine	Cada año, el horror y el miedo cobran vida en la gran pantalla, y si eres un novato o veterano amante de la película de terror, viajarás a las profundidades de tu oscuridad interior e incluso cuestionarás el significado de la vida con cada película aterradora.	masculine	Jedes Jahr werden Schrecken und Angst auf der Leinwand lebendig, und ob du ein Neuling oder eine erfahrene Horrorfilm-Liebhaberin bist, wirst du in die Tiefen deiner inneren Dunkelheit reisen und mit jedem erschreckenden Film sogar den Sinn des Lebens in Frage stellen.	feminine	Cada año, el horror y el miedo cobran vida en la gran pantalla, y si eres una novata o veterana amante de la película de terror, viajarás a las profundidades de tu oscuridad interior e incluso cuestionarás el significado de la vida con cada película aterradora.	feminine
460	3061	buddy	All right, buddy, I' m off.	male_embedding_list	OpenSubtitles	Okay, Kumpel, ich bin weg.	masculine	Muy bien, amigo, me voy.	masculine	Okay, Kumpelin, ich bin weg.	feminine	Muy bien, amiga, me voy.	feminine
461	4599	minister	The prime minister asked me to assure you this is what we propose to do.	male_embedding_list	OpenSubtitles	Der Premierminister bat mich, Ihnen zu versichern, dass wir dies tun werden.	masculine	El primer ministro me pidió que le asegurara que esto es lo que proponemos hacer.	masculine	Die Premierministerin bat mich, Ihnen zu versichern, dass wir dies tun werden.	feminine	La primera ministra me pidió que le asegurara que esto es lo que proponemos hacer.	feminine
462	1116	peer	The argument that sometimes emerged from reflective dialogues of this nature ... sometimes ... resulted in the negotiations of the instructional conceptions held by a student teacher during teaching and that held by a peer holding opposing views.	LLM_neutral_list	C4	Das Argument, dass manchmal aus reflektierenden Dialogen dieser Art entstanden ... manchmal ... führte zu den Verhandlungen über die Lehrkonzepte von einem Lehrer während des Unterrichts gehalten und dass von einem Peer gehalten gegensätzliche Ansichten.	masculine	El argumento que a veces surgió de diálogos reflexivos de esta naturaleza... a veces... dio lugar a las negociaciones de las concepciones instructivas mantenidas por un maestro estudiante durante la enseñanza y la mantenida por un compañero que sostenía puntos de vista opuestos.	masculine	Das Argument, dass manchmal aus reflektierenden Dialogen dieser Art entstanden ... manchmal ... führte zu den Verhandlungen über die Lehrkonzepte von einem Lehrer während des Unterrichts gehalten und dass von einer Peer gehalten gegensätzliche Ansichten.	feminine	El argumento que a veces surgió de diálogos reflexivos de esta naturaleza... a veces... dio lugar a las negociaciones de las concepciones instructivas mantenidas por un maestro estudiante durante la enseñanza y la mantenida por una compañera que sostenía puntos de vista opuestas.	feminine
463	136	photographer	As a news photographer, I covered many natural disasters—fires, floods, tornadoes and earthquakes.	LLM_male_list	C4	Als Nachrichtenfotograf deckte ich viele Naturkatastrophen ab – Feuer, Überschwemmungen, Tornados und Erdbeben.	masculine	Como fotógrafo de noticias, cubrí muchos desastres naturales: incendios, inundaciones, tornados y terremotos.	masculine	Als Nachrichtenfotografin deckte ich viele Naturkatastrophen ab – Feuer, Überschwemmungen, Tornados und Erdbeben.	feminine	Como fotógrafa de noticias, cubrí muchos desastres naturales: incendios, inundaciones, tornados y terremotos.	feminine
464	2713	mover	Maybe your odds of becoming the next Britney Spears aren’t the best, but that doesn’t mean you will never be a mover-and-shaker in the music biz.	male_embedding_list	C4	Vielleicht sind deine Chancen, die nächste Britney Spears zu werden, die besten, aber das bedeutet nicht, dass du nie ein Mover-and-Shaker in der Musik Biz sein wirst.	masculine	Tal vez tus probabilidades de convertirte en el próximo Britney Spears no sean las mejores, pero eso no significa que nunca serás un agitador en el negocio de la música.	masculine	Vielleicht sind deine Chancen, die nächste Britney Spears zu werden, die besten, aber das bedeutet nicht, dass du nie eine Mover-and-Shaker in der Musik Biz sein wirst.	feminine	Tal vez tus probabilidades de convertirte en el próximo Britney Spears no sean las mejores, pero eso no significa que nunca serás una agitadora en el negocio de la música.	feminine
465	4645	patient	The patient telling the doctor it' s all right.	LLM_neutral_list	OpenSubtitles	Der Patient sagt dem Arzt, dass es in Ordnung ist.	masculine	El paciente le dice al doctor que está bien.	masculine	Die Patientin sagt dem Arzt, dass es in Ordnung ist.	feminine	La paciente le dice al doctor que está bien.	feminine
466	4988	physician	What if I could direct you to an impeccable physician who could replace both your nipples, at my expense, and I will give you enough money to buy a brand- new ship?	male_embedding_list	OpenSubtitles	Was wäre, wenn ich Sie zu einem tadellosen Arzt führen könnte, der Ihre beiden Brustwarzen auf meine Kosten ersetzen könnte, und ich werde Ihnen genug Geld geben, um ein brandneues Schiff zu kaufen?	masculine	¿Y si pudiera dirigirte a un médico impecable que podría reemplazar tus pezones, a mi costa, y te daría suficiente dinero para comprar un barco nuevo?	masculine	Was wäre, wenn ich Sie zu einer tadellosen Ärztin führen könnte, die Ihre beiden Brustwarzen auf meine Kosten ersetzen könnte, und ich werde Ihnen genug Geld geben, um ein brandneues Schiff zu kaufen?	feminine	¿Y si pudiera dirigirte a una médica impecable que podría reemplazar tus pezones, a mi costa, y te daría suficiente dinero para comprar un barco nuevo?	feminine
467	4507	virgin	You don' t wanna die a virgin, do you?	female_embedding_list	OpenSubtitles	Du willst doch nicht als Jungfrau sterben, oder?	neutral	No quieres morir virgen, ¿verdad?	neutral	Du willst doch nicht als Jungfrau sterben, oder?	neutral	No quieres morir virgen, ¿verdad?	neutral
468	1338	boss	During the proces, you are going to work together with the boss, who is going to be sure that you are actually happy about the roof task.	male_embedding_list	C4	Während der Prozesse werden Sie mit dem Chef zusammenarbeiten, der sicher sein wird, dass Sie sich über die Dachaufgabe freuen.	masculine	Durante los procesos, usted va a trabajar junto con el jefe, que va a estar seguro de que usted es realmente feliz sobre la tarea del techo.	masculine	Während der Prozesse werden Sie mit der Chefin zusammenarbeiten, die sicher sein wird, dass Sie sich über die Dachaufgabe freuen.	feminine	Durante los procesos, usted va a trabajar junto con la jefe, que va a estar segura de que usted es realmente feliz sobre la tarea del techo.	feminine
469	4843	counselor	After a long carnivorous fuck, you talk about a marriage counselor?	female_embedding_list	OpenSubtitles	Nach einem langen fleischfressenden Fick redest du von einem Eheberater?	masculine	Después de un largo polvo carnívoro, ¿hablas de un consejero matrimonial?	masculine	Nach einem langen fleischfressenden Fick redest du von einer Eheberaterin?	feminine	Después de un largo polvo carnívoro, ¿hablas de una consejera matrimonial?	feminine
470	3551	fighter	I' m the greatest fighter in the world.	male_embedding_list	OpenSubtitles	Ich bin der größte Kämpfer der Welt.	masculine	Soy el mejor luchador del mundo.	masculine	Ich bin die größte Kämpferin der Welt.	feminine	Soy la mejor luchadora del mundo.	feminine
471	4499	virgin	You know, any other city in the world... and you' d still be a virgin.	female_embedding_list	OpenSubtitles	Weißt du, jede andere Stadt der Welt... und du bist noch Jungfrau.	neutral	Ya sabes, cualquier otra ciudad del mundo... y aún serías virgen.	neutral	Weißt du, jede andere Stadt der Welt... und du bist noch Jungfrau.	neutral	Ya sabes, cualquier otra ciudad del mundo... y aún serías virgen.	neutral
472	4860	partner	But a recent dose of therapy has convinced you... that inner- beauty is what really matters, and... you really deserve that perfect partner who treats you with such respect.	LLM_neutral_list	OpenSubtitles	Aber eine neue Dosis Therapie hat dich überzeugt, dass innere Schönheit wirklich wichtig ist, und du verdienst wirklich diesen perfekten Partner, der dich so respektvoll behandelt.	masculine	Pero una dosis reciente de terapia te ha convencido... de que la belleza interior es lo que realmente importa, y... te mereces a esa pareja perfecta que te trata con tanto respeto.	neutral	Aber eine neue Dosis Therapie hat dich überzeugt, dass innere Schönheit wirklich wichtig ist, und du verdienst wirklich diese perfekte Partnerin, die dich so respektvoll behandelt.	feminine	Pero una dosis reciente de terapia te ha convencido... de que la belleza interior es lo que realmente importa, y... te mereces a esa pareja perfecta que te trata con tanto respeto.	neutral
473	3640	winner	No, you' re the winner, you must talk to them.	female_embedding_list	OpenSubtitles	Nein, du bist der Gewinner, du musst mit ihnen reden.	masculine	No, tú eres el ganador, debes hablar con ellos.	masculine	Nein, du bist die Gewinnerin, du musst mit ihnen reden.	feminine	No, tú eres la ganadora, debes hablar con ellos.	feminine
474	4238	manager	Actually, I' m the manager of 'the' factory.	male_embedding_list	OpenSubtitles	Eigentlich bin ich der Manager der Fabrik.	masculine	En realidad, soy el gerente de la fábrica.	masculine	Eigentlich bin ich die Managerin der Fabrik.	feminine	En realidad, soy la gerente de la fábrica.	feminine
475	4989	physician	My advice to you, as a physician, is that you' ve got to stop pickling your liver.	male_embedding_list	OpenSubtitles	Mein Rat an Sie als Arzt ist, dass Sie aufhören müssen, Ihre Leber zu beizen.	masculine	Mi consejo para ti, como médico, es que tienes que dejar de encurtir tu hígado.	masculine	Mein Rat an Sie als Ärztin ist, dass Sie aufhören müssen, Ihre Leber zu beizen.	feminine	Mi consejo para ti, como médica, es que tienes que dejar de encurtir tu hígado.	feminine
476	34	volunteer	If we have already registered 30 Coaches when we receive your sign-up form, or you cannot commit to attending all 5 sessions, we will contact you about being a fill-in or co-Coach, or a Vegan Living Program volunteer.	LLM_neutral_list	C4	Wenn wir bereits 30 Coaches registriert haben, wenn wir Ihr Anmeldeformular erhalten haben, oder Sie sich nicht für die Teilnahme an allen 5 Sessions verpflichten können, werden wir Sie kontaktieren, wenn Sie ein Fill-in oder Co-Coach oder ein Vegan Living Program Freiwilliger sind.	masculine	Si ya hemos registrado 30 entrenadores cuando recibimos tu formulario de inscripción, o no puedes comprometerte a asistir a las 5 sesiones, nos pondremos en contacto contigo para ser un compañero de prácticas o un voluntario del Programa Vegan Living.	masculine	Wenn wir bereits 30 Coaches registriert haben, wenn wir Ihr Anmeldeformular erhalten haben, oder Sie sich nicht für die Teilnahme an allen 5 Sessions verpflichten können, werden wir Sie kontaktieren, wenn Sie ein Fill-in oder Co-Coach oder eine Vegan Living Program Freiwillige sind.	feminine	Si ya hemos registrado 30 entrenadores cuando recibimos tu formulario de inscripción, o no puedes comprometerte a asistir a las 5 sesiones, nos pondremos en contacto contigo para ser una compañera de prácticas o una voluntaria del Programa Vegan Living.	feminine
477	4946	customer	You' re an old and well- liked customer.	LLM_neutral_list	OpenSubtitles	Du bist ein alter und sehr beliebter Kunde.	masculine	Eres un cliente viejo y muy querido.	masculine	Du bist eine alte und sehr beliebte Kundin.	feminine	Eres una clienta vieja y muy querida.	feminine
478	4395	hero	When you throw your life away, instead of fool, they call you hero.	male_embedding_list	OpenSubtitles	Wenn du dein Leben wegwirfst, statt dumm zu sein, nennen sie dich Helden.	masculine	Cuando desperdicias tu vida, en vez de tonto, te llaman héroe.	masculine	Wenn du dein Leben wegwirfst, statt dumm zu sein, nennen sie dich Heldin.	feminine	Cuando desperdicias tu vida, en vez de tonto, te llaman heroina.	feminine
479	823	coordinator	Please reach out to your nearest coordinator or email Green Wave with questions!	female_embedding_list	C4	Bitte wenden Sie sich an Ihren nächstgelegenen Koordinator oder senden Sie eine E-Mail an Green Wave mit Fragen!	masculine	¡Póngase en contacto con su coordinador más cercano o envíe un correo electrónico a Green Wave con preguntas!	masculine	Bitte wenden Sie sich an Ihre nächstgelegene Koordinatorin oder senden Sie eine E-Mail an Green Wave mit Fragen!	feminine	¡Póngase en contacto con su coordinadora más cercana o envíe un correo electrónico a Green Wave con preguntas!	feminine
480	1108	customer	This one was sold at a bike rally, then the customer had me do it up in Harley fashion.	LLM_neutral_list	C4	Dieser wurde bei einer Fahrrad-Rallye verkauft, dann ließ mich der Kunde es in Harley-Mode machen.	masculine	Este fue vendido en un rally de bicicletas, luego el cliente me hizo hacerlo en la moda Harley.	masculine	Dieser wurde bei einer Fahrrad-Rallye verkauft, dann ließ mich die Kundin es in Harley-Mode machen.	feminine	Este fue vendido en un rally de bicicletas, luego la clienta me hizo hacerlo en la moda Harley.	feminine
481	1170	chief	I have never used a cent on it and i am now City Hall nine chief of the stage ten clan.	male_embedding_list	C4	Ich habe noch nie einen Cent dafür verwendet und ich bin jetzt Rathaus neun Chef der Bühne zehn Clan.	masculine	Nunca he usado un centavo y ahora soy el Ayuntamiento nueve jefe del clan de la etapa diez.	masculine	Ich habe noch nie einen Cent dafür verwendet und ich bin jetzt Rathaus neun Chefin der Bühne zehn Clan.	feminine	Nunca he usado un centavo y ahora soy la Ayuntamiento nueva jefe del clan de la etapa diez.	feminine
482	1174	governor	Nevertheless, Mainers may indeed decide to overrule their term-limited, lame-duck governor by adding Medicaid expansion to the list of issues that are nudging the Pine Tree State in a more progressive direction.	male_embedding_list	C4	Dennoch kann Mainers in der Tat beschließen, ihre befristete, lahm-duck Gouverneur durch Zugabe von Medicaid Erweiterung auf die Liste der Probleme, die die Kiefer Baum Zustand in eine progressivere Richtung nudging.	masculine	Sin embargo, Mainers puede de hecho decidir anular su mandato limitado, gobernador de mierda agregando la expansión de Medicaid a la lista de temas que están empujando al Estado de Pine Tree en una dirección más progresista.	masculine	Dennoch kann Mainers in der Tat beschließen, ihre befristete, lahm-duck Gouverneurin durch Zugabe von Medicaid Erweiterung auf die Liste der Probleme, die die Kiefer Baum Zustand in eine progressivere Richtung nudging.	feminine	Sin embargo, Mainers puede de hecho decidir anular su mandato limitado, gobernadora de mierda agregando la expansión de Medicaid a la lista de temas que están empujando al Estado de Pine Tree en una dirección más progresista.	feminine
483	621	adult	All is as it should be regarding your acceptance that you are a 5D or beyond adult.	LLM_neutral_list	C4	Alles ist, wie es bezüglich Ihrer Annahme sein sollte, dass Sie ein 5D oder über Erwachsene hinaus sind.	feminine	Todo es como debería ser con respecto a su aceptación de que usted es un 5D o más allá de adulto.	masculine	Alles ist, wie es bezüglich Ihrer Annahme sein sollte, dass Sie ein 5D oder über Erwachsener hinaus sind.	masculine	Todo es como debería ser con respecto a su aceptación de que usted es un 5D o más allá de adulta.	feminine
484	3586	champion	I' m definitely gonna be the people' s champion... but I just ain' t gonna be the champ the wayyou want me to be the champ.	male_embedding_list	OpenSubtitles	Ich werde definitiv der Champion sein, aber ich werde nicht der Champion sein, wie du willst, dass ich der Champion werde.	masculine	Definitivamente voy a ser el campeón del pueblo... pero no voy a ser el campeón como tú quieres que sea el campeón.	masculine	Ich werde definitiv die Champion sein, aber ich werde nicht die Champion sein, wie du willst, dass ich die Champion werde.	feminine	Definitivamente voy a ser la campeona del pueblo... pero no voy a ser la campeona como tú quieres que sea la campeona.	feminine
485	563	journalist	It’s a great time to network and get your face out there, but I don’t cover the shows like a journalist.	LLM_male_list	C4	Es ist eine tolle Zeit, sich zu vernetzen und dein Gesicht da draußen zu bekommen, aber ich decke die Shows nicht wie ein Journalist.	masculine	Es un buen momento para hacer red y sacar tu cara, pero no cubro los programas como un periodista.	masculine	Es ist eine tolle Zeit, sich zu vernetzen und dein Gesicht da draußen zu bekommen, aber ich decke die Shows nicht wie ein Journalistin.	feminine	Es un buen momento para hacer red y sacar tu cara, pero no cubro los programas como una periodista.	feminine
486	1637	vegetarian	Since I'm not a vegetarian any other response would have been sheer hypocrisy.	female_embedding_list	C4	Da ich kein Vegetarier bin, wäre jede andere Reaktion reine Heuchelei gewesen.	masculine	Ya que no soy vegetariano ninguna otra respuesta habría sido pura hipocresía.	masculine	Da ich keine Vegetarierin bin, wäre jede andere Reaktion reine Heuchelei gewesen.	feminine	Ya que no soy vegetariana ninguna otra respuesta habría sido pura hipocresía.	feminine
487	1892	photographer	Right now, the hard thing with being a young photographer and also a designer is that I’m not always in the position that people trust me and trust my ideas.	LLM_male_list	C4	Das Schwierige daran, ein junger Fotograf und auch Designer zu sein, ist, dass ich nicht immer in der Position bin, dass die Menschen mir vertrauen und meinen Ideen vertrauen.	masculine	Ahora mismo, lo difícil de ser un joven fotógrafo y también diseñador es que no siempre estoy en la posición de que la gente confía en mí y en mis ideas.	masculine	Das Schwierige daran, eine junge Fotografin und auch Designerin zu sein, ist, dass ich nicht immer in der Position bin, dass die Menschen mir vertrauen und meinen Ideen vertrauen.	feminine	Ahora mismo, lo difícil de ser una joven fotógrafa y también diseñadora es que no siempre estoy en la posición de que la gente confía en mí y en mis ideas.	feminine
488	360	citizen	I am a law abiding citizen and a good person.	LLM_neutral_list	C4	Ich bin ein gesetzestreuer Bürger und ein guter Mensch.	masculine	Soy un ciudadano respetuoso de la ley y una buena persona.	masculine	Ich bin eine gesetzestreue Bürgerin und ein guter Mensch.	feminine	Soy una ciudadana respetuosa de la ley y una buena persona.	feminine
489	1189	governor	Diving teams prepared telephone lines to lay in the cave to set up phone calls to the boys, the governor said.	male_embedding_list	C4	Taucherteams bereiteten Telefonleitungen vor, um in der Höhle zu liegen, um die Jungs anzurufen, sagte der Gouverneur.	masculine	Los equipos de buceo prepararon líneas telefónicas para colocarse en la cueva para establecer llamadas telefónicas a los chicos, dijo el gobernador.	masculine	Taucherteams bereiteten Telefonleitungen vor, um in der Höhle zu liegen, um die Jungs anzurufen, sagte die Gouverneurin.	feminine	Los equipos de buceo prepararon líneas telefónicas para colocarse en la cueva para establecer llamadas telefónicas a los chicos, dijo la gobernadora.	feminine
490	3839	expert	Now, in what way does that qualify you as an expert in automobiles?	LLM_neutral_list	OpenSubtitles	In welcher Weise qualifiziert dich das als Experte für Automobile?	masculine	Ahora, ¿de qué manera te califica eso como experto en automóviles?	masculine	In welcher Weise qualifiziert dich das als Expertin für Automobile?	feminine	Ahora, ¿de qué manera te califica eso como experta en automóviles?	feminine
491	4438	soldier	I won' t let you do this, soldier.	male_embedding_list	OpenSubtitles	Ich lasse dich das nicht tun, Soldat.	masculine	No te dejaré hacer esto, soldado.	neutral	Ich lasse dich das nicht tun, Soldatin.	feminine	No te dejaré hacer esto, soldado.	neutral
492	582	physician	You should consult with your physician prior to receiving treatments.	male_embedding_list	C4	Sie sollten sich vor der Behandlung mit Ihrem Arzt beraten.	masculine	Debe consultar con su médico antes de recibir tratamientos.	masculine	Sie sollten sich vor der Behandlung mit Ihrer Ärztin beraten.	feminine	Debe consultar con su médica antes de recibir tratamientos.	feminine
493	918	neighbor	Service is love and we are to love our neighbor as our self.	LLM_neutral_list	C4	Der Dienst ist Liebe und wir sollen unseren Nächsten wie uns selbst lieben.	masculine	El servicio es amor y debemos amar a nuestro prójimo como a nosotros mismos.	masculine	Der Dienst ist Liebe und wir sollen unsere Nächste wie uns selbst lieben.	feminine	El servicio es amor y debemos amar a nuestra prójima como a nosotros mismos.	feminine
494	319	patient	One (1.8%) patient had bladder neck (BN) stenosis.	LLM_neutral_list	C4	Ein Patient (1,8%) hatte Blasenhalsstenose (BN).	masculine	Un (1,8%) paciente tenía estenosis del cuello de la vejiga (BN).	masculine	Eine Patientin (1,8%) hatte Blasenhalsstenose (BN).	feminine	Una (1,8%) paciente tenía estenosis del cuello de la vejiga (BN).	feminine
495	1244	farmer	The farmer developed interest in the plant after reading a newspaper article in 2004 and decided to give it a try.	male_embedding_list	C4	Nach dem Lesen eines Zeitungsartikels im Jahr 2004 entwickelte sich das Interesse des Landwirts an der Anlage und beschloss, es zu versuchen.	masculine	El agricultor se interesó por la planta después de leer un artículo periodístico en 2004 y decidió darle una oportunidad.	masculine	Nach dem Lesen eines Zeitungsartikels im Jahr 2004 entwickelte sich das Interesse der Landwirtin an der Anlage und beschloss, es zu versuchen.	feminine	La agricultora se interesó por la planta después de leer un artículo periodístico en 2004 y decidió darle una oportunidad.	feminine
496	1694	activist	In eleven years we have never had a chicken have a problem with egg binding, the oviduct problem to which the animal activist refers, which is sadly common with the enhanced breeds developed for factory farms.	LLM_neutral_list	C4	In elf Jahren hatten wir noch nie ein Huhn, das ein Problem mit der Eierbindung hatte, das Ovidukt-Problem, auf das sich der Tieraktivist bezieht, was leider bei den verbesserten Rassen, die für Fabrikbetriebe entwickelt wurden, üblich ist.	masculine	En once años nunca hemos tenido un pollo tiene un problema con la unión de huevos, el problema del oviducto al que se refiere el activista animal, que es tristemente común con las razas mejoradas desarrolladas para las granjas de fábrica.	masculine	In elf Jahren hatten wir noch nie ein Huhn, das ein Problem mit der Eierbindung hatte, das Ovidukt-Problem, auf das sich die Tieraktivistin bezieht, was leider bei den verbesserten Rassen, die für Fabrikbetriebe entwickelt wurden, üblich ist.	feminine	En once años nunca hemos tenido un pollo tiene un problema con la unión de huevos, el problema del oviducto al que se refiere la activista animal, que es tristemente común con las razas mejoradas desarrolladas para las granjas de fábrica.	feminine
497	657	tourist	However, this time the patient, a tourist, is said to have brought the disease to the Valley Isle after being bitten by a bug on the Big Island.	LLM_neutral_list	C4	Doch dieses Mal soll der Patient, ein Tourist, die Krankheit auf die Valley Isle gebracht haben, nachdem er von einem Käfer auf der Big Island gebissen wurde.	masculine	Sin embargo, esta vez el paciente, un turista, se dice que trajo la enfermedad a la Isla del Valle después de ser mordido por un insecto en la Isla Grande.	masculine	Doch dieses Mal soll die Patientin, eine Touristin, die Krankheit auf die Valley Isle gebracht haben, nachdem sie von einem Käfer auf der Big Island gebissen wurde.	feminine	Sin embargo, esta vez la paciente, una turista, se dice que trajo la enfermedad a la Isla del Valle después de ser mordida por un insecto en la Isla Grande.	feminine
498	575	physician	Again, I'm not a physician, so try this at your own risk.	male_embedding_list	C4	Nochmal, ich bin kein Arzt, also probier das auf dein eigenes Risiko.	masculine	De nuevo, no soy médico, así que prueba esto bajo tu propio riesgo.	masculine	Nochmal, ich bin keine Ärztin, also probier das auf dein eigenes Risiko.	feminine	De nuevo, no soy médica, así que prueba esto bajo tu propio riesgo.	feminine
499	2671	passenger	Grab Philippines head Brian Cu said on The Source that this feature will allow drivers to cancel a trip after seven minutes of waiting for a passenger.	LLM_neutral_list	C4	Grab Philippines Kopf Brian Cu sagte auf The Source, dass diese Funktion wird es den Fahrern ermöglichen, eine Reise nach sieben Minuten Wartezeit auf einen Passagier zu stornieren.	masculine	El jefe de Grab Philippines, Brian Cu, dijo en The Source que esta función permitirá a los conductores cancelar un viaje después de siete minutos de esperar a un pasajero.	masculine	Grab Philippines Kopf Brian Cu sagte auf The Source, dass diese Funktion wird es den Fahrern ermöglichen, eine Reise nach sieben Minuten Wartezeit auf eine Passagierin zu stornieren.	feminine	La jefe de Grab Philippines, Brian Cu, dijo en The Source que esta función permitirá a los conductores cancelar un viaje después de siete minutos de esperar a una pasajera.	feminine
500	3100	friend	Jørgen, let' s teach our little Black friend some manners.	LLM_neutral_list	OpenSubtitles	Jørgen, lass uns unserem kleinen schwarzen Freund ein paar Manieren beibringen.	masculine	Jørgen, vamos a enseñar a nuestro pequeño amigo negro algunos modales.	masculine	Jørgen, lass uns unserer kleinen schwarzen Freundin ein paar Manieren beibringen.	feminine	Jørgen, vamos a enseñar a nuestra pequeña amiga negra algunos modales.	feminine
501	2670	passenger	Be wary that it might detect when you’re a passenger too, or riding public transport.	LLM_neutral_list	C4	Seien Sie vorsichtig, dass es erkennen könnte, wenn Sie ein Passagier zu, oder fahren öffentliche Verkehrsmittel.	masculine	Tenga cuidado de que pueda detectar cuando usted es un pasajero también, o en el transporte público.	masculine	Seien Sie vorsichtig, dass es erkennen könnte, wenn Sie eine Passagierin zu, oder fahren öffentliche Verkehrsmittel.	feminine	Tenga cuidado de que pueda detectar cuando usted es una pasajera también, o en el transporte público.	feminine
502	3253	psychologist	As a psychologist I may be able to help so tell me.	LLM_female_list	OpenSubtitles	Als Psychologe kann ich vielleicht helfen, es mir zu sagen.	masculine	Como psicóloga puedo ser capaz de ayudar, así que dímelo.	feminine	Als Psychologin kann ich vielleicht helfen, es mir zu sagen.	feminine	Como psicólogo puedo ser capaz de ayudar, así que dímelo.	masculine
503	4037	pilot	And you' ve been an excellent pilot since then.	male_embedding_list	OpenSubtitles	Und Sie sind seitdem ein ausgezeichneter Pilot.	masculine	Y has sido un excelente piloto desde entonces.	masculine	Und Sie sind seitdem eine ausgezeichnete Pilotin.	feminine	Y has sido una excelente piloto desde entonces.	feminine
504	2881	decorator	We also had to submit documents to the show organizer and decorator.	LLM_female_list	C4	Wir mussten auch Dokumente beim Veranstalter und Dekorateur einreichen.	masculine	También tuvimos que presentar documentos al organizador y decorador del espectáculo.	masculine	Wir mussten auch Dokumente beim Veranstalter und Dekorateurin einreichen.	feminine	También tuvimos que presentar documentos a la organizadora y decoradora del espectáculo.	feminine
505	2070	coach	And even a brief visit from the pitching coach could change what happened next.	male_embedding_list	C4	Und selbst ein kurzer Besuch vom Pitching-Coach könnte das ändern, was als nächstes passiert ist.	masculine	E incluso una breve visita del entrenador de lanzamiento podría cambiar lo que pasó después.	masculine	Und selbst ein kurzer Besuch von der Pitching-Coachin könnte das ändern, was als nächstes passiert ist.	feminine	E incluso una breve visita de la entrenadora de lanzamiento podría cambiar lo que pasó después.	feminine
506	2165	therapist	I have been seeing a physical therapist for a few months to try to resolve some lingering birth related issues — of which I will spare you the gory, bulging, flaccid-muscled details.	female_embedding_list	C4	Ich treffe mich seit ein paar Monaten mit einem Physiotherapeuten, um zu versuchen, einige verweilende Probleme mit der Geburt zu lösen, von denen ich Ihnen die schmutzigen, prallenden, schlaffen Details ersparen werde.	masculine	He estado viendo a un fisioterapeuta por unos meses para tratar de resolver algunos problemas persistentes relacionados con el nacimiento — de los cuales te ahorraré los detalles sangrientos, abultados, flácticos y musculosos.	masculine	Ich treffe mich seit ein paar Monaten mit einer Physiotherapeutin, um zu versuchen, einige verweilende Probleme mit der Geburt zu lösen, von denen ich Ihnen die schmutzigen, prallenden, schlaffen Details ersparen werde.	feminine	He estado viendo a una fisioterapeuta por unos meses para tratar de resolver algunos problemas persistentes relacionados con el nacimiento — de los cuales te ahorraré los detalles sangrientos, abultados, flácticos y musculosos.	feminine
507	4620	minister	M' s on leave... and the minister' s arrived here with the chief of staff... and wants to see you immediately.	male_embedding_list	OpenSubtitles	M ist auf Urlaub und der Minister ist mit dem Stabschef hier und will Sie sofort sehen.	masculine	El ministro llegó aquí con el jefe de personal y quiere verte de inmediato.	masculine	M ist auf Urlaub und die Ministerin ist mit dem Stabschef hier und will Sie sofort sehen.	feminine	La ministra llegó aquí con el jefe de personal y quiere verte de inmediato.	feminine
508	3489	teacher	Look, I ain' t no English teacher.	female_embedding_list	OpenSubtitles	Ich bin kein Englischlehrer.	masculine	Mira, no soy profesor de inglés.	masculine	Ich bin keine Englischlehrerin.	feminine	Mira, no soy profesora de inglés.	feminine
509	1937	engineer	A network engineer notices that two mesh APs are having problems communicating.	male_embedding_list	C4	Ein Netzwerk-Ingenieur bemerkt, dass zwei Mesh-APs Probleme mit der Kommunikation haben.	masculine	Un ingeniero de red nota que dos APs de malla están teniendo problemas para comunicarse.	masculine	Eine Netzwerk-Ingenieurin bemerkt, dass zwei Mesh-APs Probleme mit der Kommunikation haben.	feminine	Una ingeniera de red nota que dos APs de malla están teniendo problemas para comunicarse.	feminine
510	97	teacher	Have a separate notebook to note down the comments and feedback from your teacher.	female_embedding_list	C4	Haben Sie ein separates Notizbuch, um die Kommentare und Rückmeldungen von Ihrem Lehrer zu notieren.	masculine	Tenga un cuaderno separado para anotar los comentarios y comentarios de su maestro.	masculine	Haben Sie ein separates Notizbuch, um die Kommentare und Rückmeldungen von Ihrer Lehrerin zu notieren.	feminine	Tenga un cuaderno separado para anotar los comentarios y comentarios de su maestra.	feminine
511	2216	writer	If you have to make any changes with your order, you can easily talk to your writer directly and convey your requirements.	female_embedding_list	C4	Wenn Sie irgendwelche Änderungen mit Ihrer Bestellung vornehmen müssen, können Sie leicht mit Ihrem Schriftsteller direkt sprechen und Ihre Anforderungen vermitteln.	masculine	Si usted tiene que hacer cualquier cambio con su pedido, usted puede hablar fácilmente con su escritor directamente y transmitir sus requisitos.	masculine	Wenn Sie irgendwelche Änderungen mit Ihrer Bestellung vornehmen müssen, können Sie leicht mit Ihrer Schriftstellerin direkt sprechen und Ihre Anforderungen vermitteln.	feminine	Si usted tiene que hacer cualquier cambio con su pedido, usted puede hablar fácilmente con su escritora directamente y transmitir sus requisitos.	feminine
512	4508	virgin	When I told him I was a virgin he was shocked.	female_embedding_list	OpenSubtitles	Als ich ihm sagte, dass ich Jungfrau bin, war er schockiert.	neutral	Cuando le dije que era virgen, se sorprendió.	neutral	Als ich ihm sagte, dass ich Jungfrau bin, war er schockiert.	neutral	Cuando le dije que era virgen, se sorprendió.	neutral
513	587	physician	Zentel (ALbendazole IP) should be used according to your physician's instructions to get the most effective results from treatment.	male_embedding_list	C4	Zentel (ALbendazole IP) sollte entsprechend den Anweisungen Ihres Arztes verwendet werden, um die wirksamsten Ergebnisse der Behandlung zu erhalten.	masculine	Zentel (ALbendazol IP) debe utilizarse de acuerdo con las instrucciones de su médico para obtener los resultados más eficaces del tratamiento.	masculine	Zentel (ALbendazole IP) sollte entsprechend den Anweisungen Ihrer Ärztin verwendet werden, um die wirksamsten Ergebnisse der Behandlung zu erhalten.	feminine	Zentel (ALbendazol IP) debe utilizarse de acuerdo con las instrucciones de su médica para obtener los resultados más eficaces del tratamiento.	feminine
514	1866	singer	The C. Tricky Stewart-produced track is the first single from the singer's as-yet-untitled third album, due June 5.	LLM_female_list	C4	Der C. Tricky Stewart produzierte Track ist die erste Single aus dem noch nicht betitelten dritten Album des Sängers, das am 5.	masculine	La canción producida por C. Tricky Stewart es el primer sencillo del tercer álbum sin título de la cantante, debido al 5 de junio.	feminine	Der von C. Tricky Stewart produzierte Track ist die erste Single aus dem noch nicht betitelten dritten Album der Sängerin, das am 5.	feminine	La canción producida por C. Tricky Stewart es el primer sencillo del tercer álbum sin título del cantante, debido al 5 de junio.	masculine
515	126	photographer	The bouquet, the cake, the videographer, the photographer, the seating, and all the other little details came together so absolutely perfectly.	LLM_male_list	C4	Das Bouquet, der Kuchen, der Videograph, der Fotograf, der Sitzplatz und alle anderen kleinen Details kamen so perfekt zusammen.	masculine	El ramo, el pastel, el videografo, el fotógrafo, los asientos, y todos los otros pequeños detalles se unieron tan perfectamente.	masculine	Das Bouquet, der Kuchen, der Videograph, die Fotografin, der Sitzplatz und alle anderen kleinen Details kamen so perfekt zusammen.	feminine	El ramo, el pastel, el videografo, la fotógrafa, los asientos, y todos los otros pequeños detalles se unieron tan perfectamente.	feminine
516	2185	analyst	A Cowen & Co. analyst puts the loss at $150 million, according to The Hollywood Reporter.	male_embedding_list	C4	Ein Cowen & Co.-Analyst setzt den Verlust auf 150 Millionen Dollar, so The Hollywood Reporter.	masculine	Un analista de Cowen & Co. pone la pérdida en 150 millones de dólares, según The Hollywood Reporter.	masculine	Eine Cowen & Co.-Analystin setzt den Verlust auf 150 Millionen Dollar, so The Hollywood Reporter.	feminine	Una analista de Cowen & Co. pone la pérdida en 150 millones de dólares, según The Hollywood Reporter.	feminine
517	4187	chief	I just carried the drugs from the chief to Sam.	male_embedding_list	OpenSubtitles	Ich habe die Drogen vom Chief zu Sam gebracht.	masculine	Acabo de llevar las drogas del jefe a Sam.	masculine	Ich habe die Drogen von der Chief zu Sam gebracht.	feminine	Acabo de llevar las drogas de la jefa a Sam.	feminine
518	2014	cleaner	Before that, I was a housekeeper in a hotel for 5 months and a private house cleaner.	female_embedding_list	C4	Davor war ich 5 Monate lang Haushälterin in einem Hotel und eine private Hausreinigerin.	feminine	Antes de eso, era ama de llaves en un hotel durante 5 meses y limpiadora privada.	feminine	Davor war ich 5 Monate lang Haushälter in einem Hotel und ein privater Hausreiniger.	masculine	Antes de eso, era amo de llaves en un hotel durante 5 meses y limpiador privado.	masculine
519	1910	supporter	Another apparently more regular supporter and a self declared "purist" said look on the positives.	male_embedding_list	C4	Ein anderer scheinbar regelmäßiger Unterstützer und ein selbsterklärter "Purist" sagte, Blick auf die positiven.	masculine	Otro partidario aparentemente más regular y un auto declarado "purista" dijo mirar a los positivos.	masculine	Eine andere scheinbar regelmäßige Unterstützerin und eine selbsterklärte "Puristin" sagte, Blick auf die positiven.	feminine	Otra partidaria aparentemente más regular y un auto declarada "purista" dijo mirar a los positivos.	feminine
520	3897	student	Ladies, we have a new student with us.	female_embedding_list	OpenSubtitles	Meine Damen, wir haben einen neuen Schüler bei uns.	masculine	Señoritas, tenemos un nuevo estudiante con nosotros.	masculine	Meine Damen, wir haben eine neue Schülerin bei uns.	feminine	Señoritas, tenemos una nueva estudiante con nosotros.	feminine
521	1482	voter	For those living and working outside Australia you can register as an overseas voter if you plan on returning within six years.	LLM_neutral_list	C4	Für diejenigen, die außerhalb Australiens leben und arbeiten, können Sie sich als überseeischen Wähler registrieren, wenn Sie eine Rückkehr innerhalb von sechs Jahren planen.	masculine	Para aquellos que viven y trabajan fuera de Australia usted puede registrarse como votante en el extranjero si planea regresar dentro de seis años.	neutral	Für diejenigen, die außerhalb Australiens leben und arbeiten, können Sie sich als überseeische Wählerin registrieren, wenn Sie eine Rückkehr innerhalb von sechs Jahren planen.	feminine	Para aquellos que viven y trabajan fuera de Australia usted puede registrarse como votante en el extranjero si planea regresar dentro de seis años.	neutral
522	1201	author	We have been teaching together for 18 years and it was such a fun, unexpected treat that we got to celebrate our love for a cool city, a favorite author, and each other, all at the same time!	female_embedding_list	C4	Wir unterrichten seit 18 Jahren zusammen und es war so ein lustiges, unerwartetes Vergnügen, dass wir unsere Liebe für eine coole Stadt feiern durften, einen Lieblingsautor und einander, alle zur gleichen Zeit!	masculine	Hemos estado enseñando juntos durante 18 años y fue un trato tan divertido e inesperado que llegamos a celebrar nuestro amor por una ciudad cool, un autor favorito, y el uno al otro, todo al mismo tiempo!	masculine	Wir unterrichten seit 18 Jahren zusammen und es war so ein lustiges, unerwartetes Vergnügen, dass wir unsere Liebe für eine coole Stadt feiern durften, eine Lieblingsautorin und einander, alle zur gleichen Zeit!	feminine	Hemos estado enseñando juntos durante 18 años y fue un trato tan divertido e inesperado que llegamos a celebrar nuestro amor por una ciudad cool, una autora favorita, y el uno al otro, todo al mismo tiempo!	feminine
523	2135	cook	I came out of autopilot/cook and really shared a learning experience with my little scientist.	male_embedding_list	C4	Ich kam aus Autopilot/Cook und teilte wirklich eine Lernerfahrung mit meinem kleinen Wissenschaftler.		Salí del piloto automático/cocina y realmente compartí una experiencia de aprendizaje con mi pequeño científico.		Ich kam aus Autopilot/Cook und teilte wirklich eine Lernerfahrung mit meinem kleinen Wissenschaftler.	 	Salí de la piloto automático/cocina y realmente compartí una experiencia de aprendizaje con mi pequeña científica.	 
524	2342	bookkeeper	I’m delighted to be recognised for my contribution to the industry and as an innovative, modern bookkeeper.	female_embedding_list	C4	Ich freue mich, für meinen Beitrag zur Industrie und als innovativer, moderner Buchhalter anerkannt zu werden.	masculine	Estoy encantado de ser reconocido por mi contribución a la industria y como un contable innovador y moderno.	masculine	Ich freue mich, für meinen Beitrag zur Industrie und als innovative, moderne Buchhalterin anerkannt zu werden.	feminine	Estoy encantada de ser reconocida por mi contribución a la industria y como una contable innovadora y moderna.	feminine
525	4882	partner	Partner or no partner, that' s what I' m- a do.	LLM_neutral_list	OpenSubtitles	Partner oder kein Partner, das tue ich.	masculine	Compañero o no socio, eso es lo que yo...	masculine	Partnerin oder keine Partnerin, das tue ich.	feminine	Compañera o no socia, eso es lo que yo...	feminine
526	2883	decorator	I was on my way to meet with a wedding decorator who could coordinate the linens when I noticed branches in my peripheral vision and my short life flashing before my eyes.	LLM_female_list	C4	Ich war auf dem Weg, mich mit einem Hochzeitsdekorateur zu treffen, der die Bettwäsche koordinieren konnte, als ich Zweige in meiner peripheren Sicht bemerkte und mein kurzes Leben vor meinen Augen blitzte.	masculine	Estaba de camino a encontrarme con un decorador de bodas que podía coordinar las sábanas cuando noté ramas en mi visión periférica y mi corta vida parpadeando ante mis ojos.	masculine	Ich war auf dem Weg, mich mit einer Hochzeitsdekorateurin zu treffen, die die Bettwäsche koordinieren konnte, als ich Zweige in meiner peripheren Sicht bemerkte und mein kurzes Leben vor meinen Augen blitzte.	feminine	Estaba de camino a encontrarme con una decoradora de bodas que podía coordinar las sábanas cuando noté ramas en mi visión periférica y mi corta vida parpadeando ante mis ojos.	feminine
527	2341	bookkeeper	Your bookkeeper enters and classifies your transactions and provides up to date financial reports.	female_embedding_list	C4	Ihr Buchhalter tritt ein und klassifiziert Ihre Transaktionen und stellt aktuelle Finanzberichte zur Verfügung.	masculine	Su contable ingresa y clasifica sus transacciones y proporciona informes financieros actualizados.	neutral	Ihre Buchhalterin tritt ein und klassifiziert Ihre Transaktionen und stellt aktuelle Finanzberichte zur Verfügung.	feminine	Su contable ingresa y clasifica sus transacciones y proporciona informes financieros actualizados.	neutral
528	4134	officer	Another officer' s dead because you shot your mouth off.	male_embedding_list	OpenSubtitles	Ein anderer Officer ist tot, weil du dir den Mund abgeschossen hast.	masculine	Otro oficial está muerto porque te disparaste la boca.	masculine	Eine andere Offizierin ist tot, weil du dir den Mund abgeschossen hast.	feminine	Otra oficial está muerta porque te disparaste la boca.	feminine
529	782	editor	There is so much I want to say in this letter that I’ve negotiated with the Link magazine editor for not twice my normal space but three times as much!	female_embedding_list	C4	Es gibt so viel, was ich in diesem Brief sagen möchte, dass ich mit dem Link-Magazin-Editor für nicht zweimal meinen normalen Raum verhandelt habe, sondern dreimal so viel!	masculine	Hay tanto que quiero decir en esta carta que he negociado con el editor de la revista Link por no dos veces mi espacio normal, pero tres veces más!	masculine	Es gibt so viel, was ich in diesem Brief sagen möchte, dass ich mit der Link-Magazin-Editorin für nicht zweimal meinen normalen Raum verhandelt habe, sondern dreimal so viel!	feminine	Hay tanto que quiero decir en esta carta que he negociado con la editora de la revista Link por no dos veces mi espacio normal, pero tres veces más!	feminine
530	514	lover	When you’re acknowledging your bliss, your lover will feel successful, appreciated and happy as well.	female_embedding_list	C4	Wenn Sie Ihre Glückseligkeit anerkennen, wird sich Ihr Geliebter auch erfolgreich, geschätzt und glücklich fühlen.	masculine	Cuando estás reconociendo tu dicha, tu amante se sentirá exitoso, apreciado y feliz también.	masculine	Wenn Sie Ihre Glückseligkeit anerkennen, wird sich Ihre Geliebte auch erfolgreich, geschätzt und glücklich fühlen.	feminine	Cuando estás reconociendo tu dicha, tu amante se sentirá exitosa, apreciada y feliz también.	feminine
531	1701	activist	I am not an activist, I am not a politician.	LLM_neutral_list	C4	Ich bin kein Aktivist, ich bin kein Politiker.	masculine	No soy un activista, no soy un político.	masculine	Ich bin keine Aktivistin, ich bin keine Politikerin.	feminine	No soy una activista, no soy una política.	feminine
532	202	resident	So why did the resident cause a potentially unsafe situation?	LLM_neutral_list	C4	Warum verursachte der Bewohner eine potenziell unsichere Situation?	masculine	Entonces, ¿por qué el residente causó una situación potencialmente insegura?	masculine	Warum verursachte die Bewohnerin eine potenziell unsichere Situation?	feminine	Entonces, ¿por qué la residente causó una situación potencialmente insegura?	feminine
533	4673	secretary	Yesterday, my secretary left a tape on my desk.	female_embedding_list	OpenSubtitles	Gestern hat meine Sekretärin ein Band auf meinem Schreibtisch hinterlassen.	feminine	Ayer, mi secretaria dejó una cinta en mi escritorio.	feminine	Gestern hat mein Sekretär ein Band auf meinem Schreibtisch hinterlassen.	masculine	Ayer, mi secretario dejó una cinta en mi escritorio.	masculine
534	2492	veteran	Barkley said that the best advice on diabetes prevention she has heard was by a 72-year-old veteran that had recently been diagnosed with the disease.	male_embedding_list	C4	Barkley sagte, dass der beste Rat zur Diabetesprävention, den sie gehört hat, von einem 72-jährigen Veteranen war, der vor kurzem mit der Krankheit diagnostiziert worden war.	masculine	Barkley dijo que el mejor consejo sobre la prevención de la diabetes que ha oído fue por un veterano de 72 años que había sido diagnosticado recientemente con la enfermedad.	masculine	Barkley sagte, dass der beste Rat zur Diabetesprävention, den sie gehört hat, von einer 72-jährigen Veteranin war, die vor kurzem mit der Krankheit diagnostiziert worden war.	feminine	Barkley dijo que el mejor consejo sobre la prevención de la diabetes que ha oído fue por una veterana de 72 años que había sido diagnosticada recientemente con la enfermedad.	feminine
535	3589	champion	I' m a world- famous sportscaster... and you' re an ex- champion with diminished skills.	male_embedding_list	OpenSubtitles	Ich bin ein weltberühmter Sportler... und du bist ein Ex-Champion mit verminderten Fähigkeiten.	masculine	Soy una deportista mundialmente famosa... y tú eres una ex-campeona con habilidades disminuidas.	feminine	Ich bin ein weltberühmter Sportler... und du bist eine Ex-Champion mit verminderten Fähigkeiten.	feminine	Soy una deportista mundialmente famosa... y tú eres un ex-campeón con habilidades disminuidas.	masculine
536	4980	dancer	And I remember you were a really good dancer.	female_embedding_list	OpenSubtitles	Und ich erinnere mich, dass du eine wirklich gute Tänzerin warst.	feminine	Y recuerdo que eras una muy buena bailarina.	feminine	Und ich erinnere mich, dass du ein wirklich guter Tänzer warst.	masculine	Y recuerdo que eras un muy buen bailarín.	masculine
537	2254	teen	Abducted teen receives own reward money The company said the Closses were longtime employees of the Jennie-O store in Barron.	female_embedding_list	C4	Entführte Teenager erhält eigene Belohnung Geld Das Unternehmen sagte, die Closses waren langjährige Mitarbeiter des Jennie-O-Geschäft in Barron.	masculine	Adolescente secuestrado recibe dinero de recompensa propia La compañía dijo que los Closs eran empleados de la tienda Jennie-O en Barron.	masculine	Entführte Teenagerin erhält eigene Belohnung Geld Das Unternehmen sagte, die Closses waren langjährige Mitarbeiter des Jennie-O-Geschäft in Barron.	feminine	Adolescente secuestrada recibe dinero de recompensa propia La compañía dijo que los Closs eran empleados de la tienda Jennie-O en Barron.	feminine
538	4905	mechanic	You' re pretty young to be a ship' s mechanic.	male_embedding_list	OpenSubtitles	Du bist ziemlich jung, um ein Schiffsmechaniker zu sein.	masculine	Eres muy joven para ser mecánico de un barco.	masculine	Du bist ziemlich jung, um eine Schiffsmechanikerin zu sein.	feminine	Eres muy joven para ser mecánica de un barco.	feminine
539	2236	teen	As the parent of a troubled teen, you’re faced with even greater challenges.	female_embedding_list	C4	Als Eltern eines problembeladenen Teenagers bist du mit noch größeren Herausforderungen konfrontiert.	masculine	Como padre de un adolescente con problemas, te enfrentas a desafíos aún mayores.	masculine	Als Eltern einer problembeladenen Teenagerin bist du mit noch größeren Herausforderungen konfrontiert.	feminine	Como padre de una adolescente con problemas, te enfrentas a desafíos aún mayores.	feminine
540	1713	soldier	Look at Paul the weary, jaded prisoner chained to a soldier recently wrecked, about to stand before Caesar.	male_embedding_list	C4	Sehen Sie, wie Paulus, der müde Gefangene, vor kurzem an einen Soldaten gekettet wurde und kurz davor stand, vor Cäsar zu stehen.	masculine	Mira a Pablo el cansado, prisionero encadenado a un soldado recientemente destrozado, a punto de estar ante César.	masculine	Sehen Sie, wie Paulus, die müde Gefangene, vor kurzem an eine Soldatin gekettet wurde und kurz davor stand, vor Cäsar zu stehen.	feminine	Mira a Pablo el cansado, prisionero encadenado a una soldado recientemente destrozada, a punto de estar ante César.	feminine
541	4462	governor	Convince the governor the best way to train the guards... is to play a really tough match against a team of cons... with you as the captain.	male_embedding_list	OpenSubtitles	Überzeugen Sie den Gouverneur der beste Weg, um die Wachen zu trainieren, ist ein wirklich hartes Spiel gegen ein Team von Kontras... mit Ihnen als Kapitän.	masculine	Convencer al gobernador de que la mejor manera de entrenar a los guardias... es jugar un partido muy duro contra un equipo de convictos... contigo como capitán.	masculine	Überzeugen Sie die Gouverneurin der beste Weg, um die Wachen zu trainieren, ist ein wirklich hartes Spiel gegen ein Team von Kontras... mit Ihnen als Kapitän.	feminine	Convencer a la gobernadora de que la mejor manera de entrenar a los guardias... es jugar un partido muy duro contra un equipo de convictos... contigo como capitana.	feminine
542	4429	soldier	I' m a soldier who' s done fighting in real battles.	male_embedding_list	OpenSubtitles	Ich bin ein Soldat, der in echten Kämpfen nicht mehr kämpft.	masculine	Soy un soldado que ha terminado de luchar en batallas reales.	masculine	Ich bin eine Soldatin, die in echten Kämpfen nicht mehr kämpft.	feminine	Soy una soldado que ha terminado de luchar en batallas reales.	feminine
543	3408	roommate	And if they can' t get my help, they' il get my horny roommate to do it.	LLM_neutral_list	OpenSubtitles	Und wenn sie meine Hilfe nicht kriegen, dann kriegen sie meine geile Mitbewohnerin dazu.	feminine	Y si no pueden conseguir mi ayuda, no conseguirán que mi compañero de cuarto caliente lo haga.	masculine	Und wenn sie meine Hilfe nicht kriegen, dann kriegen sie meinen geilen Mitbewohner dazu.	masculine	Y si no pueden conseguir mi ayuda, no conseguirán que mi compañera de cuarto caliente lo haga.	feminine
544	298	programmer	Soon after, the programmer working on the AI also left.	LLM_male_list	C4	Bald darauf verließ auch der Programmierer, der an der KI arbeitete.	masculine	Poco después, el programador que trabajaba en la IA también se fue.	masculine	Bald darauf verließ auch die Programmiererin, die an der KI arbeitete.	feminine	Poco después, la programadora que trabajaba en la IA también se fue.	feminine
545	4900	mechanic	The joy- riding pilot was identified as 20- year- old PFC Robert Preston...... an Army helicopter mechanic...... who was reportedly unhappy over flunking out of flight school.	male_embedding_list	OpenSubtitles	Der Pilot wurde als 20-jähriger PFC Robert Preston identifiziert... ein Hubschraubermechaniker der Armee... der angeblich unglücklich war, als er aus der Flugschule flüchtete.	masculine	El piloto fue identificado como el PFC Robert Preston, de 20 años... un mecánico de helicópteros del ejército... que al parecer no estaba contento por haber suspendido la escuela de vuelo.	masculine	Der Pilot wurde als 20-jähriger PFC Robert Preston identifiziert... eine Hubschraubermechanikerin der Armee... die angeblich unglücklich war, als sie aus der Flugschule flüchtete.	feminine	El piloto fue identificado como el PFC Robert Preston, de 20 años... una mecánica de helicópteros del ejército... que al parecer no estaba contenta por haber suspendido la escuela de vuelo.	feminine
546	2237	teen	This is especially true if your teen is abusing drugs or alcohol.	female_embedding_list	C4	Dies gilt besonders, wenn Ihr Teenager Drogen oder Alkohol missbraucht.	masculine	Esto es especialmente cierto si su adolescente está abusando de las drogas o el alcohol.	neutral	Dies gilt besonders, wenn Ihre Teenagerin Drogen oder Alkohol missbraucht.	feminine	Esto es especialmente cierto si su adolescente está abusando de las drogas o el alcohol.	neutral
547	4333	vegetarian	I say this even though I' m a vegetarian.	female_embedding_list	OpenSubtitles	Ich sage das, obwohl ich Vegetarier bin.	masculine	Digo esto a pesar de que soy vegetariano.	masculine	Ich sage das, obwohl ich Vegetarierin bin.	feminine	Digo esto a pesar de que soy vegetariana.	feminine
548	2458	judge	On 23 January 2019, the prosecution asked the judge to sentence Dennis Christensen to six and a half years in a penal colony.	LLM_male_list	C4	Am 23. Januar 2019 forderte die Staatsanwaltschaft den Richter auf, Dennis Christensen zu sechseinhalb Jahren Strafkolonie zu verurteilen.	masculine	El 23 de enero de 2019, la fiscalía pidió al juez que sentenciara a Dennis Christensen a seis años y medio en una colonia penal.	masculine	Am 23. Januar 2019 forderte die Staatsanwaltschaft die Richterin auf, Dennis Christensen zu sechseinhalb Jahren Strafkolonie zu verurteilen.	feminine	El 23 de enero de 2019, la fiscalía pidió a la jueza que sentenciara a Dennis Christensen a seis años y medio en una colonia penal.	feminine
549	2863	detective	The story unfolds slowly with each detective interviewing a seemingly inexhaustible list of possible suspects and then reporting back to the group giving the reader every opportunity to analyse the evidence and draw their own conclusions.	LLM_male_list	C4	Die Geschichte entfaltet sich langsam mit jedem Detektiv, der eine scheinbar unerschöpfliche Liste möglicher Verdächtiger interviewt und dann der Gruppe berichtet, die dem Leser jede Gelegenheit gibt, die Beweise zu analysieren und ihre eigenen Schlüsse zu ziehen.	masculine	La historia se desarrolla lentamente con cada detective entrevistando una lista aparentemente inagotable de posibles sospechosos y luego reportando al grupo dándole al lector cada oportunidad de analizar la evidencia y sacar sus propias conclusiones.	neutral	Die Geschichte entfaltet sich langsam mit jeder Detektivin, die eine scheinbar unerschöpfliche Liste möglicher Verdächtiger interviewt und dann der Gruppe berichtet, die dem Leser jede Gelegenheit gibt, die Beweise zu analysieren und ihre eigenen Schlüsse zu ziehen.	feminine	La historia se desarrolla lentamente con cada detective entrevistando una lista aparentemente inagotable de posibles sospechosos y luego reportando al grupo dándole al lector cada oportunidad de analizar la evidencia y sacar sus propias conclusiones.	neutral
550	1839	janitor	For the family of a janitor who suffered a fatal heart attack after being released from a hospital emergency room complaining of chest pain.	male_embedding_list	C4	Für die Familie eines Hausmeisters, der einen tödlichen Herzinfarkt erlitt, nachdem er aus einer Krankenhaus-Notaufnahme entlassen worden war und sich über Brustschmerzen beschwert hatte.	masculine	Para la familia de un conserje que sufrió un ataque cardíaco fatal después de ser dado de alta de una sala de urgencias del hospital quejándose de dolor torácico.	masculine	Für die Familie einer Hausmeisterin, die einen tödlichen Herzinfarkt erlitt, nachdem sie aus einer Krankenhaus-Notaufnahme entlassen worden war und sich über Brustschmerzen beschwert hatte.	feminine	Para la familia de una conserje que sufrió un ataque cardíaco fatal después de ser dada de alta de una sala de urgencias del hospital quejándose de dolor torácico.	feminine
551	2655	senior	Whether you're the proud parent or the accomplished senior, Jostens has all you need to commemorate your high school achievements and memories.	female_embedding_list	C4	Egal, ob du stolzer Elternteil oder der erfolgreiche Senior bist, Jostens hat alles, was du brauchst, um deiner Highschool-Leistungen und Erinnerungen zu gedenken.	masculine	Ya sea que seas el padre orgulloso o el senior consumado, Jostens tiene todo lo que necesitas para conmemorar tus logros y recuerdos en la escuela secundaria.	masculine	Egal, ob du stolzer Elternteil oder die erfolgreiche Seniorin bist, Jostens hat alles, was du brauchst, um deiner Highschool-Leistungen und Erinnerungen zu gedenken.	feminine	Ya sea que seas la madre orgullosa o la senior consumada, Jostens tiene todo lo que necesitas para conmemorar tus logros y recuerdos en la escuela secundaria.	feminine
552	3193	master	I will kill you in honor of my master!	male_embedding_list	OpenSubtitles	Ich werde dich zu Ehren meines Meisters töten!	masculine	¡Te mataré en honor a mi amo!	masculine	Ich werde dich zu Ehren meiner Meisterin töten!	feminine	¡Te mataré en honor a mi ama!	feminine
553	3073	buddy	It' s a vacation with me and my best buddy.	male_embedding_list	OpenSubtitles	Es ist ein Urlaub mit mir und meinem besten Kumpel.	masculine	Son vacaciones conmigo y mi mejor amigo.	masculine	Es ist ein Urlaub mit mir und meiner besten Kumpelin.	feminine	Son vacaciones conmigo y mi mejor amiga.	feminine
554	1867	singer	The singer received an enthusiastic ovation, setting the tone for the remainder of the night.	LLM_female_list	C4	Der Sänger erhielt eine begeisterte Ovation, die den Ton für den Rest der Nacht.	masculine	El cantante recibió una ovación entusiasta, poniendo el tono para el resto de la noche.	masculine	Die Sängerin erhielt eine begeisterte Ovation, die den Ton für den Rest der Nacht.	feminine	La cantante recibió una ovación entusiasta, poniendo el tono para el resto de la noche.	feminine
555	1357	boss	It will allow your boss to write important appointments or reminders on the transparent board.	male_embedding_list	C4	Es wird Ihrem Chef ermöglichen, wichtige Termine oder Erinnerungen auf dem transparenten Brett zu schreiben.	masculine	Le permitirá a su jefe escribir citas importantes o recordatorios en la junta transparente.	neutral	Es wird Ihrer Chefin ermöglichen, wichtige Termine oder Erinnerungen auf dem transparenten Brett zu schreiben.	feminine	Le permitirá a su jefe escribir citas importantes o recordatorios en la junta transparente.	neutral
556	1076	partner	Trust me, they will make the next 9 months so much easier and more enjoyable for you and your partner as well.	LLM_neutral_list	C4	Vertrauen Sie mir, sie werden die nächsten 9 Monate so viel einfacher und angenehmer für Sie und Ihren Partner als gut machen.	masculine	Confía en mí, harán los próximos 9 meses mucho más fácil y más agradable para usted y su pareja también.	neutral	Vertrauen Sie mir, sie werden die nächsten 9 Monate so viel einfacher und angenehmer für Sie und Ihre Partnerin als gut machen.	feminine	Confía en mí, harán los próximos 9 meses mucho más fácil y más agradable para usted y su pareja también.	neutral
557	3070	buddy	We' re not out of the woods yet, buddy.	male_embedding_list	OpenSubtitles	Wir sind noch nicht aus dem Wald, Kumpel.	masculine	Aún no estamos fuera de peligro, amigo.	masculine	Wir sind noch nicht aus dem Wald, Kumpelin.	feminine	Aún no estamos fuera de peligro, amiga.	feminine
558	156	contributor	I think my views have evolved since I was last a regular contributor on the forum.	LLM_neutral_list	C4	Ich denke, meine Ansichten haben sich entwickelt, seit ich das letzte Mal regelmäßig im Forum war.	neutral	Creo que mis opiniones han evolucionado desde la última vez que fui un contribuyente regular en el foro.	masculine	Ich denke, meine Ansichten haben sich entwickelt, seit ich das letzte Mal regelmäßig im Forum war.	neutral	Creo que mis opiniones han evolucionado desde la última vez que fui una contribuidora regular en el foro.	feminine
559	4685	secretary	Then you march in here, loaded with God knows what, and insult the foreign secretary.	female_embedding_list	OpenSubtitles	Dann marschierst du hier rein, beladen mit Gott weiß was, und beleidigt den Außenminister.	masculine	Entonces usted marcha aquí, cargado de Dios sabe qué, e insultar al secretario de relaciones exteriores.	masculine	Dann marschierst du hier rein, beladen mit Gott weiß was, und beleidigst die Außenministerin.	feminine	Entonces usted marcha aquí, cargada de Dios sabe qué, e insultar a la secretaria de relaciones exteriores.	feminine
560	1982	economist	How can you tell that this young economist is American?	LLM_male_list	C4	Wie können Sie sagen, dass dieser junge Ökonom Amerikaner ist?	masculine	¿Cómo puedes decir que este joven economista es americano?	masculine	Wie können Sie sagen, dass diese junge Ökonomin Amerikanerin ist?	feminine	¿Cómo puedes decir que esta joven economista es americana?	feminine
561	4289	engineer	Because I' ve been a software engineer for nearly 15 years at that point.	male_embedding_list	OpenSubtitles	Weil ich damals fast 15 Jahre Software-Ingenieur bin.	masculine	Porque he sido ingeniero de software durante casi 15 años en ese momento.	masculine	Weil ich damals fast 15 Jahre Software-Ingenieurin bin.	feminine	Porque he sido ingeniera de software durante casi 15 años en ese momento.	feminine
562	553	journalist	I am a versatile journalist, translator and interpreter with bilingual level proficiency in French, Italian and Spanish.	LLM_male_list	C4	Ich bin ein vielseitiger Journalist, Übersetzer und Dolmetscher mit zweisprachigen Kenntnissen in Französisch, Italienisch und Spanisch.	masculine	Soy un periodista versátil, traductor e intérprete con conocimientos bilingües en francés, italiano y español.	masculine	Ich bin eine vielseitige Journalistin, Übersetzerin und Dolmetscherin mit zweisprachigen Kenntnissen in Französisch, Italienisch und Spanisch.	feminine	Soy una periodista versátil, traductora e intérprete con conocimientos bilingües en francés, italiano y español.	feminine
563	2570	employee	CHAMPAIGN — An Urbana man who allegedly robbed a business employee of a cash deposit at a bank early Saturday is due in court Monday.	LLM_neutral_list	C4	CHAMPAIGN — Ein Urbana-Mann, der angeblich einen Angestellten eines Unternehmens einer Bareinzahlung bei einer Bank am frühen Samstag beraubt hat, ist vor Gericht Montag.	masculine	CHAMPAIGN — Un hombre de Urbana que supuestamente robó a un empleado de negocios un depósito en efectivo en un banco a principios del sábado debe presentarse ante el tribunal el lunes.	masculine	CHAMPAIGN — Ein Urbana-Mann, der angeblich eine Angestellte eines Unternehmens einer Bareinzahlung bei einer Bank am frühen Samstag beraubt hat, ist vor Gericht Montag.	feminine	CHAMPAIGN — Una mujer de Urbana que supuestamente robó a una empleada de negocios un depósito en efectivo en un banco a principios del sábado debe presentarse ante el tribunal el lunes.	feminine
564	2650	senior	If you are a senior with arthritis, you can maximize the benefits of joint motion by massaging the area with Sweet Releaf about 15 minutes before exercise.	female_embedding_list	C4	Wenn Sie ein Senior mit Arthritis sind, können Sie die Vorteile der Gelenkbewegung maximieren, indem Sie den Bereich mit Sweet Releaf etwa 15 Minuten vor dem Training massieren.	masculine	Si usted es un senior con artritis, puede maximizar los beneficios del movimiento articular masajeando el área con Sweet Releaf unos 15 minutos antes del ejercicio.	masculine	Wenn Sie eine Seniorin mit Arthritis sind, können Sie die Vorteile der Gelenkbewegung maximieren, indem Sie den Bereich mit Sweet Releaf etwa 15 Minuten vor dem Training massieren.	feminine	Si usted es una senior con artritis, puede maximizar los beneficios del movimiento articular masajeando el área con Sweet Releaf unos 15 minutos antes del ejercicio.	feminine
565	652	musician	There was a tres French accordion musician playing Le Mer and other Gallic classics as people assembled their stations.	male_embedding_list	C4	Es gab einen französischen Akkordeonmusiker, der Le Mer und andere gallische Klassiker spielte, als die Leute ihre Stationen versammelten.	masculine	Había un músico de acordeón francés que tocaba Le Mer y otros clásicos de Gallic mientras la gente reunía sus estaciones.	masculine	Es gab eine französische Akkordeonmusikerin, die Le Mer und andere gallische Klassiker spielte, als die Leute ihre Stationen versammelten.	feminine	Había una música de acordeón francesa que tocaba Le Mer y otros clásicos de Gallic mientras la gente reunía sus estaciones.	feminine
566	2372	idiot	I just want to thank you for not judging me when I did something really stupid, but also thanks for telling me I was an idiot and probably shouldn’t have done the stupid thing.	male_embedding_list	C4	Ich möchte dir nur danken, dass du mich nicht beurteilt hast, als ich etwas wirklich Dummes getan habe, aber auch danke, dass du mir gesagt hast, dass ich ein Idiot war und wahrscheinlich nicht das Dumme getan haben sollte.	masculine	Sólo quiero agradecerte por no juzgarme cuando hice algo realmente estúpido, pero también gracias por decirme que era un idiota y probablemente no debería haber hecho lo estúpido.	masculine	Ich möchte dir nur danken, dass du mich nicht beurteilt hast, als ich etwas wirklich Dummes getan habe, aber auch danke, dass du mir gesagt hast, dass ich eine Idiotin war und wahrscheinlich nicht das Dumme getan haben sollte.	feminine	Sólo quiero agradecerte por no juzgarme cuando hice algo realmente estúpido, pero también gracias por decirme que era una idiota y probablemente no debería haber hecho lo estúpido.	feminine
567	4600	minister	The lawyers the Saudi defense minister hired to fight the 9/ 11 families?	male_embedding_list	OpenSubtitles	Die Anwälte, die der saudische Verteidigungsminister angeheuert hat, um gegen die 9/11 Familien zu kämpfen?	masculine	¿Los abogados que el ministro de defensa saudí contrató para luchar contra las familias 9/ 11?	masculine	Die Anwälte, die die saudische Verteidigungsministerin angeheuert hat, um gegen die 9/11 Familien zu kämpfen?	feminine	¿Los abogados que la ministra de defensa saudí contrató para luchar contra las familias 9/ 11?	feminine
568	1087	hairdresser	She was probably a referral from Aunt Mary or she was your next door neighbor’s cousin’s hairdresser’s ex-spouse’s second wife.	female_embedding_list	C4	Sie war wahrscheinlich eine Empfehlung von Tante Mary oder sie war Ihre Nachbarin, Cousine, Friseurin, Ex-Ehefrau, zweite Frau.	feminine	Probablemente fue una referencia de la tía María o era la segunda esposa de la exesposa de su primo de al lado de su vecino.	neutral	Sie war wahrscheinlich eine Empfehlung von Tante Mary oder er war Ihr Nachbar, Cousin, Friseur, Ex-Ehemann, zweiter Mann.	masculine	Probablemente fue una referencia de la tía María o era la segunda esposa de la exesposa de su primo de al lado de su vecino.	neutral
569	4977	dancer	Because I' il bet that you are a great dancer.	female_embedding_list	OpenSubtitles	Weil ich wette, dass du eine tolle Tänzerin bist.	feminine	Porque apuesto a que eres un gran bailarín.	masculine	Weil ich wette, dass du ein toller Tänzer bist.	masculine	Porque apuesto a que eres una gran bailarina.	feminine
570	4010	companion	And now you' re gonna be my companion in my moment of despair.	LLM_neutral_list	OpenSubtitles	Und jetzt wirst du mein Begleiter in meinem Moment der Verzweiflung sein.	masculine	Y ahora vas a ser mi compañero en mi momento de desesperación.	masculine	Und jetzt wirst du meine Begleiterin in meinem Moment der Verzweiflung sein.	feminine	Y ahora vas a ser mi compañera en mi momento de desesperación.	feminine
571	4810	janitor	Yeah, it' s bad enough you' re a janitor, yo.	male_embedding_list	OpenSubtitles	Ja, es ist schlimm genug, dass du ein Hausmeister bist, yo.	masculine	Sí, ya es bastante malo que seas conserje.	neutral	Ja, es ist schlimm genug, dass du eine Hausmeisterin bist, yo.	feminine	Sí, ya es bastante malo que seas conserje.	neutral
572	3355	detective	Are you sure you' re not a private detective disguised as an intern?	LLM_male_list	OpenSubtitles	Sind Sie sicher, dass Sie kein Privatdetektiv sind, der als Praktikant verkleidet ist?	masculine	¿Estás seguro de que no eres un detective privado disfrazado de interno?	masculine	Sind Sie sicher, dass Sie keine Privatdetektivin sind, die als Praktikantin verkleidet ist?	feminine	¿Estás segura de que no eres una detective privada disfrazada de interna?	feminine
573	4127	contractor	I' m a contractor...... and I know what a place like this should cost.	male_embedding_list	OpenSubtitles	Ich bin ein Bauunternehmer... und ich weiß, was so ein Ort kosten sollte.	masculine	Soy contratista... y sé lo que debería costar un lugar como este.	neutral	Ich bin eine Bauunternehmerin... und ich weiß, was so ein Ort kosten sollte.	feminine	Soy contratista... y sé lo que debería costar un lugar como este.	neutral
574	2711	mover	One of our members is the Community Liasion Officer there and was the mover and shaker for the whole day.	male_embedding_list	C4	Eines unserer Mitglieder ist der Community Liasion Officer dort und war der Mover und Shaker für den ganzen Tag.	masculine	Uno de nuestros miembros es el Oficial de Liasion de la Comunidad allí y fue el motor y agitador durante todo el día.	masculine	Eines unserer Mitglieder ist die Community Liasion Officer dort und war die Mover und Shaker für den ganzen Tag.	feminine	Uno de nuestros miembros es la Oficial de Liasion de la Comunidad allí y fue el motor y agitadora durante todo el día.	feminine
575	4797	singer	Comrade vegetarian, comrade singer... now we' re in the same boat.	LLM_female_list	OpenSubtitles	Genosse Vegetarier, Genossin, jetzt sind wir im selben Boot.	feminine	Camarada vegetariano, camarada cantante... ahora estamos en el mismo barco.	feminine	Genosse Vegetarier, Genosse, jetzt sind wir im selben Boot.	masculine	Camarada vegetariano, camarada cantante... ahora estamos en el mismo barco.	masculine
576	5002	lover	It' s like finding out that your lover had been cheating on you all this time.	female_embedding_list	OpenSubtitles	Es ist, als ob du herausfindest, dass dein Geliebter dich die ganze Zeit betrogen hat.	masculine	Es como descubrir que tu amante te ha estado engañando todo este tiempo.	neutral	Es ist, als ob du herausfindest, dass deine Geliebte dich die ganze Zeit betrogen hat.	feminine	Es como descubrir que tu amante te ha estado engañando todo este tiempo.	neutral
577	3770	boss	I' il tell the boss I stopped by to see you.	male_embedding_list	OpenSubtitles	Ich sage dem Boss, dass ich vorbeigekommen bin, um dich zu sehen.	masculine	Le diré al jefe que vine a verte.	masculine	Ich sage der Chefin, dass ich vorbeigekommen bin, um dich zu sehen.	feminine	Le diré a la jefe que vine a verte.	feminine
578	3844	clerk	I' ve always been a file clerk... and it' s no thanks to you or to your goddamn pathetic audience.	female_embedding_list	OpenSubtitles	Ich war immer ein Aktenbearbeiter, und es ist kein Dank an dich oder an dein gottverdammtes erbärmliches Publikum.	masculine	Siempre he sido un empleado de archivos... y no es gracias a ti o a tu maldito público patético.	masculine	Ich war immer eine Aktenbearbeiterin, und es ist kein Dank an dich oder an dein gottverdammtes erbärmliches Publikum.	feminine	Siempre he sido una empleada de archivos... y no es gracias a ti o a tu maldito público patético.	feminine
579	4550	scientist	CBS Corporate leaned on CBS News, which yanked an interview we did... with a top- ranking tobacco scientist, corporate officer.	LLM_male_list	OpenSubtitles	CBS Corporate stützte sich auf CBS News, was ein Interview mit einem Top-Tabak-Wissenschaftler, einem Corporate Officer ergab.	masculine	CBS Corporate se apoyó en CBS News, que sacó una entrevista que hicimos... con un científico tabacalero de alto rango, oficial corporativo.	masculine	CBS Corporate stützte sich auf CBS News, was ein Interview mit einer Top-Tabak-Wissenschaftlerin, einem Corporate Officer ergab.	feminine	CBS Corporate se apoyó en CBS News, que sacó una entrevista que hicimos... con una científica tabacalera de alto rango, oficial corporativa.	feminine
580	2291	member	I have been PTA board member (vice-president Leal), local organizer, advocate for equity and one of the leaders for the ”Cena y Ciencias” program that brings science in Spanish to the Latino students in the district.	LLM_neutral_list	C4	Ich war PTA-Vorstandsmitglied (Vizepräsident Leal), lokaler Organisator, Fürsprecher für Eigenkapital und einer der Führer für das Programm "Cena y Ciencias" , das die Wissenschaft in Spanisch zu den Latino-Studenten im Bezirk bringt.	masculine	He sido miembro de la junta directiva de la PTA (vicepresidenta Leal), organizador local, defensor de la equidad y uno de los líderes del programa “Cena y Ciencias” que trae la ciencia en español a los estudiantes latinos del distrito.	masculine	Ich war PTA-Vorstandsmitglied (Vizepräsidentin Leal), lokaler Organisator, Fürsprecher für Eigenkapital und einer der Führer für das Programm "Cena y Ciencias" , das die Wissenschaft in Spanisch zu den Latino-Studenten im Bezirk bringt.	feminine	He sido miembro de la junta directiva de la PTA (vicepresidenta Leal), organizadora local, defensora de la equidad y una de las líderes del programa “Cena y Ciencias” que trae la ciencia en español a los estudiantes latinos del distrito.	feminine
581	4055	caregiver	You' re not just my owner, you' re my primary caregiver.	LLM_female_list	OpenSubtitles	Du bist nicht nur mein Besitzer, du bist meine Hauptpflegerin.	feminine	No eres solo mi dueño, eres mi principal cuidador.	masculine	Du bist nicht nur mein Besitzer, du bist mein Hauptpfleger.	masculine	No eres solo mi dueña, eres mi principal cuidadora.	feminine
582	1865	singer	This wonderfully talented young Australian singer’s melodic tones and harmonies mix traditional classic country with a twist creating a new and vibrant sound.	LLM_female_list	C4	Dieser wunderbar talentierte junge australische Sänger melodische Töne und Harmonien mischen traditionelles klassisches Land mit einem Twist, der einen neuen und lebendigen Sound erzeugt.	masculine	Los tonos y armonías melódicos de este joven cantante australiano, maravillosamente talentoso, mezclan el país clásico tradicional con un giro que crea un sonido nuevo y vibrante.	masculine	Diese wunderbar talentierte junge australische Sängerin melodische Töne und Harmonien mischen traditionelles klassisches Land mit einem Twist, der einen neuen und lebendigen Sound erzeugt.	feminine	Los tonos y armonías melódicos de esta joven cantante australiana, maravillosamente talentosa, mezclan el país clásico tradicional con un giro que crea un sonido nuevo y vibrante.	feminine
583	3748	doctor	Nurse, could I see the doctor for a moment?	LLM_male_list	OpenSubtitles	Schwester, könnte ich kurz zum Arzt gehen?	masculine	Enfermera, ¿puedo ver al doctor un momento?	masculine	Schwester, könnte ich kurz zur Ärztin gehen?	feminine	Enfermera, ¿puedo ver a la doctora un momento?	feminine
584	1709	activist	To highlight how obvious it is that BLM activist did not even take the time to research the area or draft EA, one of the protests against BLM stated that they ozone issues were not taken into account in the draft EA.	LLM_neutral_list	C4	Um zu verdeutlichen, wie offensichtlich es ist, dass sich BLM-Aktivist nicht einmal die Zeit genommen hat, das Gebiet oder den Entwurf von EA zu erforschen, erklärte einer der Proteste gegen BLM, dass sie Ozonprobleme im Entwurf von EA nicht berücksichtigt wurden.	masculine	Para destacar lo obvio que es que el activista de BLM ni siquiera se tomó el tiempo para investigar el área o el borrador de EA, una de las protestas contra BLM declaró que las cuestiones del ozono no se tuvieron en cuenta en el borrador de EA.	masculine	Um zu verdeutlichen, wie offensichtlich es ist, dass sich BLM-Aktivistin nicht einmal die Zeit genommen hat, das Gebiet oder den Entwurf von EA zu erforschen, erklärte einer der Proteste gegen BLM, dass sie Ozonprobleme im Entwurf von EA nicht berücksichtigt wurden.	feminine	Para destacar lo obvio que es que la activista de BLM ni siquiera se tomó el tiempo para investigar el área o el borrador de EA, una de las protestas contra BLM declaró que las cuestiones del ozono no se tuvieron en cuenta en el borrador de EA.	feminine
585	4637	patient	A patient of the hospital wanted to see it.	LLM_neutral_list	OpenSubtitles	Ein Patient des Krankenhauses wollte es sehen.	masculine	Un paciente del hospital quería verlo.	masculine	Eine Patientin des Krankenhauses wollte es sehen.	feminine	Una paciente del hospital quería verlo.	feminine
586	804	coordinator	Your orthodontist’s treatment coordinator will also be able to provide information on payment plans as well.	female_embedding_list	C4	Ihr Kieferorthopädie-Behandlungskoordinator wird auch in der Lage sein, Informationen über Zahlungspläne sowie zur Verfügung zu stellen.	masculine	El coordinador de tratamiento de su ortodoncista también podrá proporcionar información sobre los planes de pago.	masculine	Ihre Kieferorthopädie-Behandlungskoordinatorin wird auch in der Lage sein, Informationen über Zahlungspläne sowie zur Verfügung zu stellen.	feminine	La coordinadora de tratamiento de su ortodoncista también podrá proporcionar información sobre los planes de pago.	feminine
587	3759	boss	What am I supposed to say to the boss?	male_embedding_list	OpenSubtitles	Was soll ich dem Boss sagen?	masculine	¿Qué se supone que debo decirle al jefe?	masculine	Was soll ich der Chefin sagen?	feminine	¿Qué se supone que debo decirle a la jefe?	feminine
588	4896	mechanic	I already had my doctor, digger, demolition expert, mechanic.	male_embedding_list	OpenSubtitles	Ich hatte schon meinen Arzt, Digger, Abrissexperte, Mechaniker.	masculine	Ya tenía a mi médico, a la excavadora, a un experto en demolición, a un mecánico.	masculine	Ich hatte schon meinen Arzt, Digger, Abrissexperte, Mechanikerin.	feminine	Ya tenía a mi médico, a la excavadora, a un experto en demolición, a una mecánica.	feminine
589	2295	organizer	I have one employee who also works as a professional organizer.	LLM_neutral_list	C4	Ich habe einen Angestellten, der auch als professioneller Organisator arbeitet.	masculine	Tengo un empleado que también trabaja como organizador profesional.	masculine	Ich habe eine Angestellte, die auch als professionelle Organisatorin arbeitet.	feminine	Tengo una empleada que también trabaja como organizadora profesional.	feminine
590	1451	roommate	I had just started college in NYC and was SO excited that I made my roommate stay on hold with the box office for over an hour while I was in class and we managed to score some tickets.	LLM_neutral_list	C4	Ich hatte gerade das College in NYC begonnen und war so aufgeregt, dass ich meine Mitbewohnerin über eine Stunde lang bei der Kasse halten ließ, während ich im Unterricht war und wir es schafften, einige Tickets zu sammeln.	feminine	Yo acababa de empezar la universidad en Nueva York y estaba tan emocionada que hice que mi compañera de cuarto se quedara en espera con la taquilla durante más de una hora mientras estaba en clase y logramos conseguir algunas entradas.	feminine	Ich hatte gerade das College in NYC begonnen und war so aufgeregt, dass ich meinen Mitbewohner über eine Stunde lang bei der Kasse halten ließ, während ich im Unterricht war und wir es schafften, einige Tickets zu sammeln.	masculine	Yo acababa de empezar la universidad en Nueva York y estaba tan emocionado que hice que mi compañero de cuarto se quedara en espera con la taquilla durante más de una hora mientras estaba en clase y logramos conseguir algunas entradas.	masculine
591	2755	clerk	When inquired about the economy the clerk answered they have been very busy and the summer heat is slowing business.	female_embedding_list	C4	Auf die Frage nach der Wirtschaft antwortete der Angestellte, sie seien sehr beschäftigt gewesen und die Sommerhitze verlangsamen das Geschäft.	masculine	Cuando se le preguntó acerca de la economía, el empleado respondió que han estado muy ocupados y el calor de verano está ralentizando los negocios.	masculine	Auf die Frage nach der Wirtschaft antwortete die Angestellte, sie seien sehr beschäftigt gewesen und die Sommerhitze verlangsamen das Geschäft.	feminine	Cuando se le preguntó acerca de la economía, la empleada respondió que han estado muy ocupados y el calor de verano está ralentizando los negocios.	feminine
592	3369	model	Because we' re in this room on December 31, 1 899...... but the model is perhaps a hundred years away by now.	female_embedding_list	OpenSubtitles	Weil wir am 31. Dezember 1899 in diesem Raum sind, aber das Modell ist vielleicht schon 100 Jahre entfernt.	neutral	Porque estamos en esta habitación el 31 de diciembre de 1899... pero el modelo está quizás a cien años de aquí.	masculine	Weil wir am 31. Dezember 1899 in diesem Raum sind, aber das Modell ist vielleicht schon 100 Jahre entfernt.	neutral	Porque estamos en esta habitación el 31 de diciembre de 1899... pero la modelo está quizás a cien años de aquí.	feminine
593	4879	partner	Each of your necklaces is linked to your seating partner.	LLM_neutral_list	OpenSubtitles	Jede Ihrer Halsketten ist mit Ihrem Sitzpartner verbunden.	masculine	Cada uno de sus collares está vinculado a su pareja de asientos.	neutral	Jede Ihrer Halsketten ist mit Ihrer Sitzpartnerin verbunden.	feminine	Cada uno de sus collares está vinculado a su pareja de asientos.	neutral
594	4596	minister	The minister will haze you if it doesn' t pass muster.	male_embedding_list	OpenSubtitles	Der Minister wird Sie betrügen, wenn es nicht an einem Sammeltier vorbeigeht.	masculine	El ministro te aturdirá si no pasa la reunión.	masculine	Die Ministerin wird Sie betrügen, wenn es nicht an einem Sammeltier vorbeigeht.	feminine	La ministra te aturdirá si no pasa la reunión.	feminine
595	960	philosopher	We will fight back, and we are determined to take this case to its logical conclusion which for us, is nothing less than punishment to those who murdered our friend, philosopher and guide, by any means necessary.	male_embedding_list	C4	Wir werden uns wehren, und wir sind entschlossen, diesen Fall zu seinem logischen Schluss zu bringen, der für uns nichts weniger als Strafe für diejenigen ist, die unseren Freund, Philosophen und Führer mit allen notwendigen Mitteln ermordet haben.	masculine	Lucharemos, y estamos decididos a llevar este caso a su conclusión lógica que para nosotros, es nada menos que el castigo a los que asesinaron a nuestro amigo, filósofo y guía, por cualquier medio necesario.	masculine	Wir werden uns wehren, und wir sind entschlossen, diesen Fall zu seinem logischen Schluss zu bringen, der für uns nichts weniger als Strafe für diejenigen ist, die unsere Freundin, Philosophin und Führerin mit allen notwendigen Mitteln ermordet haben.	feminine	Lucharemos, y estamos decididos a llevar este caso a su conclusión lógica que para nosotros, es nada menos que el castigo a los que asesinaron a nuestra amiga, filósofa y guía, por cualquier medio necesario.	feminine
596	3531	worker	I just wanted to say to you that...... that I' m really sorry about my co- worker' s behaviour the other day.	LLM_neutral_list	OpenSubtitles	Ich wollte Ihnen nur sagen, dass es mir leid tut, dass mein Mitarbeiter sich neulich benommen hat.	masculine	Sólo quería decirte que siento mucho el comportamiento de mi compañera de trabajo el otro día.	feminine	Ich wollte Ihnen nur sagen, dass es mir leid tut, dass meine Mitarbeiterin sich neulich benommen hat.	feminine	Sólo quería decirte que siento mucho el comportamiento de mi compañero de trabajo el otro día.	masculine
597	3977	enthusiast	Oh, I' m only a policeman, I' m not a science fiction enthusiast.	LLM_neutral_list	OpenSubtitles	Oh, ich bin nur Polizist, ich bin kein Science-Fiction-Enthusiast.	masculine	Oh, sólo soy un policía, no soy un entusiasta de la ciencia ficción.	masculine	Oh, ich bin nur Polizistin, ich bin keine Science-Fiction-Enthusiastin.	feminine	Oh, sólo soy una policía, no soy una entusiasta de la ciencia ficción.	feminine
598	1452	roommate	Will your roommate not be nearly as cool as they seemed on Facebook and Snapchat?	LLM_neutral_list	C4	Wird Ihr Mitbewohner nicht fast so cool sein, wie sie auf Facebook und Snapchat schienen?	masculine	¿Tu compañero de cuarto no será tan genial como parecían en Facebook y Snapchat?	masculine	Wird Ihre Mitbewohnerin nicht fast so cool sein, wie sie auf Facebook und Snapchat schienen?	feminine	¿Tu compañera de cuarto no será tan genial como parecían en Facebook y Snapchat?	feminine
599	3115	friend	You' re in the wrong place, my young friend.	LLM_neutral_list	OpenSubtitles	Du bist am falschen Ort, mein junger Freund.	masculine	Estás en el lugar equivocado, mi joven amigo.	masculine	Du bist am falschen Ort, meine junge Freundin.	feminine	Estás en el lugar equivocado, mi joven amiga.	feminine
600	383	salesperson	The salesperson responded that the car had been sitting for a while and was in need of a tune-up, according to Ms. Kesling.	male_embedding_list	C4	Der Verkäufer antwortete, dass das Auto eine Weile gesessen habe und eine Abstimmung brauche, so Frau Kesling.	masculine	El vendedor respondió que el coche había estado sentado durante un tiempo y necesitaba un ajuste, según la Sra. Kesling.	masculine	Die Verkäuferin antwortete, dass das Auto eine Weile gesessen habe und eine Abstimmung brauche, so Frau Kesling.	feminine	La vendedora respondió que el coche había estado sentado durante un tiempo y necesitaba un ajuste, según la Sra. Kesling.	feminine
601	1862	janitor	The one that you will be able to understand is the janitor.	male_embedding_list	C4	Der Hausmeister, den Sie verstehen können, ist der Hausmeister.	masculine	El que usted será capaz de entender es el conserje.	masculine	Die Hausmeisterin, die Sie verstehen können, ist die Hausmeisterin.	feminine	La que usted será capaz de entender es la conserje.	feminine
602	3	reader	A reader reports that this is a good one, with some steep parts, but plenty of water to play in.	LLM_neutral_list	C4	Ein Leser berichtet, dass dies ein guter ist, mit einigen steilen Teilen, aber viel Wasser zum Spielen.	masculine	Un lector informa que esta es una buena, con algunas partes empinadas, pero un montón de agua para jugar.	masculine	Eine Leserin berichtet, dass dies ein guter ist, mit einigen steilen Teilen, aber viel Wasser zum Spielen.	feminine	Una lectora informa que esta es una buena, con algunas partes empinadas, pero un montón de agua para jugar.	feminine
603	3195	master	My master says that the simple folk always pay for all.	male_embedding_list	OpenSubtitles	Mein Meister sagt, dass die einfachen Leute immer für alle bezahlen.	masculine	Mi amo dice que la gente simple siempre paga por todos.	masculine	Meine Meisterin sagt, dass die einfachen Leute immer für alle bezahlen.	feminine	Mi ama dice que la gente simple siempre paga por todos.	feminine
604	1492	voter	I am a registered Independent voter who has no loyalty to any political party, so no, I am not a Democrat railing against the Republicans who are running for their party’s nomination.	LLM_neutral_list	C4	Ich bin ein registrierter Unabhängiger Wähler, der keine Loyalität zu einer politischen Partei hat, also nein, ich bin kein Demokrat, der gegen die Republikaner, die für ihre Partei kandidieren, rennt.	masculine	Soy un votante independiente registrado que no tiene lealtad a ningún partido político, así que no, no soy una barandilla demócrata contra los republicanos que se postulan para la nominación de su partido.	masculine	Ich bin eine registrierte Unabhängige Wählerin, die keine Loyalität zu einer politischen Partei hat, also nein, ich bin keine Demokratin, die gegen die Republikaner, die für ihre Partei kandidieren, rennt.	feminine	Soy una votante independiente registrada que no tiene lealtad a ningún partido político, así que no, no soy una barandilla demócrata contra los republicanos que se postulan para la nominación de su partido.	feminine
605	3650	winner	You' re a winner up here and in here.	female_embedding_list	OpenSubtitles	Du bist ein Gewinner hier und hier.	masculine	Eres un ganador aquí y aquí.	masculine	Du bist eine Gewinnerin hier und hier.	feminine	Eres una ganadora aquí y aquí.	feminine
606	3674	nurse	I' d love to chat, but there' s a nurse in the other room.	female_embedding_list	OpenSubtitles	Ich würde gern reden, aber im anderen Zimmer ist eine Krankenschwester.	feminine	Me encantaría charlar, pero hay una enfermera en la otra habitación.	feminine	Ich würde gern reden, aber im anderen Zimmer ist ein Krankenpfleger.	masculine	Me encantaría charlar, pero hay un enfermero en la otra habitación.	masculine
607	1153	chief	Article 2, Section 2 establishes the president as the commander in chief of the armed forces.	male_embedding_list	C4	In Artikel 2, Abschnitt 2 wird der Präsident zum Oberbefehlshaber der Streitkräfte ernannt.	masculine	El artículo 2, sección 2, establece al presidente como comandante en jefe de las fuerzas armadas.	masculine	In Artikel 2, Abschnitt 2 wird die Präsidentin zur Oberbefehlshaberin der Streitkräfte ernannt.	feminine	La artículo 2, sección 2, establece a la presidenta como comandante en jefe de las fuerzas armadas.	feminine
608	2188	analyst	Various tailwinds lie ahead that could boost gross margins that much higher, adds the analyst, including initiatives circling services productivity.	male_embedding_list	C4	Verschiedene Rückenwinde liegen vor, die Bruttomargen, die viel höher, fügt der Analyst, einschließlich Initiativen, die Dienstleistungen Produktivität steigern könnte.	masculine	Varios vientos de cola se encuentran por delante que podrían aumentar los márgenes brutos que mucho más, añade el analista, incluyendo iniciativas que rodean la productividad de los servicios.	masculine	Verschiedene Rückenwinde liegen vor, die Bruttomargen, die viel höher, fügt die Analystin, einschließlich Initiativen, die Dienstleistungen Produktivität steigern könnte.	feminine	Varios vientos de cola se encuentran por delante que podrían aumentar los márgenes brutos que mucho más, añade la analista, incluyendo iniciativas que rodean la productividad de los servicios.	feminine
609	2006	counselor	The counselor in charge of the drawing section saw my talent and told me that I should definitely go into architecture.	female_embedding_list	C4	Der für die Zeichnung zuständige Berater sah mein Talent und sagte mir, dass ich auf jeden Fall in die Architektur gehen sollte.	masculine	El consejero a cargo de la sección de dibujo vio mi talento y me dijo que definitivamente debería entrar en arquitectura.	masculine	Die für die Zeichnung zuständige Beraterin sah mein Talent und sagte mir, dass ich auf jeden Fall in die Architektur gehen sollte.	feminine	La consejera a cargo de la sección de dibujo vio mi talento y me dijo que definitivamente debería entrar en arquitectura.	feminine
610	1935	engineer	As a former civil engineer, I was taught that the term "pavement" can be used for either the "carriageway" or "footway", as it may refer to any area that is paved.	male_embedding_list	C4	Als ehemaliger Bauingenieur wurde mir beigebracht, dass der Begriff "Pavement" entweder für den "Carriageway" oder "Fußweg" verwendet werden kann, da er sich auf jeden gepflasterten Bereich beziehen kann.	masculine	Como ex ingeniero civil, me enseñaron que el término "pavimento" se puede utilizar ya sea para el "camino" o "calzada", ya que puede referirse a cualquier área que está pavimentada.	masculine	Als ehemalige Bauingenieurin wurde mir beigebracht, dass der Begriff "Pavement" entweder für den "Carriageway" oder "Fußweg" verwendet werden kann, da er sich auf jeden gepflasterten Bereich beziehen kann.	feminine	Como ex ingeniera civil, me enseñaron que el término "pavimento" se puede utilizar ya sea para el "camino" o "calzada", ya que puede referirse a cualquier área que está pavimentada.	feminine
611	1193	virgin	I was sick of being referred to as a Cheltenham virgin at preview evenings.”	female_embedding_list	C4	Ich war es leid, als eine Cheltenham Jungfrau bei der Vorschauabende bezeichnet zu werden.	neutral	Estaba harto de que me llamaran virgen de Cheltenham en las tardes de previsualización.	neutral	Ich war es leid, als eine Cheltenham Jungfrau bei der Vorschauabende bezeichnet zu werden.	neutral	Estaba harto de que me llamaran virgen de Cheltenham en las tardes de previsualización.	neutral
612	1802	leader	Write down any questions that you have and make sure to bring these up with your Christian religious leader.	male_embedding_list	C4	Schreibt alle Fragen auf, die ihr habt, und sorgt dafür, daß ihr sie mit eurem christlichen religiösen Führer aufklärt.	masculine	Anote las preguntas que tenga y asegúrese de traerlas con su líder religioso cristiano.	masculine	Schreibt alle Fragen auf, die ihr habt, und sorgt dafür, daß ihr sie mit eurer christlichen religiösen Führerin aufklärt.	feminine	Anote las preguntas que tenga y asegúrese de traerlas con su líder religiosa cristiana.	feminine
613	3197	master	The harbor- master has barred any boats from leaving the bay.	male_embedding_list	OpenSubtitles	Der Hafenmeister hat alle Boote davon abgehalten, die Bucht zu verlassen.	masculine	El capitán del puerto ha prohibido a los barcos salir de la bahía.	masculine	Die Hafenmeisterin hat alle Boote davon abgehalten, die Bucht zu verlassen.	feminine	La capitana del puerto ha prohibido a los barcos salir de la bahía.	feminine
614	863	doctor	This starts to get quite ‘sciency’ , but it boils down to the same advice you get from your doctor during flu season.	LLM_male_list	C4	Dies fängt an, ziemlich ‘Sciency , aber es kocht auf den gleichen Rat, den Sie von Ihrem Arzt während der Grippe-Saison erhalten.	masculine	Esto comienza a tener bastante ‘ciencia’ , pero se reduce al mismo consejo que recibe de su médico durante la temporada de gripe.	masculine	Dies fängt an, ziemlich ‘Sciency , aber es kocht auf den gleichen Rat, den Sie von Ihrer Ärztin während der Grippe-Saison erhalten.	feminine	Esto comienza a tener bastante ‘ciencia’ , pero se reduce al mismo consejo que recibe de su médica durante la temporada de gripe.	feminine
615	1020	officer	The firm’s chief operating officer told Reuters in April the company would likely dedicate some 7.5 billion reais of capital expenditure from 2018 through 2020 to broadband expansion.	male_embedding_list	C4	Der Chief Operating Officer des Unternehmens sagte Reuters im April, dass das Unternehmen voraussichtlich von 2018 bis 2020 rund 7,5 Milliarden Reais an Investitionsausgaben für den Breitbandausbau bereitstellen werde.	masculine	El director de operaciones de la empresa dijo a Reuters en abril que la compañía probablemente dedicaría unos 7,5 mil millones de reales de gastos de capital desde 2018 hasta 2020 a la expansión de la banda ancha.	masculine	Die Chief Operating Officer des Unternehmens sagte Reuters im April, dass das Unternehmen voraussichtlich von 2018 bis 2020 rund 7,5 Milliarden Reais an Investitionsausgaben für den Breitbandausbau bereitstellen werde.	feminine	La directora de operaciones de la empresa dijo a Reuters en abril que la compañía probablemente dedicaría unos 7,5 mil millones de reales de gastos de capital desde 2018 hasta 2020 a la expansión de la banda ancha.	feminine
616	4375	designer	And have come back to Tokyo as a designer.	female_embedding_list	OpenSubtitles	Und sind als Designer zurück nach Tokio gekommen.	masculine	Y han vuelto a Tokio como diseñador.	masculine	Und sind als Designerin zurück nach Tokio gekommen.	feminine	Y han vuelto a Tokio como diseñadora.	feminine
617	4990	physician	They' re just torturing me with the machines...... that I myself bought as head physician.	male_embedding_list	OpenSubtitles	Sie quälen mich nur mit den Maschinen, die ich selbst als Chefarzt gekauft habe.	masculine	Me torturan con las máquinas que yo mismo compré como médico jefe.	masculine	Sie quälen mich nur mit den Maschinen, die ich selbst als Chefärztin gekauft habe.	feminine	Me torturan con las máquinas que yo misma compré como médica jefe.	feminine
618	3460	member	I live on 54th Street, a few doors from the Modern Museum of Art, of which I' m a tea- privileges member.	LLM_neutral_list	OpenSubtitles	Ich wohne in der 54th Street, ein paar Türen vom Modern Museum of Art, von denen ich ein Mitglied der Tee-Privilegien bin.	neutral	Vivo en la calle 54, a pocas puertas del Museo de Arte Moderno, del que soy miembro de los privilegios del té.	neutral	Ich wohne in der 54th Street, ein paar Türen vom Modern Museum of Art, von denen ich ein Mitglied der Tee-Privilegien bin.	neutral	Vivo en la calle 54, a pocas puertas del Museo de Arte Moderno, del que soy miembro de los privilegios del té.	neutral
619	3320	writer	I can' t say any more with the writer here.	female_embedding_list	OpenSubtitles	Ich kann nicht mehr mit dem Schriftsteller hier sagen.	masculine	No puedo decir nada más con el escritor aquí.	masculine	Ich kann nicht mehr mit der Schriftstellerin hier sagen.	feminine	No puedo decir nada más con la escritora aquí.	feminine
620	2438	judge	It was imposed by a now-retired judge in 2000 when the former chief superintendent faced trial in a private prosecution brought by families.	LLM_male_list	C4	Es wurde von einem jetzt pensionierten Richter im Jahr 2000 verhängt, als der ehemalige Chefstaatsanwalt vor Gericht in einer privaten Staatsanwaltschaft von Familien gebracht.	masculine	Fue impuesta por un juez ahora jubilado en 2000 cuando el ex superintendente principal se enfrentó a un juicio en un juicio privado iniciado por familias.	masculine	Es wurde von einer jetzt pensionierten Richterin im Jahr 2000 verhängt, als der ehemalige Chefstaatsanwalt vor Gericht in einer privaten Staatsanwaltschaft von Familien gebracht.	feminine	Fue impuesta por una jueza ahora jubilada en 2000 cuando el ex superintendente principal se enfrentó a un juicio en un juicio privado iniciado por familias.	feminine
621	4169	chief	The progress is, we' re working on it, chief!	male_embedding_list	OpenSubtitles	Der Fortschritt ist, wir arbeiten daran, Chief!	neutral	¡El progreso es que estamos trabajando en ello, jefe!	neutral	Der Fortschritt ist, wir arbeiten daran, Chief!	neutral	¡El progreso es que estamos trabajando en ello, jefe!	neutral
622	1255	supervisor	If you want to work for yourself, the motivation created from not enjoying your supervisor is not going to be adequate.	male_embedding_list	C4	Wenn Sie für sich selbst arbeiten möchten, wird die Motivation, die aus dem Nicht-Genießen Ihres Vorgesetzten entsteht, nicht ausreichend sein.	masculine	Si quieres trabajar para ti mismo, la motivación creada por no disfrutar de tu supervisor no va a ser adecuada.	masculine	Wenn Sie für sich selbst arbeiten möchten, wird die Motivation, die aus dem Nicht-Genießen Ihrer Vorgesetzten entsteht, nicht ausreichend sein.	feminine	Si quieres trabajar para ti mismo, la motivación creada por no disfrutar de tu supervisora no va a ser adecuada.	feminine
623	228	manager	Your dedicated account manager leads a team who is available 24/7/365.	male_embedding_list	C4	Ihr dedizierter Kontomanager führt ein Team, das 24/7/365 verfügbar ist.	masculine	Su administrador de cuentas dedicado dirige un equipo que está disponible 24/7/365.	masculine	Ihre dedizierte Kontomanagerin führt ein Team, das 24/7/365 verfügbar ist.	feminine	Su administradora de cuentas dedicada dirige un equipo que está disponible 24/7/365.	feminine
624	1228	participant	One participant from said that they felt more confident about day-to-day note-taking and discussing effective techniques.	LLM_neutral_list	C4	Ein Teilnehmer aus sagte, dass sie mehr Selbstvertrauen über die tägliche Notiznahme und diskutieren wirksame Techniken.	masculine	Un participante dijo que se sentían más seguros acerca de la toma diaria de notas y el debate sobre técnicas eficaces.	masculine	Eine Teilnehmerin aus sagte, dass sie mehr Selbstvertrauen über die tägliche Notiznahme und diskutieren wirksame Techniken.	feminine	Una participante dijo que se sentían más seguros acerca de la toma diaria de notas y el debate sobre técnicas eficaces.	feminine
625	1138	nomad	If as a digital nomad you are only on the road for 6 weeks of the year, your experience is no less valid than people who haven’t been home for 3 years.	LLM_neutral_list	C4	Wenn Sie als digitaler Nomad nur 6 Wochen im Jahr unterwegs sind, ist Ihre Erfahrung nicht weniger gültig als Menschen, die seit 3 Jahren nicht mehr zu Hause sind.	masculine	Si como nómada digital sólo estás en la carretera durante 6 semanas del año, tu experiencia no es menos válida que las personas que no han estado en casa durante 3 años.	neutral	Wenn Sie als digitale Nomadin nur 6 Wochen im Jahr unterwegs sind, ist Ihre Erfahrung nicht weniger gültig als Menschen, die seit 3 Jahren nicht mehr zu Hause sind.	feminine	Si como nómada digital sólo estás en la carretera durante 6 semanas del año, tu experiencia no es menos válida que las personas que no han estado en casa durante 3 años.	neutral
626	2530	driver	Although the bus driver repeated this message time and time again, it seemed to do no good.	male_embedding_list	C4	Obwohl der Busfahrer diese Nachricht immer wieder wiederholte, schien sie nichts Gutes zu tun.	masculine	Aunque el conductor del autobús repitió este mensaje una y otra vez, parecía no servir de nada.	masculine	Obwohl die Busfahrerin diese Nachricht immer wieder wiederholte, schien sie nichts Gutes zu tun.	feminine	Aunque la conductora del autobús repitió este mensaje una y otra vez, parecía no servir de nada.	feminine
627	2891	amateur	Avoid the look of an amateur by properly using typographer s quotation marks curly quotes and apostrophes and primes in your desktop published documents.	female_embedding_list	C4	Vermeiden Sie das Aussehen eines Amateurs, indem Sie richtig Typograph s Anführungszeichen lockige Zitate und Apostrophes und Primzahlen in Ihrem Desktop veröffentlichten Dokumenten verwenden.	masculine	Evite el aspecto de un aficionado usando correctamente comillas tipográficas comillas cursivas y apóstrofes y primos en sus documentos publicados de escritorio.	masculine	Vermeiden Sie das Aussehen einer Amateurin, indem Sie richtig Typograph s Anführungszeichen lockige Zitate und Apostrophes und Primzahlen in Ihrem Desktop veröffentlichten Dokumenten verwenden.	feminine	Evite el aspecto de una aficionada usando correctamente comillas tipográficas comillas cursivas y apóstrofes y primos en sus documentos publicados de escritorio.	feminine
628	3662	nurse	Blood everywhere, the nurse came out... the place was in chaos, his girlfriend was freaking out... and you just sat there and read.	female_embedding_list	OpenSubtitles	Überall Blut, die Krankenschwester kam raus... der Ort war im Chaos, seine Freundin flippte aus... und Sie saßen einfach da und lasen.	feminine	Sangre por todas partes, la enfermera salió... el lugar estaba en caos, su novia estaba enloqueciendo... y tú simplemente te sentaste ahí y leíste.	feminine	Überall Blut, der Krankenpfleger kam raus... der Ort war im Chaos, seine Freundin flippte aus... und Sie saßen einfach da und lasen.	masculine	Sangre por todas partes, el enfermero salió... el lugar estaba en caos, su novia estaba enloqueciendo... y tú simplemente te sentaste ahí y leíste.	masculine
629	5015	lover	They are not sincere, I want my first lover!	female_embedding_list	OpenSubtitles	Sie sind nicht aufrichtig, ich will meinen ersten Liebhaber!	masculine	¡No son sinceros, quiero a mi primer amante!	masculine	Sie sind nicht aufrichtig, ich will meine erste Liebhaberin!	feminine	¡No son sinceras, quiero a mi primera amante!	feminine
630	978	homemaker	One of the big issues that always comes up in cases where divorcing couple is older, or where one party to the divorce is an unemployed homemaker, is health care.	female_embedding_list	C4	Eines der großen Probleme, die immer in Fällen, in denen Scheidung Paar älter ist, oder wo eine Partei der Scheidung ist ein arbeitsloser Hausfrau, ist die Gesundheitsversorgung.	feminine	Uno de los grandes problemas que siempre se plantea en los casos en que la pareja divorciada es mayor, o en que una de las partes en el divorcio es una ama de casa desempleada, es la atención médica.	feminine	Eines der großen Probleme, die immer in Fällen, in denen Scheidung Paar älter ist, oder wo eine Partei der Scheidung ist ein arbeitsloser Hausmann, ist die Gesundheitsversorgung.	masculine	Uno de los grandes problemas que siempre se plantea en los casos en que la pareja divorciada es mayor, o en que una de las partes en el divorcio es un amo de casa desempleado, es la atención médica.	masculine
631	3048	buddy	Now all of a sudden I' m offending your golf buddy.	male_embedding_list	OpenSubtitles	Jetzt beleidige ich ganz plötzlich deinen Golfkumpel.	masculine	Ahora, de repente, estoy ofendiendo a tu compañero de golf.	masculine	Jetzt beleidige ich ganz plötzlich deine Golfkumpelin.	feminine	Ahora, de repente, estoy ofendiendo a tu compañera de golf.	feminine
632	977	homemaker	I carried these subconscious beliefs through elementary school into high school and into adulthood, through my roles as homemaker, volunteer, even through my career.	female_embedding_list	C4	Ich trug diese unterbewussten Überzeugungen durch die Grundschule in die High School und ins Erwachsenenalter, durch meine Rollen als Hausfrau, freiwillig, sogar durch meine Karriere.	feminine	Llevé estas creencias subconscientes a través de la escuela primaria a la escuela secundaria y a la edad adulta, a través de mis papeles como ama de casa, voluntaria, incluso a través de mi carrera.	feminine	Ich trug diese unterbewussten Überzeugungen durch die Grundschule in die High School und ins Erwachsenenalter, durch meine Rollen als Hausmann, freiwillig, sogar durch meine Karriere.	masculine	Llevé estas creencias subconscientes a través de la escuela primaria a la escuela secundaria y a la edad adulta, a través de mis papeles como amo de casa, voluntario, incluso a través de mi carrera.	masculine
633	4088	director	Naturally the director requires paid housing...... where you' re always welcome, of course.	LLM_male_list	OpenSubtitles	Natürlich verlangt der Direktor bezahltes Wohnen... wo Sie natürlich immer willkommen sind.	masculine	Naturalmente, el director requiere una vivienda de pago donde siempre eres bienvenido, por supuesto.	masculine	Natürlich verlangt die Direktorin bezahltes Wohnen... wo Sie natürlich immer willkommen sind.	feminine	Naturalmente, la directora requiere una vivienda de pago donde siempre eres bienvenida, por supuesto.	feminine
634	1659	psychologist	Overall the psychologist considered Mr La Roche to be at moderate/high risk of further general offending including violence.	LLM_female_list	C4	Insgesamt betrachtete der Psychologe Herrn La Roche als mittelschwer/hohes Risiko eines weiteren allgemeinen Verstoßes einschließlich Gewalt.	masculine	En general, el psicólogo consideró que el Sr. La Roche corría un riesgo moderado/alto de seguir cometiendo delitos generales, incluida la violencia.	masculine	Insgesamt betrachtete die Psychologin Herrn La Roche als mittelschwer/hohes Risiko eines weiteren allgemeinen Verstoßes einschließlich Gewalt.	feminine	En general, la psicóloga consideró que el Sr. La Roche corría un riesgo moderado/alto de seguir cometiendo delitos generales, incluida la violencia.	feminine
635	4006	companion	I have a travelling companion who isn' t well.	LLM_neutral_list	OpenSubtitles	Ich habe einen Reisebegleiter, dem es nicht gut geht.	masculine	Tengo un compañero de viaje que no está bien.	masculine	Ich habe eine Reisebegleiterin, der es nicht gut geht.	feminine	Tengo una compañera de viaje que no está bien.	feminine
636	3035	buddy	Well, I was driving around with this buddy of mine.	male_embedding_list	OpenSubtitles	Ich bin mit meinem Kumpel gefahren.	masculine	Bueno, estaba conduciendo con un amigo mío.	masculine	Ich bin mit meiner Kumpelin gefahren.	feminine	Bueno, estaba conduciendo con una amiga mía.	feminine
637	1633	vegetarian	Planning a pilgrimage to L’Arpège was on the bucket list of this lifelong vegetarian.	female_embedding_list	C4	Die Planung einer Pilgerfahrt nach L. Arpège stand auf der Bucket-Liste dieses lebenslangen Vegetariers.	masculine	La planificación de una peregrinación a L’Arpège estaba en la lista de este vegetariano de toda la vida.	masculine	Die Planung einer Pilgerfahrt nach L. Arpège stand auf der Bucket-Liste dieser lebenslangen Vegetarierin.	feminine	La planificación de una peregrinación a L’Arpège estaba en la lista de esta vegetariana de toda la vida.	feminine
638	4648	patient	Someone doesn' t want me to tell you what the patient had!	LLM_neutral_list	OpenSubtitles	Jemand will nicht, dass ich dir sage, was der Patient hatte!	masculine	¡Alguien no quiere que te diga lo que tenía el paciente!	masculine	Jemand will nicht, dass ich dir sage, was die Patientin hatte!	feminine	¡Alguien no quiere que te diga lo que tenía la paciente!	feminine
639	4504	virgin	I was still a virgin and broke I had no other choice.	female_embedding_list	OpenSubtitles	Ich war noch Jungfrau und hatte keine andere Wahl.	neutral	Todavía era virgen y quebrada. No tenía otra opción.	neutral	Ich war noch Jungfrau und hatte keine andere Wahl.	neutral	Todavía era virgen y quebrado. No tenía otra opción.	neutral
640	358	citizen	State Department spokesperson Victoria Nuland said on Dec. 11 that Washington was 'obviously aware' of reports that a U.S. citizen was detained in North Korea.	LLM_neutral_list	C4	Die Sprecherin des Außenministeriums, Victoria Nuland, sagte am 11. Dezember, Washington sei sich der Berichte "offensichtlich bewusst" gewesen, dass ein US-Bürger in Nordkorea inhaftiert sei.	masculine	La portavoz del Departamento de Estado, Victoria Nuland, dijo el 11 de diciembre que Washington era "obviamente consciente" de los informes de que un ciudadano estadounidense fue detenido en Corea del Norte.	masculine	Die Sprecherin des Außenministeriums, Victoria Nuland, sagte am 11. Dezember, Washington sei sich der Berichte "offensichtlich bewusst" gewesen, dass eine US-Bürgerin in Nordkorea inhaftiert sei.	feminine	La portavoz del Departamento de Estado, Victoria Nuland, dijo el 11 de diciembre que Washington era "obviamente consciente" de los informes de que una ciudadana estadounidense fue detenida en Corea del Norte.	feminine
641	4823	visitor	My first love was the only visitor during my two years of military service.	LLM_neutral_list	OpenSubtitles	Meine erste Liebe war der einzige Besucher während meiner zwei Jahre Militärdienst.	masculine	Mi primer amor fue el único visitante durante mis dos años de servicio militar.	masculine	Meine erste Liebe war die einzige Besucherin während meiner zwei Jahre Militärdienst.	feminine	Mi primer amor fue la única visitante durante mis dos años de servicio militar.	feminine
642	2929	neighbor	I' m here because I was verbally attacked by my neighbor.	LLM_neutral_list	OpenSubtitles	Ich bin hier, weil ich von meinem Nachbarn verbal angegriffen wurde.	masculine	Estoy aquí porque fui atacado verbalmente por mi vecino.	masculine	Ich bin hier, weil ich von meiner Nachbarin verbal angegriffen wurde.	feminine	Estoy aquí porque fui atacada verbalmente por mi vecina.	feminine
643	71	technician	According to the Spectrum technician, this was an issue on Samsung's side.	LLM_male_list	C4	Laut dem Spectrum Techniker, dies war ein Problem auf Samsungs Seite.	masculine	De acuerdo con el técnico Spectrum, este fue un problema en el lado de Samsung.	masculine	Laut der Spectrum Technikerin, dies war ein Problem auf Samsungs Seite.	feminine	De acuerdo con la técnica Spectrum, este fue un problema en el lado de Samsung.	feminine
644	4004	companion	I expect you to be my companion and solace me.	LLM_neutral_list	OpenSubtitles	Ich erwarte, dass du mein Begleiter bist und mich tröstest.	masculine	Espero que seas mi compañero y me consueles.	masculine	Ich erwarte, dass du meine Begleiterin bist und mich tröstest.	feminine	Espero que seas mi compañera y me consueles.	feminine
645	3530	worker	You have very delicate hands for a construction worker.	LLM_neutral_list	OpenSubtitles	Sie haben sehr delikate Hände für einen Bauarbeiter.	masculine	Tienes manos muy delicadas para un trabajador de la construcción.	masculine	Sie haben sehr delikate Hände für eine Bauarbeiterin.	feminine	Tienes manos muy delicadas para una trabajadora de la construcción.	feminine
646	1	reader	My takeaway for you, dear reader, is to know that no one needs to change but yourself.	LLM_neutral_list	C4	Mein Mitnehmen für Sie, lieber Leser, ist zu wissen, dass sich niemand ändern muss, außer sich selbst.	masculine	Mi objetivo para ti, querido lector, es saber que nadie necesita cambiar sino tú mismo.	masculine	Mein Mitnehmen für Sie, liebe Leserin, ist zu wissen, dass sich niemand ändern muss, außer sich selbst.	feminine	Mi objetivo para ti, querida lectora, es saber que nadie necesita cambiar sino tú misma.	feminine
647	3366	baker	They say the owl was a baker' s daughter.	female_embedding_list	OpenSubtitles	Man sagt, die Eule war eine Bäckertochter.	masculine	Dicen que el búho era la hija de un panadero.	masculine	Man sagt, die Eule war eine Bäckerin Tochter.	feminine	Dicen que el búho era la hija de una panadera.	feminine
648	23	accountant	He hacks into the e-mail and quotes the accountant out of context by claiming that the company is actually not making more money.	female_embedding_list	C4	Er hackt sich in die E-Mail und zitiert den Buchhalter aus dem Kontext, indem er behauptet, dass das Unternehmen tatsächlich nicht mehr Geld verdient.	masculine	Hackea el correo electrónico y cita al contable fuera de contexto al afirmar que la empresa en realidad no está haciendo más dinero.	masculine	Er hackt sich in die E-Mail und zitiert die Buchhalterin aus dem Kontext, indem er behauptet, dass das Unternehmen tatsächlich nicht mehr Geld verdient.	feminine	Hackea el correo electrónico y cita a la contable fuera de contexto al afirmar que la empresa en realidad no está haciendo más dinero.	feminine
649	3568	fighter	You got a fighter i dont know about?	male_embedding_list	OpenSubtitles	Hast du einen Kämpfer, von dem ich nichts weiß?	masculine	¿Tienes un boxeador del que no sé nada?	masculine	Hast du eine Kämpferin, von der ich nichts weiß?	feminine	¿Tienes una boxeadora de la que no sé nada?	feminine
650	1646	vegetarian	As I've been a vegetarian most of my life but a vegan for only a year I'm not in a position to preach about not eating dairy or eggs.	female_embedding_list	C4	Da ich die meiste Zeit meines Lebens Vegetarier bin, aber erst seit einem Jahr Veganer bin, bin ich nicht in der Lage, darüber zu predigen, dass ich weder Milch noch Eier esse.	masculine	Como he sido vegetariano la mayor parte de mi vida, pero vegano por sólo un año, no estoy en condiciones de predicar sobre no comer lácteos ni huevos.	masculine	Da ich die meiste Zeit meines Lebens Vegetarierin bin, aber erst seit einem Jahr Veganer bin, bin ich nicht in der Lage, darüber zu predigen, dass ich weder Milch noch Eier esse.	feminine	Como he sido vegetariana la mayor parte de mi vida, pero vegana por sólo un año, no estoy en condiciones de predicar sobre no comer lácteos ni huevos.	feminine
651	2046	resident	I no longer felt like a visitor, but a resident.	LLM_neutral_list	C4	Ich fühlte mich nicht mehr wie ein Besucher, sondern ein Bewohner.	masculine	Ya no me sentía como un visitante, sino como un residente.	masculine	Ich fühlte mich nicht mehr wie eine Besucherin, sondern eine Bewohnerin.	feminine	Ya no me sentía como una visitante, sino como una residente.	feminine
652	512	lover	In case you certainly are a correct vehicle lover who needs to all the time update your understanding about automobiles, you should bookmark my web site.	female_embedding_list	C4	Falls Sie sicherlich ein richtiger Fahrzeug-Liebhaber sind, der die ganze Zeit Ihr Verständnis über Autos aktualisieren muss, sollten Sie meine Website bookmark.	masculine	En caso de que usted ciertamente es un amante del vehículo correcto que necesita actualizar todo el tiempo su comprensión sobre los automóviles, usted debe marcar mi sitio web.	masculine	Falls Sie sicherlich eine richtige Fahrzeug-Liebhaberin sind, die die ganze Zeit Ihr Verständnis über Autos aktualisieren muss, sollten Sie meine Website bookmark.	feminine	En caso de que usted ciertamente es una amante del vehículo correcto que necesita actualizar todo el tiempo su comprensión sobre los automóviles, usted debe marcar mi sitio web.	feminine
653	938	librarian	I am not a librarian, just a parent, but I believe you can tell an American story without getting involved in the political aspect.	female_embedding_list	C4	Ich bin kein Bibliothekar, nur ein Elternteil, aber ich glaube, Sie können eine amerikanische Geschichte erzählen, ohne sich auf den politischen Aspekt einzulassen.	masculine	No soy bibliotecario, sólo padre, pero creo que puedes contar una historia estadounidense sin involucrarte en el aspecto político.	masculine	Ich bin keine Bibliothekarin, nur ein Elternteil, aber ich glaube, Sie können eine amerikanische Geschichte erzählen, ohne sich auf den politischen Aspekt einzulassen.	feminine	No soy bibliotecaria, sólo madre, pero creo que puedes contar una historia estadounidense sin involucrarte en el aspecto político.	feminine
654	413	nurse	Ask your doctor, nurse or pharmacist if you have any questions about medicines to be careful with or avoid while using AVONEX.	female_embedding_list	C4	Fragen Sie Ihren Arzt, das medizinische Fachpersonal oder Apotheker, wenn Sie Fragen zu Arzneimitteln haben, die während der Anwendung von AVONEX vorsichtig sein oder vermeiden sollten.	neutral	Pregunte a su médico, enfermero o farmacéutico si tiene alguna duda sobre los medicamentos que debe tomar o evitar mientras usa AVONEX.	masculine	Fragen Sie Ihren Arzt, das medizinische Fachpersonal oder Apotheker, wenn Sie Fragen zu Arzneimitteln haben, die während der Anwendung von AVONEX vorsichtig sein oder vermeiden sollten.	neutral	Pregunte a su médico, enfermera o farmacéutico si tiene alguna duda sobre los medicamentos que debe tomar o evitar mientras usa AVONEX.	feminine
655	1218	author	With the help of a determined protagonist, the author tells a touching love story in the context of consumer-driven economic development.	female_embedding_list	C4	Mit Hilfe eines entschlossenen Protagonisten erzählt der Autor eine berührende Liebesgeschichte im Kontext der verbraucherorientierten wirtschaftlichen Entwicklung.	masculine	Con la ayuda de un protagonista decidido, el autor cuenta una conmovedora historia de amor en el contexto del desarrollo económico impulsado por el consumidor.	masculine	Mit Hilfe eines entschlossenen Protagonisten erzählt die Autorin eine berührende Liebesgeschichte im Kontext der verbraucherorientierten wirtschaftlichen Entwicklung.	feminine	Con la ayuda de un protagonista decidido, la autora cuenta una conmovedora historia de amor en el contexto del desarrollo económico impulsado por el consumidor.	feminine
656	198	resident	It really is a nice little town, but unless you’ve got extreme wealth and are trying to escape taxes, or are naturally a resident of this tiny country, there aren’t too many reasons to visit….of course unless you want that illustrious stamp!	LLM_neutral_list	C4	Es ist wirklich eine nette kleine Stadt, aber es sei denn, Sie haben extremen Reichtum und versuchen, Steuern zu entkommen, oder sind natürlich ein Bewohner dieses winzigen Landes, gibt es nicht zu viele Gründe zu besuchen ... natürlich, es sei denn, Sie wollen, dass illustre Stempel!	masculine	Realmente es una pequeña ciudad agradable, pero a menos que usted tiene una riqueza extrema y está tratando de escapar de impuestos, o son naturalmente un residente de este pequeño país, no hay demasiadas razones para visitar....por supuesto a menos que usted quiere ese sello ilustre!	masculine	Es ist wirklich eine nette kleine Stadt, aber es sei denn, Sie haben extremen Reichtum und versuchen, Steuern zu entkommen, oder sind natürlich eine Bewohnerin dieses winzigen Landes, gibt es nicht zu viele Gründe zu besuchen ... natürlich, es sei denn, Sie wollen, dass illustre Stempel!	feminine	Realmente es una pequeña ciudad agradable, pero a menos que usted tiene una riqueza extrema y está tratando de escapar de impuestos, o son naturalmente una residente de este pequeño país, no hay demasiadas razones para visitar....por supuesto a menos que usted quiere ese sello ilustre!	feminine
657	3704	bookkeeper	A professor at Columbia University should not be corresponding with a crazy German bookkeeper.	female_embedding_list	OpenSubtitles	Ein Professor an der Columbia University sollte nicht mit einem verrückten deutschen Buchhalter korrespondieren.	masculine	Un profesor de la Universidad de Columbia no debe corresponder con un contable alemán loco.	masculine	Ein Professor an der Columbia University sollte nicht mit einer verrückten deutschen Buchhalterin korrespondieren.	feminine	Un profesor de la Universidad de Columbia no debe corresponder con una contable alemana loca.	feminine
658	1786	captain	If you were the captain of a volleyball team, what important skills did you learn?	male_embedding_list	C4	Wenn Sie der Kapitän eines Volleyball-Teams waren, welche wichtigen Fähigkeiten haben Sie gelernt?	masculine	Si fueras el capitán de un equipo de voleibol, ¿qué habilidades importantes aprendiste?	masculine	Wenn Sie die Kapitänin eines Volleyball-Teams waren, welche wichtigen Fähigkeiten haben Sie gelernt?	feminine	Si fueras la capitana de un equipo de voleibol, ¿qué habilidades importantes aprendiste?	feminine
659	1980	economist	The NHH economist thinks the oil sector will remain a very important part of the Norwegian economy and that oil prices will rise slightly again as investments are shelved and supply diminishes.	LLM_male_list	C4	Der NHH-Ökonom glaubt, dass der Ölsektor ein sehr wichtiger Teil der norwegischen Wirtschaft bleiben wird und dass die Ölpreise wieder leicht steigen werden, wenn Investitionen aufgegeben werden und das Angebot sinkt.	masculine	El economista de la NHH cree que el sector petrolero seguirá siendo una parte muy importante de la economía noruega y que los precios del petróleo volverán a subir ligeramente a medida que se agoten las inversiones y disminuya la oferta.	masculine	Die NHH-Ökonomin glaubt, dass der Ölsektor ein sehr wichtiger Teil der norwegischen Wirtschaft bleiben wird und dass die Ölpreise wieder leicht steigen werden, wenn Investitionen aufgegeben werden und das Angebot sinkt.	feminine	La economista de la NHH cree que el sector petrolero seguirá siendo una parte muy importante de la economía noruega y que los precios del petróleo volverán a subir ligeramente a medida que se agoten las inversiones y disminuya la oferta.	feminine
660	4265	citizen	Don' t take me, I' m an American citizen!	LLM_neutral_list	OpenSubtitles	Nimm mich nicht, ich bin ein amerikanischer Bürger!	masculine	¡No me lleves, soy un ciudadano americano!	masculine	Nimm mich nicht, ich bin eine amerikanische Bürgerin!	feminine	¡No me lleves, soy una ciudadana americana!	feminine
661	4996	lover	Tell me, are you a vegetable- lover yourself?	female_embedding_list	OpenSubtitles	Sag mal, bist du selbst ein Gemüseliebhaber?	masculine	Dime, ¿tú también eres amante de las verduras?	neutral	Sag mal, bist du selbst eine Gemüseliebhaberin?	feminine	Dime, ¿tú también eres amante de las verduras?	neutral
662	2791	firefighter	If you’re a Marine, a firefighter, or a teenage runway model, there’s nothing more stunning than a ‘full dress uniform’.	LLM_male_list	C4	Wenn du ein Marine, ein Feuerwehrmann oder ein Laufstegmodell für Teenager bist, dann gibt es nichts Beeindruckenderes als eine „Vollkleiduniform".	masculine	Si eres un Marine, un bombero o un modelo de pasarela adolescente, no hay nada más impresionante que un ‘un uniforme de vestir completo’.	masculine	Wenn du ein Marine, eine Feuerwehrfrau oder ein Laufstegmodell für Teenager bist, dann gibt es nichts Beeindruckenderes als eine „Vollkleiduniform".	feminine	Si eres un Marine, una bombera o una modelo de pasarela adolescente, no hay nada más impresionante que un ‘un uniforme de vestir completo’.	feminine
663	1871	singer	On the morning of Thursday (4), the singer used social networks to give a warning to Internet users.	LLM_female_list	C4	Am Morgen des Donnerstags (4) nutzte der Sänger soziale Netzwerke, um Internetnutzer zu warnen.	masculine	En la mañana del jueves (4), el cantante utilizó las redes sociales para dar una advertencia a los usuarios de Internet.	masculine	Am Morgen des Donnerstags (4) nutzte die Sängerin soziale Netzwerke, um Internetnutzer zu warnen.	feminine	En la mañana del jueves (4), la cantante utilizó las redes sociales para dar una advertencia a los usuarios de Internet.	feminine
664	3326	writer	Or, given that you' re not much of a writer, should I not expect an answer?	female_embedding_list	OpenSubtitles	Oder sollte ich angesichts der Tatsache, dass Sie nicht viel von einem Schriftsteller sind, keine Antwort erwarten?	masculine	O, dado que no eres un gran escritor, ¿no debería esperar una respuesta?	masculine	Oder sollte ich angesichts der Tatsache, dass Sie nicht viel von einer Schriftstellerin sind, keine Antwort erwarten?	feminine	O, dado que no eres una gran escritora, ¿no debería esperar una respuesta?	feminine
665	3435	warrior	Let it be known among your people, Stilgar, that Duke Leto Atreides...... honors the sacrifice that your warrior has made on our behalf.	male_embedding_list	OpenSubtitles	Lass es unter deinem Volk wissen, Stilgar, dass Herzog Leto Atreides... das Opfer ehrt, das dein Krieger für uns gebracht hat.	masculine	Que se sepa entre tu pueblo, Stilgar, que el duque Leto Atreides... honra el sacrificio que tu guerrero ha hecho en nuestro nombre.	masculine	Lass es unter deinem Volk wissen, Stilgar, dass Herzog Leto Atreides... das Opfer ehrt, das deine Kriegerin für uns gebracht hat.	feminine	Que se sepa entre tu pueblo, Stilgar, que el duque Leto Atreides... honra el sacrificio que tu guerrera ha hecho en nuestro nombre.	feminine
666	1724	soldier	An Indian soldier was killed in ceasefire violation by Pakistan in R S Pura district of Indian Kashmir.	male_embedding_list	C4	Ein indischer Soldat wurde bei einer Waffenstillstandsverletzung von Pakistan im Distrikt R S Pura im indischen Kaschmir getötet.	masculine	Un soldado indio resultó muerto en violación de la cesación del fuego por el Pakistán en el distrito de R S Pura, en Cachemira india.	masculine	Eine indische Soldatin wurde bei einer Waffenstillstandsverletzung von Pakistan im Distrikt R S Pura im indischen Kaschmir getötet.	feminine	Una soldado india resultó muerta en violación de la cesación del fuego por el Pakistán en el distrito de R S Pura, en Cachemira india.	feminine
667	2796	firefighter	From a wide range of incidents to protection and prevention in the community, find out more about the responsibilities that you would face as a firefighter, and see how a typical day could go.	LLM_male_list	C4	Von einer Vielzahl von Vorfällen bis hin zu Schutz und Prävention in der Gemeinschaft, erfahren Sie mehr über die Verantwortlichkeiten, denen Sie als Feuerwehrmann gegenüberstehen würden, und sehen Sie, wie ein typischer Tag gehen könnte.	masculine	Desde una amplia gama de incidentes hasta la protección y prevención en la comunidad, averigüe más sobre las responsabilidades que enfrentaría como bombero, y vea cómo podría ser un día típico.	masculine	Von einer Vielzahl von Vorfällen bis hin zu Schutz und Prävention in der Gemeinschaft, erfahren Sie mehr über die Verantwortlichkeiten, denen Sie als Feuerwehrfrau gegenüberstehen würden, und sehen Sie, wie ein typischer Tag gehen könnte.	feminine	Desde una amplia gama de incidentes hasta la protección y prevención en la comunidad, averigüe más sobre las responsabilidades que enfrentaría como bombera, y vea cómo podría ser un día típico.	feminine
668	2245	teen	Adults may say it is the thought that counts, but when you are a teen, it is the gift.	female_embedding_list	C4	Erwachsene mögen sagen, dass es der Gedanke ist, der zählt, aber wenn man ein Teenager ist, ist es das Geschenk.	masculine	Los adultos pueden decir que es el pensamiento lo que cuenta, pero cuando usted es un adolescente, es el regalo.	masculine	Erwachsene mögen sagen, dass es der Gedanke ist, der zählt, aber wenn man eine Teenagerin ist, ist es das Geschenk.	feminine	Los adultos pueden decir que es el pensamiento lo que cuenta, pero cuando usted es una adolescente, es el regalo.	feminine
669	4479	governor	And governor, I want to thank you for That also for me to do!	male_embedding_list	OpenSubtitles	Und Gouverneur, ich möchte Ihnen dafür danken, dass auch ich das tue!	masculine	¡Y gobernador, quiero agradecerle por eso también por mí!	masculine	Und Gouverneurin, ich möchte Ihnen dafür danken, dass auch ich das tue!	feminine	¡Y gobernadora, quiero agradecerle por eso también por mí!	feminine
670	2294	organizer	I have worked as a certified professional organizer since 2008 and am the owner of Freshly Organized.	LLM_neutral_list	C4	Ich arbeite seit 2008 als zertifizierter professioneller Organisator und bin der Besitzer von Freshly Organized.	masculine	He trabajado como organizador profesional certificado desde 2008 y soy el propietario de Freshly Organized.	masculine	Ich arbeite seit 2008 als zertifizierte professionelle Organisatorin und bin die Besitzerin von Freshly Organized.	feminine	He trabajado como organizadora profesional certificada desde 2008 y soy la propietaria de Freshly Organized.	feminine
671	1621	developer	The developer has since decided to allow smaller lot sizes.	male_embedding_list	C4	Der Entwickler hat sich seitdem entschieden, kleinere Losgrößen zuzulassen.	masculine	El desarrollador ha decidido desde entonces permitir tamaños de lote más pequeños.	masculine	Die Entwicklerin hat sich seitdem entschieden, kleinere Losgrößen zuzulassen.	feminine	La desarrolladora ha decidido desde entonces permitir tamaños de lote más pequeños.	feminine
672	1440	roommate	My college roommate and I both had received commitments from our respective mothers to fly us out to the SB if we could secure game tickets.	LLM_neutral_list	C4	Meine College-Mitbewohnerin und ich hatten beide Verpflichtungen von unseren jeweiligen Müttern erhalten, uns zur SB zu fliegen, wenn wir Spielkarten sichern könnten.	feminine	Mi compañera de cuarto de la universidad y yo habíamos recibido compromisos de nuestras respectivas madres para llevarnos a la SB si podíamos asegurar entradas de juego.	feminine	Mein College-Mitbewohner und ich hatten beide Verpflichtungen von unseren jeweiligen Müttern erhalten, uns zur SB zu fliegen, wenn wir Spielkarten sichern könnten.	masculine	Mi compañero de cuarto de la universidad y yo habíamos recibido compromisos de nuestras respectivas madres para llevarnos a la SB si podíamos asegurar entradas de juego.	masculine
673	3378	model	If people I don' t even know Iook at me and want to fuck me, it means I reaIly have a shot at being a model.	female_embedding_list	OpenSubtitles	Wenn Leute, die ich nicht einmal kenne, mich anstarren und mich ficken wollen, bedeutet das, dass ich eine Chance habe, Model zu sein.	neutral	Si la gente que ni siquiera conozco me mira y quiere follarme, significa que tengo la oportunidad de ser modelo.	neutral	Wenn Leute, die ich nicht einmal kenne, mich anstarren und mich ficken wollen, bedeutet das, dass ich eine Chance habe, Model zu sein.	neutral	Si la gente que ni siquiera conozco me mira y quiere follarme, significa que tengo la oportunidad de ser modelo.	neutral
674	1554	caregiver	A caregiver gets frustrated, loses control, and violently shakes a baby in an effort to stop the crying.	LLM_female_list	C4	Ein Pfleger wird frustriert, verliert die Kontrolle und schüttelt ein Baby heftig, um das Weinen zu stoppen.	masculine	Un cuidador se frustra, pierde el control y sacude violentamente a un bebé en un esfuerzo por detener el llanto.	masculine	Eine Pflegerin wird frustriert, verliert die Kontrolle und schüttelt ein Baby heftig, um das Weinen zu stoppen.	feminine	Una cuidadora se frustra, pierde el control y sacude violentamente a un bebé en un esfuerzo por detener el llanto.	feminine
675	2321	follower	Reader, if you are not a follower of my blog, I hope you will become one.	male_embedding_list	C4	Leser, wenn Sie nicht ein Anhänger meines Blogs sind, hoffe ich, dass Sie eins werden.	masculine	Reader, si no eres un seguidor de mi blog, espero que te conviertas en uno.	masculine	Leserin, wenn Sie nicht eine Anhängerin meines Blogs sind, hoffe ich, dass Sie eine werden.	feminine	Reader, si no eres una seguidora de mi blog, espero que te conviertas en una.	feminine
676	2568	employee	The railroad was probably indignant about the distraction of such a focused employee!	LLM_neutral_list	C4	Die Eisenbahn war wahrscheinlich empört über die Ablenkung eines so konzentrierten Mitarbeiters!	masculine	¡El ferrocarril probablemente estaba indignado por la distracción de un empleado tan concentrado!	masculine	Die Eisenbahn war wahrscheinlich empört über die Ablenkung einer so konzentrierten Mitarbeiterin!	feminine	¡El ferrocarril probablemente estaba indignado por la distracción de una empleada tan concentrada!	feminine
677	2866	detective	As a private detective, you’ll spend a lot of time on your PC, laptop or tablet, especially on the internet.	LLM_male_list	C4	Als Privatdetektiv verbringen Sie viel Zeit auf Ihrem PC, Laptop oder Tablet, vor allem im Internet.	masculine	Como detective privado, usted pasará mucho tiempo en su PC, portátil o tableta, especialmente en Internet.	masculine	Als Privatdetektivin verbringen Sie viel Zeit auf Ihrem PC, Laptop oder Tablet, vor allem im Internet.	feminine	Como detective privada, usted pasará mucho tiempo en su PC, portátil o tableta, especialmente en Internet.	feminine
678	3979	coach	I' m the coach, you' re the goat.	male_embedding_list	OpenSubtitles	Ich bin der Trainer, du bist die Ziege.	masculine	Yo soy el entrenador, tú eres la cabra.	masculine	Ich bin die Trainerin, du bist die Ziege.	feminine	Yo soy la entrenadora, tú eres la cabra.	feminine
679	1950	acquaintance	Combine all these qualities, and one would naturally regard the major as a most desirable acquaintance.	LLM_neutral_list	C4	Kombinieren Sie alle diese Eigenschaften, und man würde natürlich den Major als eine wünschenswerte Bekanntschaft betrachten.	masculine	Combine todas estas cualidades, y uno naturalmente consideraría al mayor como un conocido muy deseable.	masculine	Kombinieren Sie alle diese Eigenschaften, und man würde natürlich die Majorin als eine wünschenswerte Bekanntschaft betrachten.	feminine	Combine todas estas cualidades, y uno naturalmente consideraría a la mayor como una conocida muy deseable.	feminine
680	684	gymnast	The former gymnast who was born in England also has plenty of season remaining to possibly go higher.	LLM_female_list	C4	Der ehemalige Turner, der in England geboren wurde, hat auch noch viel Saison übrig, um möglicherweise höher zu gehen.	masculine	La ex gimnasta que nació en Inglaterra también tiene un montón de temporada restante para posiblemente ir más alto.	feminine	Die ehemalige Turnerin, die in England geboren wurde, hat auch noch viel Saison übrig, um möglicherweise höher zu gehen.	feminine	El ex gimnasta que nació en Inglaterra también tiene un montón de temporada restante para posiblemente ir más alto.	masculine
681	1612	developer	I worked closely with a project manager, lead developer, and sales representative, but there was a total of 10–12 people on the team total.	male_embedding_list	C4	Ich arbeitete eng mit einem Projektmanager, leitenden Entwickler und Vertriebsmitarbeiter zusammen, aber es gab insgesamt 10–12 Personen auf dem Team insgesamt.	masculine	Trabajé estrechamente con un director de proyecto, desarrollador principal y representante de ventas, pero había un total de 10-12 personas en el equipo en total.	masculine	Ich arbeitete eng mit einem Projektmanager, leitender Entwicklerin und Vertriebsmitarbeiter zusammen, aber es gab insgesamt 10–12 Personen auf dem Team insgesamt.	feminine	Trabajé estrechamente con un director de proyecto, desarrolladora principal y representante de ventas, pero había un total de 10-12 personas en el equipo en total.	feminine
682	3807	expert	Well, I' m the expert here, but this is no time to stand on pride.	LLM_neutral_list	OpenSubtitles	Nun, ich bin der Experte hier, aber jetzt ist keine Zeit, auf Stolz zu stehen.	masculine	Bueno, yo soy el experto aquí, pero no es momento de estar orgulloso.	masculine	Nun, ich bin die Expertin hier, aber jetzt ist keine Zeit, auf Stolz zu stehen.	feminine	Bueno, yo soy la experta aquí, pero no es momento de estar orgullosa.	feminine
683	1294	member	If you are a member, perhaps you should think about it, carefully.	LLM_neutral_list	C4	Wenn Sie Mitglied sind, sollten Sie vielleicht sorgfältig darüber nachdenken.	neutral	Si usted es un miembro, tal vez usted debe pensar en ello, con cuidado.	masculine	Wenn Sie Mitglied sind, sollten Sie vielleicht sorgfältig darüber nachdenken.	neutral	Si usted es una miembro, tal vez usted debe pensar en ello, con cuidado.	feminine
684	4708	enemy	The person who really understands me is my most feared enemy	male_embedding_list	OpenSubtitles	Die Person, die mich wirklich versteht, ist mein am meisten gefürchteter Feind	masculine	La persona que realmente me entiende es mi enemigo más temido.	masculine	Die Person, die mich wirklich versteht, ist meine am meisten gefürchtete Feindin	feminine	La persona que realmente me entiende es mi enemiga más temida.	feminine
685	4732	captain	I asked a few questions of the captain and almost was arrested.	male_embedding_list	OpenSubtitles	Ich stellte ein paar Fragen des Kapitäns und wurde fast verhaftet.	masculine	Le hice unas preguntas al capitán y casi me arrestan.	masculine	Ich stellte ein paar Fragen der Kapitänin und wurde fast verhaftet.	feminine	Le hice unas preguntas a la capitana y casi me arrestan.	feminine
686	631	adult	Even if I'm here, like I said, I'm an adult.	LLM_neutral_list	C4	Selbst wenn ich hier bin, wie gesagt, ich bin erwachsen.	neutral	Incluso si estoy aquí, como dije, soy un adulto.	masculine	Selbst wenn ich hier bin, wie gesagt, ich bin erwachsen.	neutral	Incluso si estoy aquí, como dije, soy una adulta.	feminine
687	1199	virgin	Stay tuned to find out if the relationship virgin manages to catch the secret couple.	female_embedding_list	C4	Bleiben Sie dran, um herauszufinden, ob die Beziehung Jungfrau schafft es, das geheime Paar zu fangen.	neutral	Manténgase en sintonía para averiguar si la relación virgen se las arregla para atrapar a la pareja secreta.	neutral	Bleiben Sie dran, um herauszufinden, ob die Beziehung Jungfrau schafft es, das geheime Paar zu fangen.	neutral	Manténgase en sintonía para averiguar si la relación virgen se las arregla para atrapar a la pareja secreta.	neutral
688	3853	clerk	Now that she' s got a PhD, she' s some hot- shit academic star... and I' m nothing but a file clerk.	female_embedding_list	OpenSubtitles	Jetzt, wo sie promoviert hat, ist sie ein heißer Akademikerstar und ich bin nur ein Aktenbearbeiter.	masculine	Ahora que tiene un doctorado, es una estrella académica de mierda... y yo no soy más que una secretaria de archivos.	feminine	Jetzt, wo sie promoviert hat, ist sie ein heißer Akademikerstar und ich bin nur eine Aktenbearbeiterin.	feminine	Ahora que tiene un doctorado, es una estrella académica de mierda... y yo no soy más que un secretario de archivos.	masculine
689	589	physician	Also inform your physician if you have liver disease or abnormal liver function results as these conditions may require special alterations to your regimen.	male_embedding_list	C4	Informieren Sie auch Ihren Arzt, wenn Sie an einer Lebererkrankung oder anomalen Leberfunktionsresultate leiden, da diese Bedingungen besondere Veränderungen Ihres Regimes erfordern können.	masculine	También informe a su médico si tiene enfermedad hepática o resultados anormales de la función hepática, ya que estas condiciones pueden requerir alteraciones especiales de su régimen.	masculine	Informieren Sie auch Ihre Ärztin, wenn Sie an einer Lebererkrankung oder anomalen Leberfunktionsresultate leiden, da diese Bedingungen besondere Veränderungen Ihres Regimes erfordern können.	feminine	También informe a su médica si tiene enfermedad hepática o resultados anormales de la función hepática, ya que estas condiciones pueden requerir alteraciones especiales de su régimen.	feminine
690	2765	gamer	Strangely enough, for a novelist, I'm a peculiar sort of gamer.	LLM_neutral_list	C4	Seltsamerweise bin ich für einen Romanautor eine seltsame Art von Gamer.	masculine	Extrañamente, para un novelista, soy una especie de jugador peculiar.	masculine	Seltsamerweise bin ich für einen Romanautor eine seltsame Art von Gamerin.	feminine	Extrañamente, para una novelista, soy una especie de jugadora peculiar.	feminine
691	2159	therapist	Start with your ped, occupational therapist, child psychologist, your childs schools special ed department ( they should pay for the evaluations to be done).	female_embedding_list	C4	Beginnen Sie mit Ihrem Ped, Ergotherapeut, Kinderpsychologe, Ihre Kinderschulen Spezialabteilung (sie sollten für die Auswertungen zu bezahlen).	masculine	Comience con su pediatría, terapeuta ocupacional, psicólogo infantil, su departamento de educación especial de escuelas infantiles (deben pagar las evaluaciones que se han de hacer).	neutral	Beginnen Sie mit Ihrem Ped, Ergotherapeutin, Kinderpsychologe, Ihre Kinderschulen Spezialabteilung (sie sollten für die Auswertungen zu bezahlen).	feminine	Comience con su pediatría, terapeuta ocupacional, psicólogo infantil, su departamento de educación especial de escuelas infantiles (deben pagar las evaluaciones que se han de hacer).	neutral
692	1970	economist	Being I’m not an economist nor associated with any financial or investment institutions nor do I have anything for you (dear reader) to buy or sell, I have total freedom to say what I please and freedom to share what I see.	LLM_male_list	C4	Da ich weder ein Ökonom noch mit irgendwelchen Finanz- oder Investmentinstitutionen verbunden bin, noch habe ich etwas für Sie (verliebte Leser) zu kaufen oder zu verkaufen, habe ich völlige Freiheit zu sagen, was mir gefällt und Freiheit zu teilen, was ich sehe.	masculine	Siendo que no soy economista ni estoy asociado con ninguna institución financiera o de inversión ni tengo nada para que usted (querido lector) compre o venda, tengo total libertad para decir lo que me plazca y libertad para compartir lo que veo.	masculine	Da ich weder eine Ökonomin noch mit irgendwelchen Finanz- oder Investmentinstitutionen verbunden bin, noch habe ich etwas für Sie (verliebte Leser) zu kaufen oder zu verkaufen, habe ich völlige Freiheit zu sagen, was mir gefällt und Freiheit zu teilen, was ich sehe.	feminine	Siendo que no soy economista ni estoy asociada con ninguna institución financiera o de inversión ni tengo nada para que usted (querido lector) compre o venda, tengo total libertad para decir lo que me plazca y libertad para compartir lo que veo.	feminine
693	4385	florist	I' m gonna teach this florist some justice, Focker- style.	LLM_female_list	OpenSubtitles	Ich werde diesem Floristen Gerechtigkeit beibringen, Focker-Stil.	masculine	Voy a enseñarle a este florista algo de justicia, estilo Focker.	masculine	Ich werde dieser Floristin Gerechtigkeit beibringen, Focker-Stil.	feminine	Voy a enseñarle a esta florista algo de justicia, estilo Focker.	feminine
694	4022	skipper	You and I know the skipper of that destroyer is a green kid.	male_embedding_list	OpenSubtitles	Du und ich wissen, dass der Kapitän des Zerstörers ein grünes Kind ist.	masculine	Tú y yo sabemos que el capitán de ese destructor es un chico verde.	masculine	Du und ich wissen, dass die Kapitänin des Zerstörers ein grünes Kind ist.	feminine	Tú y yo sabemos que la capitana de ese destructor es una chica verde.	feminine
695	2877	decorator	If you have the eye of a home stager or decorator, the answer might be yes.	LLM_female_list	C4	Wenn Sie das Auge eines Heimstaplers oder Dekorateurs haben, könnte die Antwort ja sein.	masculine	Si usted tiene el ojo de un decorador o decorador de casa, la respuesta podría ser sí.	masculine	Wenn Sie das Auge eines Heimstaplers oder Dekorateurin haben, könnte die Antwort ja sein.	feminine	Si usted tiene el ojo de un decorador o decoradora de casa, la respuesta podría ser sí.	feminine
696	3127	friend	It' s my best friend, we' ve known each other since elementary school	LLM_neutral_list	OpenSubtitles	Es ist mein bester Freund, wir kennen uns seit der Grundschule.	masculine	Es mi mejor amigo, nos conocemos desde la primaria.	masculine	Es ist meine beste Freundin, wir kennen uns seit der Grundschule.	feminine	Es mi mejor amiga, nos conocemos desde la primaria.	feminine
697	3721	journalist	But don' t tell anyone you' re a journalist.	LLM_male_list	OpenSubtitles	Aber sag niemandem, dass du Journalist bist.	masculine	Pero no le digas a nadie que eres periodista.	neutral	Aber sag niemandem, dass du Journalistin bist.	feminine	Pero no le digas a nadie que eres periodista.	neutral
698	235	player	If you’re a returning player or just curious about the particular improvements of The Nonary Games, they’re pretty simple.	male_embedding_list	C4	Wenn Sie ein zurückkehrender Spieler oder nur neugierig auf die besonderen Verbesserungen der Nonary Games sind, sind sie ziemlich einfach.	masculine	Si usted es un jugador que regresa o simplemente tiene curiosidad sobre las mejoras particulares de los Juegos Nonary, son bastante simples.	masculine	Wenn Sie eine zurückkehrende Spielerin oder nur neugierig auf die besonderen Verbesserungen der Nonary Games sind, sind sie ziemlich einfach.	feminine	Si usted es una jugadora que regresa o simplemente tiene curiosidad sobre las mejoras particulares de los Juegos Nonary, son bastante simples.	feminine
699	729	fighter	You are a fighter and we're all here for you.	male_embedding_list	C4	Du bist ein Kämpfer und wir sind alle für dich da.	masculine	Eres un luchador y todos estamos aquí para ti.	masculine	Du bist eine Kämpferin und wir sind alle für dich da.	feminine	Eres una luchadora y todos estamos aquí para ti.	feminine
700	4005	companion	I haven' t spoken it in a while, but I would relish the opportunity to converse with such a pretty companion as yourself.	LLM_neutral_list	OpenSubtitles	Ich habe es schon lange nicht mehr gesprochen, aber ich würde gerne mit einem so hübschen Begleiter wie Ihnen sprechen.	masculine	No lo he dicho en un tiempo, pero me gustaría tener la oportunidad de conversar con un compañero tan bonito como tú.	masculine	Ich habe es schon lange nicht mehr gesprochen, aber ich würde gerne mit einer so hübschen Begleiterin wie Ihnen sprechen.	feminine	No lo he dicho en un tiempo, pero me gustaría tener la oportunidad de conversar con una compañera tan bonita como tú.	feminine
701	4808	janitor	Aw, just 'cause I' m dressed like a janitor, don' t mean you gotta do me dirty,	male_embedding_list	OpenSubtitles	Nur weil ich wie ein Hausmeister angezogen bin, heißt das nicht, dass du mich schmutzig machen musst.	masculine	Solo porque estoy vestido como un conserje, no significa que tengas que ensuciarme,	masculine	Nur weil ich wie eine Hausmeisterin angezogen bin, heißt das nicht, dass du mich schmutzig machen musst.	feminine	Solo porque estoy vestida como una conserje, no significa que tengas que ensuciarme,	feminine
702	4409	hero	I know you miss being a hero and your job is frustrating.	male_embedding_list	OpenSubtitles	Ich weiß, du vermisst es, ein Held zu sein und dein Job ist frustrierend.	masculine	Sé que echas de menos ser un héroe y tu trabajo es frustrante.	masculine	Ich weiß, du vermisst es, eine Heldin zu sein und dein Job ist frustrierend.	feminine	Sé que echas de menos ser una heroína y tu trabajo es frustrante.	feminine
703	1471	stylist	It’s advice from a professional and qualified stylist who will give you advice with no obligation to buy.	female_embedding_list	C4	Es ist Beratung von einem professionellen und qualifizierten Stylist, der Ihnen Beratung ohne Verpflichtung zu kaufen.	masculine	Es el consejo de un estilista profesional y cualificado que le dará consejos sin obligación de comprar.	masculine	Es ist Beratung von einer professionellen und qualifizierten Stylistin, die Ihnen Beratung ohne Verpflichtung zu kaufen.	feminine	Es el consejo de una estilista profesional y cualificada que le dará consejos sin obligación de comprar.	feminine
704	1265	supervisor	I create state themed puzzles at the pleasure of my supervisor.	male_embedding_list	C4	Ich erstelle Zustand Themen Rätsel nach dem Vergnügen meines Vorgesetzten.	masculine	Yo creo rompecabezas temáticos de estado a placer de mi supervisor.	masculine	Ich erstelle Zustand Themen Rätsel nach dem Vergnügen meiner Vorgesetzten.	feminine	Yo creo rompecabezas temáticos de estado a placer de mi supervisora.	feminine
705	226	manager	Another key point to consider is communicating any issues, changes in plans, and successes with your relationship manager so that they can better help you steer your company’s money and future investments.	male_embedding_list	C4	Ein weiterer wichtiger Punkt zu berücksichtigen ist die Kommunikation von Fragen, Änderungen in Plänen und Erfolge mit Ihrem Beziehungsmanager, so dass sie besser helfen können, Ihr Unternehmen zu steuern Geld und zukünftige Investitionen.	masculine	Otro punto clave a considerar es comunicar cualquier problema, cambios en los planes y éxitos con su gerente de relaciones para que puedan ayudarle mejor a dirigir el dinero de su empresa y las inversiones futuras.	neutral	Ein weiterer wichtiger Punkt zu berücksichtigen ist die Kommunikation von Fragen, Änderungen in Plänen und Erfolge mit Ihrer Beziehungsmanagerin, so dass sie besser helfen kann, Ihr Unternehmen zu steuern Geld und zukünftige Investitionen.	feminine	Otro punto clave a considerar es comunicar cualquier problema, cambios en los planes y éxitos con su gerente de relaciones para que puedan ayudarle mejor a dirigir el dinero de su empresa y las inversiones futuras.	neutral
706	2865	detective	The statue stands on a pentagram base with demon hands reaching up to grab the occult detective.	LLM_male_list	C4	Die Statue steht auf einer Pentagrammbasis mit Dämonenhänden, die den okkulten Detektiv greifen.	masculine	La estatua se encuentra en una base de pentagrama con manos de demonio que se acercan para agarrar al detective oculto.	masculine	Die Statue steht auf einer Pentagrammbasis mit Dämonenhänden, die die okkulte Detektivin greifen.	feminine	La estatua se encuentra en una base de pentagrama con manos de demonio que se acercan para agarrar a la detective oculta.	feminine
707	3828	expert	You' il be working with our art expert.	LLM_neutral_list	OpenSubtitles	Du arbeitest mit unserem Kunstexperten zusammen.	masculine	Trabajas con nuestro experto en arte.	masculine	Du arbeitest mit unserer Kunstexpertin zusammen.	feminine	Trabajas con nuestra experta en arte.	feminine
708	2381	idiot	And I managed to meet all these VPs and the CEO without babbling like a complete idiot this time (unlike my stupidity at the Christy Awards last year).	male_embedding_list	C4	Und ich habe es geschafft, all diese VPs und den CEO zu treffen, ohne dieses Mal wie ein kompletter Idiot zu plappern (im Gegensatz zu meiner Dummheit bei den Christy Awards letztes Jahr).	masculine	Y me las arreglé para conocer a todos estos vicepresidentes y al CEO sin balbucear como un completo idiota esta vez (a diferencia de mi estupidez en los Christy Awards del año pasado).	masculine	Und ich habe es geschafft, all diese VPs und den CEO zu treffen, ohne dieses Mal wie eine komplette Idiotin zu plappern (im Gegensatz zu meiner Dummheit bei den Christy Awards letztes Jahr).	feminine	Y me las arreglé para conocer a todos estos vicepresidentes y al CEO sin balbucear como una completa idiota esta vez (a diferencia de mi estupidez en los Christy Awards del año pasado).	feminine
709	1212	author	What to avoid and where pitfalls lie in wait, the author explained in detail.	female_embedding_list	C4	Was zu vermeiden und wo Fallstricke liegen in der Warte, erklärte der Autor im Detail.	masculine	Qué evitar y dónde están los escollos a la espera, explicó el autor en detalle.	masculine	Was zu vermeiden und wo Fallstricke liegen in der Warte, erklärte die Autorin im Detail.	feminine	Qué evitar y dónde están los escollos a la espera, explicó la autora en detalle.	feminine
710	1386	colleague	We are proud to honor you as an exemplary professional who exceed expectations and reflect the best of modern interior design and we are humbled to call you our colleague.	LLM_neutral_list	C4	Wir sind stolz, Sie als vorbildlichen Profi zu ehren, der die Erwartungen übertrifft und das Beste aus der modernen Innenarchitektur widerspiegelt und wir sind demütig, Sie unser Kollege zu nennen.	masculine	Estamos orgullosos de honrarle como un profesional ejemplar que supera las expectativas y refleja lo mejor del diseño de interiores moderno y nos sentimos humildes de llamarle nuestro colega.	masculine	Wir sind stolz, Sie als vorbildlichen Profi zu ehren, der die Erwartungen übertrifft und das Beste aus der modernen Innenarchitektur widerspiegelt und wir sind demütig, Sie unsere Kollegin zu nennen.	feminine	Estamos orgullosos de honrarle como una profesional ejemplar que supera las expectativas y refleja lo mejor del diseño de interiores moderno y nos sentimos humildes de llamarle nuestra colega.	feminine
711	4367	judge	I owe it to the general that I' m a judge now.	LLM_male_list	OpenSubtitles	Ich schulde es dem General, dass ich jetzt Richter bin.	masculine	Le debo al general que ahora soy juez.	masculine	Ich schulde es dem General, dass ich jetzt Richterin bin.	feminine	Le debo al general que ahora soy jueza.	feminine
712	1126	nomad	Cafe’s are okay to work from, but I think that working at a co-working space would be better suited to a digital nomad.	LLM_neutral_list	C4	Cafes sind okay, von zu arbeiten, aber ich denke, dass die Arbeit in einem Co-Working Space besser für einen digitalen Nomaden geeignet wäre.	masculine	Café’s están bien para trabajar, pero creo que trabajar en un espacio de co-trabajo sería más adecuado para un nómada digital.	masculine	Cafes sind okay, von zu arbeiten, aber ich denke, dass die Arbeit in einem Co-Working Space besser für eine digitale Nomadin geeignet wäre.	feminine	Café’s están bien para trabajar, pero creo que trabajar en un espacio de co-trabajo sería más adecuado para una nómada digital.	feminine
713	1780	captain	To check in for your region’s tournament, your team captain must check the PGS Discord for check-in announcements at the times listed above.	male_embedding_list	C4	Um sich für Ihr Turnier in der Region einzuchecken, muss Ihr Teamkapitän die PGS Discord für Check-in-Ansagen zu den oben aufgeführten Zeiten überprüfen.	masculine	Para registrarse para el torneo de su región, su capitán de equipo debe comprobar el disco PGS para los anuncios de check-in en los momentos mencionados anteriormente.	masculine	Um sich für Ihr Turnier in der Region einzuchecken, muss Ihre Teamkapitänin die PGS Discord für Check-in-Ansagen zu den oben aufgeführten Zeiten überprüfen.	feminine	Para registrarse para el torneo de su región, su capitana de equipo debe comprobar el disco PGS para los anuncios de check-in en los momentos mencionados anteriormente.	feminine
714	2098	cheerleader	I forget to be my own biggest cheerleader and work toward overcoming obstacles instead of calling myself names when I make mistakes.	LLM_female_list	C4	Ich vergesse, mein eigener größter Cheerleader zu sein und arbeite daran, Hindernisse zu überwinden, anstatt mich selbst Namen zu nennen, wenn ich Fehler mache.	masculine	Me olvido de ser mi mayor animadora y trabajo para superar obstáculos en lugar de llamarme a mí mismo cuando cometo errores.	feminine	Ich vergesse, meine eigene größte Cheerleaderin zu sein und arbeite daran, Hindernisse zu überwinden, anstatt mich selbst Namen zu nennen, wenn ich Fehler mache.	feminine	Me olvido de ser mi mayor animador y trabajo para superar obstáculos en lugar de llamarme a mí mismo cuando cometo errores.	masculine
715	888	carpenter	The carpenter from our district facilities office is always willing to go the extra mile for kids.	male_embedding_list	C4	Der Zimmermann aus unserem Büro ist immer bereit, die extra Meile für Kinder zu gehen.	masculine	El carpintero de nuestra oficina de instalaciones del distrito siempre está dispuesto a ir la milla extra para los niños.	masculine	Die Zimmerin aus unserem Büro ist immer bereit, die extra Meile für Kinder zu gehen.	feminine	La carpintera de nuestra oficina de instalaciones del distrito siempre está dispuesta a ir la milla extra para los niños.	feminine
716	1600	hairstylist	If you’re not good on refreshing your own weave, pay a visit to the salon every four weeks to get your hair fixed by your hairstylist.	LLM_female_list	C4	Wenn Sie nicht gut auf die Erfrischung Ihrer eigenen Weberei, einen Besuch im Salon alle vier Wochen, um Ihre Haare von Ihrem Friseur.	masculine	Si no eres bueno en refrescar tu propio tejido, haz una visita al salón cada cuatro semanas para que tu estilista te arregle el cabello.	neutral	Wenn Sie nicht gut auf die Erfrischung Ihrer eigenen Weberei, einen Besuch im Salon alle vier Wochen, um Ihre Haare von Ihrer Friseurin.	feminine	Si no eres bueno en refrescar tu propio tejido, haz una visita al salón cada cuatro semanas para que tu estilista te arregle el cabello.	neutral
717	3601	accountant	You' ve gone from a chartered accountant to Charlton Heston.	female_embedding_list	OpenSubtitles	Sie sind von einem gecharterten Buchhalter nach Charlton Heston gegangen.	masculine	Has pasado de un contable contratado a Charlton Heston.	masculine	Sie sind von einer gecharterten Buchhalterin nach Charlton Heston gegangen.	feminine	Has pasado de una contable contratada a Charlton Heston.	feminine
718	2430	minister	Govt in talks with protesters, minister tells NA.	male_embedding_list	C4	Govt in Gesprächen mit Demonstranten, sagt Minister NA.	masculine	El gobierno en conversaciones con los manifestantes, el ministro le dice a NA.	masculine	Govt in Gesprächen mit Demonstrantinnen, sagt Ministerin NA.	feminine	El gobierno en conversaciones con los manifestantes, la ministra le dice a NA.	feminine
719	4326	adult	I' m a little disappointed, but I' m an adult.	LLM_neutral_list	OpenSubtitles	Ich bin ein wenig enttäuscht, aber ich bin erwachsen.	neutral	Estoy un poco decepcionado, pero soy un adulto.	masculine	Ich bin ein wenig enttäuscht, aber ich bin erwachsen.	neutral	Estoy un poco decepcionada, pero soy una adulta.	feminine
720	4942	customer	You' re not a customer as far as I' m concerned.	LLM_neutral_list	OpenSubtitles	Du bist kein Kunde, was mich betrifft.	masculine	No eres un cliente en lo que a mí respecta.	masculine	Du bist keine Kundin, was mich betrifft.	feminine	No eres una clienta en lo que a mí respecta.	feminine
721	1949	engineer	My desire only intensified when I became an engineer and read the works that document the astounding feats performed by Diomedea exsulans.	male_embedding_list	C4	Mein Wunsch verstärkte sich erst, als ich Ingenieur wurde und die Werke las, die die erstaunlichen Leistungen von Diomedea exsulans dokumentieren.	masculine	Mi deseo sólo se intensificó cuando me convertí en ingeniero y leí las obras que documentan las asombrosas hazañas realizadas por Diomedea exsulans.	masculine	Mein Wunsch verstärkte sich erst, als ich Ingenieurin wurde und die Werke las, die die erstaunlichen Leistungen von Diomedea exsulans dokumentieren.	feminine	Mi deseo sólo se intensificó cuando me convertí en ingeniera y leí las obras que documentan las asombrosas hazañas realizadas por Diomedea exsulans.	feminine
722	4714	enemy	He crossed the wasteland...... shook his fist at the enemy...... and spit in the eye of General Bethlehem himself.	male_embedding_list	OpenSubtitles	Er überquerte das Ödland, schüttelte die Faust gegen den Feind und spuckte General Bethlehem selbst ins Auge.	masculine	Cruzó el desierto...... agitó su puño contra el enemigo...... y escupió en el ojo del mismo General Belén.	masculine	Er überquerte das Ödland, schüttelte die Faust gegen die Feindin und spuckte General Bethlehem selbst ins Auge.	feminine	Cruzó el desierto...... agitó su puño contra la enemiga...... y escupió en el ojo del mismo General Belén.	feminine
723	2028	housekeeper	Our housekeeper moves into the living room where Johnny Walker is napping.	female_embedding_list	C4	Unsere Haushälterin zieht in das Wohnzimmer, in dem Johnny Walker nackt.	feminine	Nuestra ama de llaves se muda a la sala de estar donde Johnny Walker está durmiendo la siesta.	feminine	Unser Haushälter zieht in das Wohnzimmer, in dem Johnny Walker nackt.	masculine	Nuestro amo de llaves se muda a la sala de estar donde Johnny Walker está durmiendo la siesta.	masculine
724	4153	officer	This officer is here to see that there is no cheating.	male_embedding_list	OpenSubtitles	Dieser Officer ist hier, um zu sehen, dass es keinen Betrug gibt.	masculine	Este oficial está aquí para ver que no hay trampa.	masculine	Diese Offizierin ist hier, um zu sehen, dass es keinen Betrug gibt.	feminine	Esta oficial está aquí para ver que no hay trampa.	feminine
725	1275	skipper	Remains to say, that the reason for the stranding would lay in poor passage planing, and the reason for this are some personal problems that would have preoccupied the mind of the Avanti skipper.	male_embedding_list	C4	Bleibt zu sagen, dass der Grund für die Strandung in schlechten Passage Planung liegen würde, und der Grund dafür sind einige persönliche Probleme, die den Geist des Avanti Skipper beschäftigt haben würde.	masculine	Queda por decir, que la razón del vaciado estaría en la mala planificación del pasaje, y la razón de esto son algunos problemas personales que habrían preocupado la mente del capitán Avanti.	masculine	Bleibt zu sagen, dass der Grund für die Strandung in schlechten Passage Planung liegen würde, und der Grund dafür sind einige persönliche Probleme, die den Geist der Avanti Skipperin beschäftigt haben würde.	feminine	Queda por decir, que la razón del vaciado estaría en la mala planificación del pasaje, y la razón de esto son algunos problemas personales que habrían preocupado la mente de la capitana Avanti.	feminine
726	4794	singer	Sorty to disappoint you, but I' m a songwriter, not a singer.	LLM_female_list	OpenSubtitles	Ich bin ein Songwriter, kein Sänger.	masculine	Es como decepcionarte, pero soy compositor, no cantante.	masculine	Ich bin eine Songwriterin, keine Sängerin.	feminine	Es como decepcionarte, pero soy compositora, no cantante.	feminine
727	774	editor	My editor was afraid some Christians would be offended, but I explained why I teach yoga and how it is both permissible and beneficial for me.	female_embedding_list	C4	Mein Redakteur fürchtete, einige Christen würden beleidigt werden, aber ich erklärte, warum ich Yoga unterrichte und wie es für mich sowohl zulässig als auch nützlich ist.	masculine	Mi editor temía que algunos cristianos se ofendieran, pero les expliqué por qué enseño yoga y cómo es permisible y beneficioso para mí.	masculine	Meine Redakteurin fürchtete, einige Christen würden beleidigt werden, aber ich erklärte, warum ich Yoga unterrichte und wie es für mich sowohl zulässig als auch nützlich ist.	feminine	Mi editora temía que algunos cristianos se ofendieran, pero les expliqué por qué enseño yoga y cómo es permisible y beneficioso para mí.	feminine
728	2335	bookkeeper	If these deposits are not made, the IRS will hold anyone who is listed as an officer liable, even if you are just a bookkeeper and do not have the authority to make deposits on behalf of the business without senior approval.	female_embedding_list	C4	Wenn diese Einlagen nicht gemacht werden, hält das IRS jeden, der als Offizier aufgeführt ist, haftbar, auch wenn Sie nur ein Buchhalter sind und nicht die Befugnis haben, Einlagen im Namen des Unternehmens ohne Senior-Zulassung zu tätigen.	masculine	Si estos depósitos no se hacen, el IRS hará responsable a cualquiera que esté en la lista como un oficial, incluso si usted es sólo un contable y no tiene la autoridad para hacer depósitos en nombre de la empresa sin la aprobación de los superiores.	masculine	Wenn diese Einlagen nicht gemacht werden, hält das IRS jeden, der als Offizier aufgeführt ist, haftbar, auch wenn Sie nur eine Buchhalterin sind und nicht die Befugnis haben, Einlagen im Namen des Unternehmens ohne Senior-Zulassung zu tätigen.	feminine	Si estos depósitos no se hacen, el IRS hará responsable a cualquiera que esté en la lista como un oficial, incluso si usted es sólo una contable y no tiene la autoridad para hacer depósitos en nombre de la empresa sin la aprobación de los superiores.	feminine
729	4093	director	I' m managing director and I don' t either.	LLM_male_list	OpenSubtitles	Ich bin Geschäftsführer und ich auch nicht.	masculine	Soy director gerente y yo tampoco.	masculine	Ich bin Geschäftsführerin und ich auch nicht.	feminine	Soy directora gerente y yo tampoco.	feminine
730	4841	counselor	Our high school guidance counselor... used to ask us what you would do if you had a million dollars... didn' t have to work... and whatever you' d say was supposed to be your career.	female_embedding_list	OpenSubtitles	Unser Schulberater hat uns immer gefragt, was du tun würdest, wenn du eine Million Dollar hättest, nicht arbeiten müsstest und was immer du sagen würdest, deine Karriere sein sollte.	masculine	Nuestra consejera del instituto... solía preguntarnos qué harías si tuvieras un millón de dólares... no tuvieras que trabajar... y lo que fuera que dijeras se suponía que fuera tu carrera.	feminine	Unsere Schulberaterin hat uns immer gefragt, was du tun würdest, wenn du eine Million Dollar hättest, nicht arbeiten müsstest und was immer du sagen würdest, deine Karriere sein sollte.	feminine	Nuestra consejero del instituto... solía preguntarnos qué harías si tuvieras un millón de dólares... no tuvieras que trabajar... y lo que fuera que dijeras se suponía que fuera tu carrera.	masculine
731	4416	writer	I' m a reader, not a writer.	female_embedding_list	OpenSubtitles	Ich bin Leser, kein Schriftsteller.	masculine	Soy lectora, no escritora.	feminine	Ich bin Leserin, keine Schriftstellerin.	feminine	Soy lector, no escritor.	masculine
732	2709	receptionist	Born in 1989, the result of an affair between a Jamaican cab driver and a Jamaican-Indian dyslexic receptionist, Candice worked in the media before moving into publishing aged 23.	female_embedding_list	C4	Candice wurde 1989 geboren und war das Ergebnis einer Affäre zwischen einem jamaikanischen Taxifahrer und einem jamaikanischen Dyslexiker.	masculine	Nacida en 1989, como resultado de un romance entre un taxista jamaiquino y una recepcionista disléxica jamaiquina-india, Candice trabajó en los medios de comunicación antes de pasar a publicar a los 23 años.	feminine	Candice wurde 1989 geboren und war das Ergebnis einer Affäre zwischen einem jamaikanischen Taxifahrer und einer jamaikanischen Dyslexikerin.	feminine	Nacida en 1989, como resultado de un romance entre un taxista jamaiquino y un recepcionista disléxico jamaiquino-indio, Candice trabajó en los medios de comunicación antes de pasar a publicar a los 23 años.	masculine
733	4142	officer	How does a good- looking police officer like you... give a shit about a dirty bank robber like Jack Tuliver?	male_embedding_list	OpenSubtitles	Wie kommt es, dass ein gut aussehender Polizist wie du... sich um einen dreckigen Bankräuber wie Jack Tuliver kümmert?	masculine	¿Cómo es que a un policía guapo como tú... le importa una mierda un sucio ladrón de bancos como Jack Tuliver?	masculine	Wie kommt es, dass eine gut aussehende Polizistin wie du... sich um einen dreckigen Bankräuber wie Jack Tuliver kümmert?	feminine	¿Cómo es que a una policía guapa como tú... le importa una mierda un sucio ladrón de bancos como Jack Tuliver?	feminine
734	496	lover	If you’re bit of a denim lover but are getting a tad tired of your skinnies, you’re in luck.	female_embedding_list	C4	Wenn du etwas von einem Denim-Liebhaber bist, aber ein wenig müde von deinen Skinnies wirst, bist du im Glück.	masculine	Si eres un poco amante de los vaqueros pero te estás cansando un poco de tus skinnies, estás de suerte.	neutral	Wenn du etwas von einer Denim-Liebhaberin bist, aber ein wenig müde von deinen Skinnies wirst, bist du im Glück.	feminine	Si eres un poco amante de los vaqueros pero te estás cansando un poco de tus skinnies, estás de suerte.	neutral
735	50	traveler	From magnificent mountain ranges to lovely coastlines and sprawling forests as well as beautiful castles, forts and temples and other monuments, India has everything that you as a traveler can wish for.	LLM_neutral_list	C4	Von herrlichen Bergketten bis hin zu schönen Küsten und weitläufigen Wäldern sowie schönen Burgen, Festungen und Tempeln und anderen Denkmälern hat Indien alles, was man sich als Reisender wünschen kann.	masculine	Desde magníficas cordilleras hasta hermosas costas y extensos bosques, así como hermosos castillos, fuertes y templos y otros monumentos, India tiene todo lo que usted como viajero puede desear.	masculine	Von herrlichen Bergketten bis hin zu schönen Küsten und weitläufigen Wäldern sowie schönen Burgen, Festungen und Tempeln und anderen Denkmälern hat Indien alles, was man sich als Reisende wünschen kann.	feminine	Desde magníficas cordilleras hasta hermosas costas y extensos bosques, así como hermosos castillos, fuertes y templos y otros monumentos, India tiene todo lo que usted como viajera puede desear.	feminine
736	790	secretary	I founded the Corby Go Club, moved to Manchester, where I became the secretary and reached a weak 1-kyu grade.	female_embedding_list	C4	Ich gründete den Corby Go Club, zog nach Manchester, wo ich Sekretärin wurde und eine schwache 1-Kyu-Klasse erreichte.	feminine	Fundé el Corby Go Club, me mudé a Manchester, donde me convertí en secretario y llegué a un grado débil de 1-Kyu.	masculine	Ich gründete den Corby Go Club, zog nach Manchester, wo ich Sekretär wurde und eine schwache 1-Kyu-Klasse erreichte.	masculine	Fundé el Corby Go Club, me mudé a Manchester, donde me convertí en secretaria y llegué a un grado débil de 1-Kyu.	feminine
737	3778	boss	You don' t like it, take it up with your boss.	male_embedding_list	OpenSubtitles	Du magst es nicht, nimm es mit deinem Boss auf.	masculine	Si no te gusta, tómalo con tu jefe.	neutral	Du magst es nicht, nimm es mit deiner Chefin auf.	feminine	Si no te gusta, tómalo con tu jefe.	neutral
738	2760	novelist	In addition to being an acclaimed novelist and theorist, you are also a successful playwright.	LLM_female_list	C4	Neben einem angesehenen Schriftsteller und Theoretiker, sind Sie auch ein erfolgreicher Dramatiker.	masculine	Además de ser un aclamado novelista y teórico, también eres un exitoso dramaturgo.	masculine	Neben einer angesehenen Schriftstellerin und Theoretikerin, sind Sie auch eine erfolgreiche Dramatikerin.	feminine	Además de ser una aclamada novelista y teórica, también eres una exitosa dramaturga.	feminine
739	269	collaborator	As an enthusiastic self-starter you will be assertive and a natural collaborator with experience in developing mutually beneficial partnerships.	LLM_neutral_list	C4	Als enthusiastischer Selbsteinsteiger werden Sie selbstbewusst und ein natürlicher Mitarbeiter mit Erfahrung in der Entwicklung von gegenseitig vorteilhaften Partnerschaften sein.	masculine	Como un entusiasta auto-inicio será asertivo y un colaborador natural con experiencia en el desarrollo de asociaciones mutuamente beneficiosas.	masculine	Als enthusiastische Selbsteinsteigerin werden Sie selbstbewusst und eine natürliche Mitarbeiterin mit Erfahrung in der Entwicklung von gegenseitig vorteilhaften Partnerschaften sein.	feminine	Como un entusiasta auto-inicio será asertiva y una colaboradora natural con experiencia en el desarrollo de asociaciones mutuamente beneficiosas.	feminine
740	3684	lawyer	My lawyer couldn' t get the house back.	male_embedding_list	OpenSubtitles	Mein Anwalt konnte das Haus nicht zurückbekommen.	masculine	Mi abogado no pudo recuperar la casa.	masculine	Meine Anwältin konnte das Haus nicht zurückbekommen.	feminine	Mi abogada no pudo recuperar la casa.	feminine
741	2848	dietitian	If you are uncertain that the baked foods are tolerated, discuss this issue with your doctor or dietitian before introducing these foods at home.	LLM_female_list	C4	Wenn Sie unsicher sind, dass die gebackenen Lebensmittel toleriert werden, besprechen Sie dieses Problem mit Ihrem Arzt oder Ernährungsberater, bevor Sie diese Lebensmittel zu Hause einführen.	masculine	Si no está seguro de que los alimentos horneados sean tolerados, hable de este asunto con su médico o dietista antes de introducir estos alimentos en casa.	neutral	Wenn Sie unsicher sind, dass die gebackenen Lebensmittel toleriert werden, besprechen Sie dieses Problem mit Ihrem Arzt oder Ihrer Ernährungsberaterin, bevor Sie diese Lebensmittel zu Hause einführen.	feminine	Si no está seguro de que los alimentos horneados sean tolerados, hable de este asunto con su médico o dietista antes de introducir estos alimentos en casa.	neutral
742	4779	farmer	Everyone knows I' m a friend of the farmer.	male_embedding_list	OpenSubtitles	Jeder weiß, dass ich ein Freund des Bauern bin.	masculine	Todo el mundo sabe que soy amigo del granjero.	masculine	Jeder weiß, dass ich ein Freund der Bäuerin bin.	feminine	Todo el mundo sabe que soy amigo de la granjera.	feminine
743	1837	attendant	My mom or dad would get home from work, or my personal care attendant would need to help me with homework that was not accessible.	female_embedding_list	C4	Meine Mutter oder mein Vater kam von der Arbeit nach Hause, oder mein persönlicher Pfleger musste mir bei Hausaufgaben helfen, die nicht zugänglich waren.	masculine	Mi mamá o mi papá llegaban a casa del trabajo, o mi asistente personal necesitaba ayudarme con tareas que no eran accesibles.	neutral	Meine Mutter oder mein Vater kam von der Arbeit nach Hause, oder meine persönliche Pflegerin musste mir bei Hausaufgaben helfen, die nicht zugänglich waren.	feminine	Mi mamá o mi papá llegaban a casa del trabajo, o mi asistente personal necesitaba ayudarme con tareas que no eran accesibles.	neutral
744	3544	worker	Ok, you know how on star trek when captain kirk asks mccoy to do something totally impossible, and mccoy says, "damn it, jim, I' m a doctor, not a miracle worker?"	LLM_neutral_list	OpenSubtitles	Ok, weißt du, wie auf Star Trek, wenn Captain Kirk Mccoy bittet, etwas völlig Unmögliches zu tun, und Mccoy sagt: "Verdammt, Jim, ich bin Arzt, kein Wundertäter?"	masculine	Ok, ya sabes cómo en la caminata estelar cuando el capitán Kirk le pide a McCoy que haga algo totalmente imposible, y McCoy dice, "maldición, Jim, soy médico, no un trabajador milagroso?"	masculine	Ok, weißt du, wie auf Star Trek, wenn Captain Kirk Mccoy bittet, etwas völlig Unmögliches zu tun, und Mccoy sagt: "Verdammt, Jim, ich bin Ärztin, keine Wundertäterin?"	feminine	Ok, ya sabes cómo en la caminata estelar cuando el capitán Kirk le pide a McCoy que haga algo totalmente imposible, y McCoy dice, "maldición, Jim, soy médico, no una trabajadora milagrosa?"	feminine
745	5011	lover	Be careful, this is my lover, don' t mess it.	female_embedding_list	OpenSubtitles	Sei vorsichtig, das ist mein Geliebter, mach es nicht kaputt.	masculine	Ten cuidado, este es mi amante, no lo estropees.	masculine	Sei vorsichtig, das ist meine Geliebte, mach es nicht kaputt.	feminine	Ten cuidado, esta es mi amante, no la estropees.	feminine
746	1233	participant	Because if you have one of those coins, that means you’ve been a participant in that system.	LLM_neutral_list	C4	Denn wenn Sie eine dieser Münzen haben, bedeutet das, dass Sie an diesem System teilgenommen haben.	neutral	Porque si tienes una de esas monedas, eso significa que has sido un participante en ese sistema.	masculine	Denn wenn Sie eine dieser Münzen haben, bedeutet das, dass Sie an diesem System teilgenommen haben.	neutral	Porque si tienes una de esas monedas, eso significa que has sido una participante en ese sistema.	feminine
747	1104	hairdresser	He will confirm it by the touch of a button and the hairdresser will be notified.	female_embedding_list	C4	Er wird es mit einem Knopfdruck bestätigen und der Friseur wird benachrichtigt.	masculine	Lo confirmará pulsando un botón y la peluquera será notificada.	feminine	Er wird es mit einem Knopfdruck bestätigen und die Friseurin wird benachrichtigt.	feminine	Lo confirmará pulsando un botón y el peluquero será notificado.	masculine
748	256	bystander	He asked the bystander to fetch a blanket from a hotel across the street, But the request was turned down.	LLM_neutral_list	C4	Er bat den Zuschauer, eine Decke aus einem Hotel auf der anderen Straßenseite zu holen, aber die Bitte wurde abgelehnt.	masculine	Le pidió al transeúnte que trajera una manta de un hotel al otro lado de la calle, pero la petición fue rechazada.	masculine	Er bat die Zuschauerin, eine Decke aus einem Hotel auf der anderen Straßenseite zu holen, aber die Bitte wurde abgelehnt.	feminine	Le pidió a la transeúnte que trajera una manta de un hotel al otro lado de la calle, pero la petición fue rechazada.	feminine
749	666	tourist	I’m back to actively loving where I live with the fresh eyes of a tourist.	LLM_neutral_list	C4	Ich bin wieder aktiv zu lieben, wo ich lebe mit den frischen Augen eines Touristen.	masculine	Estoy de vuelta a amar activamente donde vivo con los ojos frescos de un turista.	masculine	Ich bin wieder aktiv zu lieben, wo ich lebe mit den frischen Augen einer Touristin.	feminine	Estoy de vuelta a amar activamente donde vivo con los ojos frescos de una turista.	feminine
750	2001	counselor	I later thought this out with my counselor’s help and the fact that in my waking breath I breath in God’s Holy Spirit and am aware or the Spirit of God opening my day to me is a divine gift.	female_embedding_list	C4	Später dachte ich das mit Hilfe meines Ratgebers heraus und die Tatsache, dass ich in meinem wachen Atem in Gottes Heiligen Geist atme und bewusst bin oder der Geist Gottes meinen Tag für mich öffnet, ist ein göttliches Geschenk.	masculine	Más tarde pensé esto con la ayuda de mi consejero y el hecho de que en mi aliento despierto soplo en el Espíritu Santo de Dios y estoy consciente o el Espíritu de Dios abriendo mi día a mí es un don divino.	masculine	Später dachte ich das mit Hilfe meiner Ratgeberin heraus und die Tatsache, dass ich in meinem wachen Atem in Gottes Heiligen Geist atme und bewusst bin oder der Geist Gottes meinen Tag für mich öffnet, ist ein göttliches Geschenk.	feminine	Más tarde pensé esto con la ayuda de mi consejera y el hecho de que en mi aliento despierto soplo en el Espíritu Santo de Dios y estoy consciente o el Espíritu de Dios abriendo mi día a mí es un don divino.	feminine
751	2499	veteran	If you’re a veteran at conferences, what other tips would you share?	male_embedding_list	C4	Wenn Sie ein Veteran auf Konferenzen sind, welche anderen Tipps würden Sie teilen?	masculine	Si eres un veterano en conferencias, ¿qué otros consejos compartirías?	masculine	Wenn Sie eine Veteranin auf Konferenzen sind, welche anderen Tipps würden Sie teilen?	feminine	Si eres una veterana en conferencias, ¿qué otros consejos compartirías?	feminine
752	2538	driver	It is not clear who the driver was, but they were the only one in the car wearing a seat belt.	male_embedding_list	C4	Es ist nicht klar, wer der Fahrer war, aber sie waren die einzigen im Auto, die einen Sicherheitsgurt trugen.	masculine	No está claro quién era el conductor, pero eran los únicos en el coche que llevaban un cinturón de seguridad.	masculine	Es ist nicht klar, wer die Fahrerin war, aber sie waren die einzigen im Auto, die einen Sicherheitsgurt trugen.	feminine	No está claro quién era la conductora, pero eran los únicos en el coche que llevaban un cinturón de seguridad.	feminine
753	3700	lawyer	A month ago, Smokey would' ve reared up, you probably would' ve called your lawyer.	male_embedding_list	OpenSubtitles	Vor einem Monat hätte Smokey aufgezogen, du hättest wahrscheinlich deinen Anwalt angerufen.	masculine	Hace un mes, Smokey se habría criado, probablemente habrías llamado a tu abogado.	masculine	Vor einem Monat hätte Smokey aufgezogen, du hättest wahrscheinlich deine Anwältin angerufen.	feminine	Hace un mes, Smokey se habría criado, probablemente habrías llamado a tu abogada.	feminine
754	2204	student	Please apply by November 20th, 2017 if you are a young professional with fewer than six years of work experience, a late-stage PhD, Master's student or postdoc.	female_embedding_list	C4	Bitte bewerben Sie sich bis zum 20. November 2017, wenn Sie ein junger Berufstätiger mit weniger als sechs Jahren Berufserfahrung, einem Spätpromotions-, Master-Studenten oder Postdoc sind.	masculine	Por favor, solicite antes del 20 de noviembre de 2017 si usted es un joven profesional con menos de seis años de experiencia laboral, un doctorado en etapa avanzada, estudiante de maestría o postdoc.	masculine	Bitte bewerben Sie sich bis zum 20. November 2017, wenn Sie eine junge Berufstätige mit weniger als sechs Jahren Berufserfahrung, eine Spätpromotions-, Master-Studentin oder Postdoc sind.	feminine	Por favor, solicite antes del 20 de noviembre de 2017 si usted es una joven profesional con menos de seis años de experiencia laboral, un doctorado en etapa avanzada, estudiante de maestría o postdoc.	feminine
755	134	photographer	Just today while we were eating a photographer came by.	LLM_male_list	C4	Gerade heute, als wir einen Fotografen aßen, kam vorbei.	masculine	Justo hoy, mientras comíamos un fotógrafo vino.	masculine	Gerade heute, als wir eine Fotografin aßen, kam vorbei.	feminine	Justo hoy, mientras comíamos una fotógrafa vino.	feminine
756	606	nanny	Following are some hints which will permit you to frame the ideal recommendation letter to your family’s beloved nanny.	female_embedding_list	C4	Im Folgenden sind einige Hinweise, die Ihnen erlauben, den idealen Empfehlungsbrief an Ihre Familie zu rahmen.	neutral	A continuación hay algunas pistas que le permitirá enmarcar la carta de recomendación ideal a la amada niñera de su familia.	feminine	Im Folgenden sind einige Hinweise, die Ihnen erlauben, den idealen Empfehlungsbrief an Ihre Familie zu rahmen.	neutral	A continuación hay algunas pistas que le permitirá enmarcar la carta de recomendación ideal al amado niñero de su familia.	masculine
757	4233	manager	I better call the manager and make sure the camera crew is cleared.	male_embedding_list	OpenSubtitles	Ich rufe besser den Manager an und stelle sicher, dass die Kameramannschaft frei ist.	masculine	Será mejor que llame al gerente y me asegure de que el equipo de cámaras esté despejado.	masculine	Ich rufe besser die Managerin an und stelle sicher, dass die Kameramannschaft frei ist.	feminine	Será mejor que llame a la gerente y me asegure de que el equipo de cámaras esté despejado.	feminine
758	4421	friend	You are a good soldier... and a good friend.	LLM_neutral_list	OpenSubtitles	Du bist ein guter Soldat und ein guter Freund.	masculine	Eres un buen soldado... y un buen amigo.	masculine	Du bist eine gute Soldatin und eine gute Freundin.	feminine	Eres una buena soldado... y una buena amiga.	feminine
759	2194	analyst	The analyst's claims of a June launch contradict with The Wall Street Journal, which reported earlier this month that the hardware is expected to ship in March.	male_embedding_list	C4	Die Behauptungen des Analysten eines Juni-Starts widersprechen dem The Wall Street Journal, das Anfang dieses Monats berichtete, dass die Hardware voraussichtlich im März ausgeliefert wird.	masculine	Las afirmaciones del analista de un lanzamiento de junio contradicen con The Wall Street Journal, que informó a principios de este mes que se espera que el hardware se envíe en marzo.	masculine	Die Behauptungen der Analystin eines Juni-Starts widersprechen dem The Wall Street Journal, das Anfang dieses Monats berichtete, dass die Hardware voraussichtlich im März ausgeliefert wird.	feminine	Las afirmaciones de la analista de un lanzamiento de junio contradicen con The Wall Street Journal, que informó a principios de este mes que se espera que el hardware se envíe en marzo.	feminine
760	2995	idiot	Do you think I' m an utter idiot!	male_embedding_list	OpenSubtitles	Hältst du mich für einen totalen Idioten?	masculine	¿Crees que soy un completo idiota?	masculine	Hältst du mich für eine totale Idiotin?	feminine	¿Crees que soy una completa idiota?	feminine
761	845	poet	It’s clear the poet has “…never/ been able to resist/ the course of a new toy dream” which is lucky for us.	LLM_female_list	C4	Es ist klar, dass der Dichter nie in der Lage war, dem Verlauf eines neuen Spielzeugtraums zu widerstehen, der für uns Glück hat.	masculine	Está claro que el poeta ha “...nunca ha sido capaz de resistir / el curso de un nuevo sueño de juguete” que es afortunado para nosotros.	masculine	Es ist klar, dass die Dichterin nie in der Lage war, dem Verlauf eines neuen Spielzeugtraums zu widerstehen, der für uns Glück hat.	feminine	Está claro que la poeta ha “...nunca ha sido capaz de resistir / el curso de un nuevo sueño de juguete” que es afortunado para nosotros.	feminine
762	3867	associate	I' m your associate, not your employee.	LLM_neutral_list	OpenSubtitles	Ich bin Ihr Mitarbeiter, nicht Ihr Angestellter.	masculine	Soy tu socio, no tu empleado.	masculine	Ich bin Ihre Mitarbeiterin, nicht Ihre Angestellte.	feminine	Soy tu socia, no tu empleada.	feminine
763	4226	manager	If I become an assistant manager, it' s just one more step towards permanence.	male_embedding_list	OpenSubtitles	Wenn ich Assistentin werde, ist es nur noch ein Schritt in Richtung Dauerhaftigkeit.	feminine	Si me convierto en asistente del gerente, es sólo un paso más hacia la permanencia.	masculine	Wenn ich Assistent werde, ist es nur noch ein Schritt in Richtung Dauerhaftigkeit.	masculine	Si me convierto en asistenta del gerente, es sólo un paso más hacia la permanencia.	feminine
764	2581	enemy	The enemy now attempted to lay demolition charges under the bridge and the situation was critical.	male_embedding_list	C4	Der Feind versuchte nun, Abrissladungen unter die Brücke zu legen und die Situation war kritisch.	masculine	El enemigo ahora intentó poner cargas de demolición bajo el puente y la situación era crítica.	masculine	Die Feindin versuchte nun, Abrissladungen unter die Brücke zu legen und die Situation war kritisch.	feminine	La enemiga ahora intentó poner cargas de demolición bajo el puente y la situación era crítica.	feminine
765	3753	boss	My face out there so much, it' s a miracle I haven' t been knocked out yet boss.	male_embedding_list	OpenSubtitles	Mein Gesicht da draußen ist ein Wunder, dass ich noch kein Boss bin.	neutral	Mi cara ahí fuera tanto que es un milagro que no me hayan noqueado aún jefe.	neutral	Mein Gesicht da draußen ist ein Wunder, dass ich noch keine Chefin bin.	neutral	Mi cara ahí fuera tanto que es un milagro que no me hayan noqueado aún jefe.	neutral
766	3622	musician	I do feel guilty enjoying tonight when a musician is... still listed as a missing person.	male_embedding_list	OpenSubtitles	Ich fühle mich schuldig, heute Abend zu genießen, wenn ein Musiker... immer noch als vermisste Person aufgeführt wird.	masculine	Me siento culpable disfrutando esta noche cuando un músico está... todavía listado como una persona desaparecida.	masculine	Ich fühle mich schuldig, heute Abend zu genießen, wenn eine Musikerin... immer noch als vermisste Person aufgeführt wird.	feminine	Me siento culpable disfrutando esta noche cuando una música está... todavía listado como una persona desaparecida.	feminine
767	2861	hero	Everyone knows that you are an aspiring detective but here is your chance to prove to everyone that you are a true hero.	male_embedding_list	C4	Jeder weiß, dass du ein aufstrebender Detektiv bist, aber hier ist deine Chance, allen zu beweisen, dass du ein wahrer Held bist.	masculine	Todo el mundo sabe que eres un aspirante a detective pero aquí está tu oportunidad de demostrar a todos que eres un verdadero héroe.	masculine	Jeder weiß, dass du eine aufstrebende Detektivin bist, aber hier ist deine Chance, allen zu beweisen, dass du eine wahre Heldin bist.	feminine	Todo el mundo sabe que eres una aspirante a detective pero aquí está tu oportunidad de demostrar a todos que eres una verdadera heroína.	feminine
768	2022	housekeeper	Then the housekeeper came in to my room and argued with me about what is dry cleaned when we specifically said laundry.	female_embedding_list	C4	Dann kam die Haushälterin in mein Zimmer und stritt mit mir darüber, was trocken gereinigt ist, als wir ausdrücklich Wäsche sagten.	feminine	Entonces la ama de llaves entró a mi habitación y discutió conmigo sobre lo que se limpia en seco cuando dijimos específicamente lavandería.	feminine	Dann kam der Haushälter in mein Zimmer und stritt mit mir darüber, was trocken gereinigt ist, als wir ausdrücklich Wäsche sagten.	masculine	Entonces el amo de llaves entró a mi habitación y discutió conmigo sobre lo que se limpia en seco cuando dijimos específicamente lavandería.	masculine
769	594	nanny	We had been warned that she did NOT like strangers and sure enough she started crying the minute the nanny walked in the door.	female_embedding_list	C4	Wir waren gewarnt worden, dass sie keine Fremden mochte und sicher genug begann sie zu weinen, sobald das Kindermädchen durch die Tür ging.	feminine	Nos habían advertido que no le gustaban los extraños y seguro que empezó a llorar en el momento en que la niñera entró por la puerta.	feminine	Wir waren gewarnt worden, dass sie keine Fremden mochte und sicher genug begann sie zu weinen, sobald der Kinderbetreuer durch die Tür ging.	masculine	Nos habían advertido que no le gustaban los extraños y seguro que empezó a llorar en el momento en que el niñero entró por la puerta.	masculine
770	2886	decorator	I don’t by any means consider myself an avid baker or cake decorator, so I was thrilled when I received such positive feedback on these tasty cupcakes.	LLM_female_list	C4	Ich betrachte mich auf keinen Fall als begeisterter Bäcker oder Kuchendekorator, so war ich begeistert, als ich so ein positives Feedback zu diesen leckeren Cupcakes erhielt.	masculine	De ninguna manera me considero un ávido panadero o decorador de pasteles, así que me emocioné cuando recibí una respuesta tan positiva sobre estos sabrosos cupcakes.	masculine	Ich betrachte mich auf keinen Fall als begeisterte Bäckerin oder Kuchendekoratorin, so war ich begeistert, als ich so ein positives Feedback zu diesen leckeren Cupcakes erhielt.	feminine	De ninguna manera me considero una ávida panadera o decoradora de pasteles, así que me emocioné cuando recibí una respuesta tan positiva sobre estos sabrosos cupcakes.	feminine
771	2166	therapist	I am a fully qualified beauty therapist with wide experience gained in the industry.	female_embedding_list	C4	Ich bin eine voll qualifizierte Schönheitstherapeutin mit großer Erfahrung in der Branche.	feminine	Soy un terapeuta de belleza totalmente cualificado con amplia experiencia adquirida en la industria.	masculine	Ich bin ein voll qualifizierter Schönheitstherapeut mit großer Erfahrung in der Branche.	masculine	Soy una terapeuta de belleza totalmente cualificada con amplia experiencia adquirida en la industria.	feminine
772	797	secretary	Whether you're looking for a job as a general administrator, secretary or PA, or you dream of working in marketing, sales or customer services, you'll find plenty of fantastic office jobs available abroad.	female_embedding_list	C4	Ob Sie einen Job als Generaladministrator, Sekretär oder PA suchen, oder Sie träumen von der Arbeit im Marketing, Vertrieb oder Kundendienst, Sie werden viele fantastische Bürojobs im Ausland finden.	masculine	Ya sea que esté buscando un trabajo como administrador general, secretario o PA, o que sueñe con trabajar en marketing, ventas o servicios al cliente, encontrará un montón de fantásticos trabajos de oficina disponibles en el extranjero.	masculine	Ob Sie einen Job als Generaladministratorin, Sekretärin oder PA suchen, oder Sie träumen von der Arbeit im Marketing, Vertrieb oder Kundendienst, Sie werden viele fantastische Bürojobs im Ausland finden.	feminine	Ya sea que esté buscando un trabajo como administradora general, secretaria o PA, o que sueñe con trabajar en marketing, ventas o servicios al cliente, encontrará un montón de fantásticos trabajos de oficina disponibles en el extranjero.	feminine
773	3638	opponent	Learn to anticipate each other... provoke your partner, entice your opponent to dare.	male_embedding_list	OpenSubtitles	Lerne, einander vorauszusehen... provoziere deinen Partner, verlocke deinen Gegner, es zu wagen.	masculine	Aprende a anticiparte el uno al otro... provocar a tu compañero, atraer a tu oponente a atreverse.	neutral	Lerne, einander vorauszusehen... provoziere deinen Partner, verlocke deine Gegnerin, es zu wagen.	feminine	Aprende a anticiparte el uno al otro... provocar a tu compañero, atraer a tu oponente a atreverse.	neutral
774	3163	chef	I' m trying to point out to our alleged chef...	LLM_female_list	OpenSubtitles	Ich will auf unseren angeblichen Küchenchef hinweisen...	masculine	Estoy tratando de señalar a nuestro supuesto chef...	masculine	Ich will auf unsere angebliche Küchenchefin hinweisen...	feminine	Estoy tratando de señalar a nuestra supuesta chef...	feminine
775	4164	chief	The police chief is here to check on Mom' s security system.	male_embedding_list	OpenSubtitles	Der Polizeichef ist hier, um Moms Sicherheitssystem zu überprüfen.	masculine	El jefe de policía está aquí para comprobar el sistema de seguridad de mamá.	masculine	Die Polizeichefin ist hier, um Moms Sicherheitssystem zu überprüfen.	feminine	La jefe de policía está aquí para comprobar el sistema de seguridad de mamá.	feminine
776	4128	contractor	Are you telling me that you' re an independent contractor working with the military on cloning aliens?	male_embedding_list	OpenSubtitles	Wollen Sie mir sagen, dass Sie ein unabhängiger Auftragnehmer sind, der mit dem Militär zusammenarbeitet, um Aliens zu klonen?	masculine	¿Me estás diciendo que eres un contratista independiente trabajando con el ejército en clonar alienígenas?	masculine	Wollen Sie mir sagen, dass Sie eine unabhängige Auftragnehmerin sind, die mit dem Militär zusammenarbeitet, um Aliens zu klonen?	feminine	¿Me estás diciendo que eres una contratista independiente trabajando con el ejército en clonar alienígenas?	feminine
777	2156	therapist	Your Oral health therapist will give you tips and detailed instructions on how to look after your oral hygiene at home.	female_embedding_list	C4	Ihr Oral Health Therapeut wird Ihnen Tipps und detaillierte Anweisungen geben, wie Sie Ihre Mundhygiene zu Hause pflegen.	masculine	Su terapeuta de salud oral le dará consejos e instrucciones detalladas sobre cómo cuidar su higiene oral en casa.	neutral	Ihre Oral Health Therapeutin wird Ihnen Tipps und detaillierte Anweisungen geben, wie Sie Ihre Mundhygiene zu Hause pflegen.	feminine	Su terapeuta de salud oral le dará consejos e instrucciones detalladas sobre cómo cuidar su higiene oral en casa.	neutral
778	3943	editor	So why don' t you tell me more about your job as an editor.	female_embedding_list	OpenSubtitles	Warum erzählst du mir nicht mehr über deinen Job als Redakteur?	masculine	Entonces, ¿por qué no me cuentas más sobre tu trabajo como editor?	masculine	Warum erzählst du mir nicht mehr über deinen Job als Redakteurin?	feminine	Entonces, ¿por qué no me cuentas más sobre tu trabajo como editora?	feminine
779	1747	investigator	I had attended church with a friend a few times before, but this was the first time I attended as an investigator by myself and for myself.	LLM_male_list	C4	Ich hatte schon einige Male mit einem Freund die Kirche besucht, aber dies war das erste Mal, dass ich selbst und für mich als Ermittler tätig war.	masculine	Había asistido a la iglesia con un amigo unas cuantas veces antes, pero esta era la primera vez que asistía como investigador por mí mismo y por mí mismo.	masculine	Ich hatte schon einige Male mit einem Freund die Kirche besucht, aber dies war das erste Mal, dass ich selbst und für mich als Ermittlerin tätig war.	feminine	Había asistido a la iglesia con un amigo unas cuantas veces antes, pero esta era la primera vez que asistía como investigadora por mí misma y por mí misma.	feminine
780	4074	architect	Find me the architect who designed you...... and who needs Doug Roberts?	male_embedding_list	OpenSubtitles	Finden Sie den Architekten, der Sie entworfen hat. Und wer braucht Doug Roberts?	masculine	¿Encontrarme al arquitecto que te diseñó... y quién necesita a Doug Roberts?	masculine	Finden Sie die Architektin, die Sie entworfen hat. Und wer braucht Doug Roberts?	feminine	¿Encontrarme a la arquitecta que te diseñó... y quién necesita a Doug Roberts?	feminine
781	3008	idiot	What kind of an idiot do you take me for?	male_embedding_list	OpenSubtitles	Für was für einen Idioten hältst du mich?	masculine	¿Por qué clase de idiota me tomas?	neutral	Für was für eine Idiotin hältst du mich?	feminine	¿Por qué clase de idiota me tomas?	neutral
782	2454	judge	The judge was a lawyer at one time, and is not going to be taken in by this strategy.	LLM_male_list	C4	Der Richter war ein Anwalt auf einmal, und wird nicht durch diese Strategie aufgenommen werden.	masculine	El juez era abogado en un momento dado, y no va a ser aceptado por esta estrategia.	masculine	Die Richterin war ein Anwalt auf einmal, und wird nicht durch diese Strategie aufgenommen werden.	feminine	La jueza era abogada en un momento dado, y no va a ser aceptada por esta estrategia.	feminine
783	2640	senior	A five-time state entrant, the senior finished fifth in the state in Class A this season with a 41-6 record.	female_embedding_list	C4	Als fünfmaliger Staatsanwältin belegte der Senior in dieser Saison den fünften Platz in der Klasse A mit einem 41-6-Rekord.	masculine	Un participante estatal cinco veces, el senior terminó quinto en el estado en Clase A esta temporada con un récord de 41-6.	masculine	Als fünfmalige Staatsanwältin belegte die Seniorin in dieser Saison den fünften Platz in der Klasse A mit einem 41-6-Rekord.	feminine	Una participante estatal cinco veces, la senior terminó quinta en el estado en Clase A esta temporada con un récord de 41-6.	feminine
784	4741	captain	Sorry, captain' s been to a lot of situations.	male_embedding_list	OpenSubtitles	Tut mir leid, Captain war in vielen Situationen.	neutral	Lo siento, el capitán ha estado en muchas situaciones.	masculine	Tut mir leid, Captain war in vielen Situationen.	neutral	Lo siento, la capitana ha estado en muchas situaciones.	feminine
785	1569	pilot	The video released by the "Tenth Brigade" shows a Russian pilot, with severe head injuries, surrounded by jubilant "rebels".	male_embedding_list	C4	Das Video der "Zehnten Brigade" zeigt einen russischen Piloten mit schweren Kopfverletzungen, umgeben von jubelnden "Rebellen".	masculine	El video publicado por la "Tenth Brigade" muestra a un piloto ruso, con graves lesiones en la cabeza, rodeado de jubilosos "rebeldes".	masculine	Das Video der "Zehnten Brigade" zeigt eine russische Pilotin mit schweren Kopfverletzungen, umgeben von jubelnden "Rebellen".	feminine	El video publicado por la "Tenth Brigade" muestra a una piloto rusa, con graves lesiones en la cabeza, rodeada de jubilosos "rebeldes".	feminine
786	2139	cook	The owner was very friendly and an excellent cook.	male_embedding_list	C4	Der Besitzer war sehr freundlich und ein ausgezeichneter Koch.	masculine	El propietario era muy amable y un excelente cocinero.	masculine	Die Besitzerin war sehr freundlich und eine ausgezeichnete Köchin.	feminine	La propietaria era muy amable y una excelente cocinera.	feminine
787	2596	observer	I can embrace the unknown, as an observer and participant.	LLM_neutral_list	C4	Ich kann das Unbekannte als Beobachter und Teilnehmer umarmen.	masculine	Puedo abrazar lo desconocido, como observador y participante.	masculine	Ich kann das Unbekannte als Beobachterin und Teilnehmerin umarmen.	feminine	Puedo abrazar lo desconocido, como observadora y participante.	feminine
788	3535	worker	I' ve been a good worker for you, you fucking assholes!	LLM_neutral_list	OpenSubtitles	Ich war ein guter Arbeiter für euch, ihr verdammten Arschlöcher!	masculine	¡He sido un buen trabajador para ustedes, malditos imbéciles!	masculine	Ich war eine gute Arbeiterin für euch, ihr verdammten Arschlöcher!	feminine	¡He sido una buena trabajadora para ustedes, malditos imbéciles!	feminine
789	1316	buddy	I am already looking forward to the next time I get to run with my favorite running buddy!!	male_embedding_list	C4	Ich freue mich schon auf das nächste Mal, wenn ich mit meinem Lieblings-Running-Buddy laufe!!	masculine	Ya estoy esperando con ansias la próxima vez que llegue a correr con mi compañero de carrera favorito!!	masculine	Ich freue mich schon auf das nächste Mal, wenn ich mit meiner Lieblings-Running-Buddy laufe!!	feminine	Ya estoy esperando con ansias la próxima vez que llegue a correr con mi compañera de carrera favorita!!	feminine
790	1722	soldier	The cause of this vague feeling of distrust which had gone abroad concerning the old soldier was no very easy matter to define.	male_embedding_list	C4	Die Ursache für dieses vage Gefühl des Misstrauens, das ins Ausland über den alten Soldaten gegangen war, war nicht sehr leicht zu definieren.	masculine	La causa de este vago sentimiento de desconfianza que había ido al extranjero con respecto al viejo soldado no era muy fácil de definir.	masculine	Die Ursache für dieses vage Gefühl des Misstrauens, das ins Ausland über die alte Soldatin gegangen war, war nicht sehr leicht zu definieren.	feminine	La causa de este vago sentimiento de desconfianza que había ido al extranjero con respecto a la vieja soldado no era muy fácil de definir.	feminine
791	393	expert	Speak to our gutter expert and you can find out how easy and affordable it is to get started!	LLM_neutral_list	C4	Sprechen Sie mit unserem Gosse-Experten und Sie können herausfinden, wie einfach und erschwinglich es ist, loszulegen!	masculine	Hable con nuestro experto en canaletas y usted puede averiguar lo fácil y asequible que es para empezar!	masculine	Sprechen Sie mit unserer Gosse-Expertin und Sie können herausfinden, wie einfach und erschwinglich es ist, loszulegen!	feminine	Hable con nuestra experta en canaletas y usted puede averiguar lo fácil y asequible que es para empezar!	feminine
792	5004	lover	They' re hoping their lover will help them or keep them	female_embedding_list	OpenSubtitles	Sie hoffen, dass ihr Geliebter ihnen hilft oder sie behält.	masculine	Esperan que su amante los ayude o los mantenga.	neutral	Sie hoffen, dass ihre Geliebte ihnen hilft oder sie behält.	feminine	Esperan que su amante los ayude o los mantenga.	neutral
793	4227	manager	I asked him why nobody ever called the manager, and he said it happens... two, three times a week, sometimes more.	male_embedding_list	OpenSubtitles	Ich fragte ihn, warum niemand den Manager angerufen hat, und er sagte, es passiert... zwei, drei Mal die Woche, manchmal mehr.	masculine	Le pregunté por qué nadie llamó al gerente, y dijo que pasa... dos, tres veces a la semana, a veces más.	masculine	Ich fragte ihn, warum niemand die Managerin angerufen hat, und er sagte, es passiert... zwei, drei Mal die Woche, manchmal mehr.	feminine	Le pregunté por qué nadie llamó a la gerente, y dijo que pasa... dos, tres veces a la semana, a veces más.	feminine
794	2800	firefighter	I was a firefighter for 28 years and contractor for the same, now I'm in Florida for 8 month, Bonita Springs, Have two daughters, had three wives, cant keep them either!	LLM_male_list	C4	Ich war ein Feuerwehrmann für 28 Jahre und Auftragnehmer für das gleiche, jetzt bin ich in Florida für 8 Monate, Bonita Springs, Haben zwei Töchter, hatte drei Frauen, können sie auch nicht halten!	masculine	Yo fui bombero durante 28 años y contratista para el mismo, ahora estoy en Florida durante 8 meses, Bonita Springs, tener dos hijas, tuvo tres esposas, no puedo mantenerlos tampoco!	masculine	Ich war eine Feuerwehrfrau für 28 Jahre und Auftragnehmerin für das gleiche, jetzt bin ich in Florida für 8 Monate, Bonita Springs, Haben zwei Töchter, hatte drei Frauen, können sie auch nicht halten!	feminine	Yo fui bombera durante 28 años y contratista para el mismo, ahora estoy en Florida durante 8 meses, Bonita Springs, tener dos hijas, tuvo tres esposas, no puedo mantenerlos tampoco!	feminine
795	2449	judge	Win this judge over with insightful reviews that show personality and humanity.	LLM_male_list	C4	Gewinnen Sie diesen Richter mit aufschlussreichen Bewertungen, die Persönlichkeit und Menschlichkeit zeigen.	masculine	Gana a este juez con críticas perspicaces que muestren personalidad y humanidad.	masculine	Gewinnen Sie diese Richterin mit aufschlussreichen Bewertungen, die Persönlichkeit und Menschlichkeit zeigen.	feminine	Gana a esta jueza con críticas perspicaces que muestren personalidad y humanidad.	feminine
796	708	local	My friend and I ended up hiring a local who spoke no English to take us down the Mekong river.	LLM_neutral_list	C4	Mein Freund und ich stellten einen Einheimischen ein, der kein Englisch sprach, um uns den Mekong Fluss hinunter zu bringen.	masculine	Mi amigo y yo terminamos contratando a un local que no hablaba inglés para llevarnos por el río Mekong.	masculine	Mein Freund und ich stellten eine Einheimische ein, die kein Englisch sprach, um uns den Mekong Fluss hinunter zu bringen.	feminine	Mi amigo y yo terminamos contratando a una local que no hablaba inglés para llevarnos por el río Mekong.	feminine
797	1423	explorer	Science does not reward partisanship or apathy, it rewards the explorer.	LLM_neutral_list	C4	Die Wissenschaft belohnt keine Partisanität oder Apathie, sie belohnt den Entdecker.	masculine	La ciencia no recompensa el partidismo o la apatía, recompensa al explorador.	masculine	Die Wissenschaft belohnt keine Partisanität oder Apathie, sie belohnt die Entdeckerin.	feminine	La ciencia no recompensa el partidismo o la apatía, recompensa a la exploradora.	feminine
798	2702	receptionist	So there I was sitting at my desk, door wide open, about to cram some food in my mouth (I had been so hungry lately) when the receptionist transferred a call back to me.	female_embedding_list	C4	Also saß ich dort an meinem Schreibtisch, Tür weit offen, kurz davor, etwas Essen in meinen Mund zu stopfen (ich hatte in letzter Zeit so Hunger gehabt), als die Empfangsdame einen Anruf zurück zu mir übertrug.	feminine	Así que allí estaba sentado en mi escritorio, la puerta abierta, a punto de meter algo de comida en mi boca (había tenido tanta hambre últimamente) cuando la recepcionista me transfirió una llamada.	feminine	Also saß ich dort an meinem Schreibtisch, Tür weit offen, kurz davor, etwas Essen in meinen Mund zu stopfen (ich hatte in letzter Zeit so Hunger gehabt), als der Rezeptionist einen Anruf zurück zu mir übertrug.	masculine	Así que allí estaba sentado en mi escritorio, la puerta abierta, a punto de meter algo de comida en mi boca (había tenido tanta hambre últimamente) cuando el recepcionista me transfirió una llamada.	masculine
799	1025	officer	One Mendota Police officer at the fire scene was treated and released from OSF St. Paul Medical Center in Mendota for smoke inhalation.	male_embedding_list	C4	Ein Mendota Polizist am Brandort wurde behandelt und aus dem OSF St. Paul Medical Center in Mendota zur Rauchinhalation entlassen.	masculine	Un oficial de la policía de Mendota en el lugar del incendio fue tratado y liberado del Centro Médico St. Paul de la OSF en Mendota por inhalación de humo.	masculine	Eine Mendota Polizistin am Brandort wurde behandelt und aus dem OSF St. Paul Medical Center in Mendota zur Rauchinhalation entlassen.	feminine	Una oficial de la policía de Mendota en el lugar del incendio fue tratado y liberado del Centro Médico St. Paul de la OSF en Mendota por inhalación de humo.	feminine
800	190	champion	The champion was presented with a trophy, as well as a Longines timepiece.	male_embedding_list	C4	Der Champion erhielt eine Trophäe sowie eine Longines-Uhr.	masculine	El campeón recibió un trofeo, así como un reloj Longines.	masculine	Die Champion erhielt eine Trophäe sowie eine Longines-Uhr.	feminine	La campeona recibió un trofeo, así como un reloj Longines.	feminine
801	3017	CEO	I' il say this, though, when I' m CEO of this place	male_embedding_list	OpenSubtitles	Ich sage das aber, wenn ich hier Chef bin.	masculine	Sin embargo, lo digo cuando soy el director general de este lugar.	masculine	Ich sage das aber, wenn ich hier Chefin bin.	feminine	Sin embargo, lo digo cuando soy la directora general de este lugar.	feminine
802	801	secretary	The US secretary of state has warned that al-Qaeda is behind a credible threat to Americans in the run-up to the anniversary of 9/11.	female_embedding_list	C4	Der US-Staatssekretär hat davor gewarnt, dass al-Qaida im Vorfeld des Jahrestages des 11. Septembers hinter einer glaubwürdigen Bedrohung für die Amerikaner steckt.	masculine	El Secretario de Estado de Estados Unidos ha advertido que al-Qaeda está detrás de una amenaza creíble para los estadounidenses en el período previo al aniversario del 11 de septiembre.	masculine	Die US-Staatssekretärin hat davor gewarnt, dass al-Qaida im Vorfeld des Jahrestages des 11. Septembers hinter einer glaubwürdigen Bedrohung für die Amerikaner steckt.	feminine	La Secretaria de Estado de Estados Unidos ha advertido que al-Qaeda está detrás de una amenaza creíble para los estadounidenses en el período previo al aniversario del 11 de septiembre.	feminine
803	1057	associate	Are you a program affiliate/associate or partner of an already existing revenue-sharing program?	LLM_neutral_list	C4	Sind Sie ein Programm Affiliate/Assoziierter oder Partner eines bereits bestehenden Revenue-Sharing-Programms?	masculine	¿Es usted un afiliado/asociado del programa o socio de un programa de reparto de ingresos ya existente?	masculine	Sind Sie eine Programm-Affiliate/Assoziierte oder Partnerin eines bereits bestehenden Revenue-Sharing-Programms?	feminine	¿Es usted una afiliada/asociada del programa o socia de un programa de reparto de ingresos ya existente?	feminine
804	1643	vegetarian	So if you're a long time vegetarian or vegan, we're thrilled to bring you some fresh takes on plant-based eats.	female_embedding_list	C4	Also, wenn Sie eine lange Zeit vegetarisch oder vegan sind, sind wir begeistert, Ihnen ein paar frische Takes auf pflanzliches Essen zu bringen.	neutral	Así que si eres vegetariano o vegano desde hace mucho tiempo, estamos encantados de traerte algunas tomas frescas de las comidas a base de plantas.	masculine	Also, wenn Sie eine lange Zeit vegetarisch oder vegan sind, sind wir begeistert, Ihnen ein paar frische Takes auf pflanzliches Essen zu bringen.	neutral	Así que si eres vegetariana o vegana desde hace mucho tiempo, estamos encantados de traerte algunas tomas frescas de las comidas a base de plantas.	feminine
805	3920	student	I can' t believe you brought my student in here.	female_embedding_list	OpenSubtitles	Ich kann nicht glauben, dass du meinen Schüler hergebracht hast.	masculine	No puedo creer que hayas traído a mi estudiante aquí.	neutral	Ich kann nicht glauben, dass du meine Schülerin hergebracht hast.	feminine	No puedo creer que hayas traído a mi estudiante aquí.	neutral
806	2059	entrepreneur	As an entrepreneur, you may feel like you’re being pulled from all directions when it comes to staying on top of your business.	LLM_male_list	C4	Als Unternehmer können Sie das Gefühl haben, aus allen Richtungen gezogen zu werden, wenn es darum geht, oben auf Ihrem Geschäft zu bleiben.	masculine	Como empresario, usted puede sentir que usted está siendo sacado de todas las direcciones cuando se trata de mantenerse en la cima de su negocio.	masculine	Als Unternehmerin können Sie das Gefühl haben, aus allen Richtungen gezogen zu werden, wenn es darum geht, oben auf Ihrem Geschäft zu bleiben.	feminine	Como empresaria, usted puede sentir que usted está siendo sacada de todas las direcciones cuando se trata de mantenerse en la cima de su negocio.	feminine
807	2463	wanderer	I’m so glad this poem survived to open up to us the world of the mead-hall, and to enable us to meet the exiled wanderer, journeying alone through the icy mist.	LLM_neutral_list	C4	Ich bin so froh, dass dieses Gedicht überlebt hat, um uns die Welt der Met-Halle zu öffnen und uns zu ermöglichen, den verbannten Wanderer zu treffen, der allein durch den eisigen Nebel reist.	masculine	Me alegro de que este poema haya sobrevivido para abrirnos el mundo del mead-hall, y para permitirnos conocer al vagabundo exiliado, viajando solo a través de la helada niebla.	masculine	Ich bin so froh, dass dieses Gedicht überlebt hat, um uns die Welt der Met-Halle zu öffnen und uns zu ermöglichen, die verbannte Wanderin zu treffen, die allein durch den eisigen Nebel reist.	feminine	Me alegro de que este poema haya sobrevivido para abrirnos el mundo del mead-hall, y para permitirnos conocer a la vagabunda exiliada, viajando sola a través de la helada niebla.	feminine
808	803	coordinator	Here at Taylor Rental of Wallingford we have an onsite event coordinator that can help plan, organize and brainstorm many ways and ideas to make your special day is exactly how you wanted it.	female_embedding_list	C4	Hier bei Taylor Rental of Wallingford haben wir einen Vor-Ort-Veranstaltungskoordinator, der helfen kann, viele Wege und Ideen zu planen, zu organisieren und zu hirnbeben, um Ihren besonderen Tag zu machen, ist genau, wie Sie es wollten.	masculine	Aquí en Taylor Rental de Wallingford tenemos un coordinador de eventos in situ que puede ayudar a planificar, organizar e intercambiar ideas de muchas maneras e ideas para que tu día especial sea exactamente como lo querías.	masculine	Hier bei Taylor Rental of Wallingford haben wir eine Vor-Ort-Veranstaltungskoordinatorin, die helfen kann, viele Wege und Ideen zu planen, zu organisieren und zu hirnbeben, um Ihren besonderen Tag zu machen, ist genau, wie Sie es wollten.	feminine	Aquí en Taylor Rental de Wallingford tenemos una coordinadora de eventos in situ que puede ayudar a planificar, organizar e intercambiar ideas de muchas maneras e ideas para que tu día especial sea exactamente como lo querías.	feminine
809	4766	farmer	And in further news... we have evidence linking a farmer... who has admitted breaking waste and feeding laws... to the farm that started the bovine epidemic.	male_embedding_list	OpenSubtitles	Und in weiteren Nachrichten haben wir Beweise, die einen Farmer verbinden, der zugegeben hat, dass er Abfall- und Fütterungsgesetze gebrochen hat, mit der Farm, die die Rinderepidemie ausgelöst hat.	masculine	Y en otras noticias... tenemos pruebas que vinculan a un granjero... que ha admitido romper las leyes de basura y alimentación... con la granja que inició la epidemia bovina.	masculine	Und in weiteren Nachrichten haben wir Beweise, die eine Farmerin verbinden, die zugegeben hat, dass sie Abfall- und Fütterungsgesetze gebrochen hat, mit der Farm, die die Rinderepidemie ausgelöst hat.	feminine	Y en otras noticias... tenemos pruebas que vinculan a una granjera... que ha admitido romper las leyes de basura y alimentación... con la granja que inició la epidemia bovina.	feminine
810	1559	caregiver	You could have a mobility issue, you could have reasons pertaining to physical or mental health, or you are a caregiver/parent and unable to afford or secure adequate and predictable childcare or elder care.	LLM_female_list	C4	Sie könnten ein Mobilitätsproblem haben, Sie könnten Gründe in Bezug auf körperliche oder geistige Gesundheit haben, oder Sie sind Pfleger/Eltern und nicht in der Lage, angemessene und vorhersehbare Kinderbetreuung oder Altenbetreuung zu leisten oder zu sichern.	masculine	Usted podría tener un problema de movilidad, podría tener razones relacionadas con la salud física o mental, o usted es un cuidador/padre y no puede pagar o asegurar cuidado adecuado y predecible de niños o ancianos.	masculine	Sie könnten ein Mobilitätsproblem haben, Sie könnten Gründe in Bezug auf körperliche oder geistige Gesundheit haben, oder Sie sind Pflegerin/Eltern und nicht in der Lage, angemessene und vorhersehbare Kinderbetreuung oder Altenbetreuung zu leisten oder zu sichern.	feminine	Usted podría tener un problema de movilidad, podría tener razones relacionadas con la salud física o mental, o usted es una cuidadora/madre y no puede pagar o asegurar cuidado adecuado y predecible de niños o ancianos.	feminine
811	4515	virgin	I was a virgin this morning... but I don' t think I am now.	female_embedding_list	OpenSubtitles	Ich war heute Morgen Jungfrau, aber ich glaube nicht, dass ich es jetzt bin.	neutral	Yo era virgen esta mañana... pero no creo que lo sea ahora.	neutral	Ich war heute Morgen Jungfrau, aber ich glaube nicht, dass ich es jetzt bin.	neutral	Yo era virgen esta mañana... pero no creo que lo sea ahora.	neutral
812	3619	musician	So, you' ve been a musician for how many years?	male_embedding_list	OpenSubtitles	Du bist also seit wie vielen Jahren Musiker?	masculine	Así que, ¿cuántos años has sido músico?	masculine	Du bist also seit wie vielen Jahren Musikerin?	feminine	Así que, ¿cuántos años has sido música?	feminine
813	3675	decorator	As a matter of fact, we brought a decorator in from Chicago...... just last year to refurbish this part of the hotel.	LLM_female_list	OpenSubtitles	Wir haben einen Dekorateur aus Chicago mitgebracht... erst letztes Jahr, um diesen Teil des Hotels zu renovieren.	masculine	De hecho, trajimos a un decorador de Chicago el año pasado para remodelar esta parte del hotel.	masculine	Wir haben eine Dekorateurin aus Chicago mitgebracht... erst letztes Jahr, um diesen Teil des Hotels zu renovieren.	feminine	De hecho, trajimos a una decoradora de Chicago el año pasado para remodelar esta parte del hotel.	feminine
814	1428	electrician	I'll keep you contact info if in case I need an electrician in the future.	LLM_male_list	C4	Ich behalte Sie Kontaktinformationen, falls ich in Zukunft einen Elektriker brauche.	masculine	Te mantendré en contacto si en caso de que necesite un electricista en el futuro.	masculine	Ich behalte Sie Kontaktinformationen, falls ich in Zukunft eine Elektrikerin brauche.	feminine	Te mantendré en contacto si en caso de que necesite una electricista en el futuro.	feminine
815	3677	decorator	You are a painter and decorator by trade, but your attempts to secure employment... since your wife' s departure have been unsuccessful.	LLM_female_list	OpenSubtitles	Sie sind Malerin und Dekorateurin, aber Ihre Versuche, Arbeit zu sichern, seit die Abreise Ihrer Frau erfolglos war.	feminine	Eres pintor y decorador de oficio, pero tus intentos de conseguir empleo... desde la partida de tu esposa han sido infructuosos.	masculine	Sie sind Maler und Dekorateur, aber Ihre Versuche, Arbeit zu sichern, seit die Abreise Ihrer Frau erfolglos war.	masculine	Eres pintora y decoradora de oficio, pero tus intentos de conseguir empleo... desde la partida de tu esposa han sido infructuosos.	feminine
816	2952	driver	Headed back to the station normal day, normal life... driver of a semi fell asleep at the wheel.	male_embedding_list	OpenSubtitles	Auf dem Rückweg zum normalen Tag, normales Leben... Ein Fahrer eines Halbkörpers schlief am Steuer ein.	masculine	Volvió a la estación el día normal, la vida normal... el conductor de un semi se durmió al volante.	masculine	Auf dem Rückweg zum normalen Tag, normales Leben... Eine Fahrerin eines Halbkörpers schlief am Steuer ein.	feminine	Volvió a la estación el día normal, la vida normal... la conductora de un semi se durmió al volante.	feminine
817	4295	author	It' s the author of the book we found in Kay' s bag.	female_embedding_list	OpenSubtitles	Es ist der Autor des Buches, das wir in Kays Tasche gefunden haben.	masculine	Es el autor del libro que encontramos en la bolsa de Kay.	masculine	Es ist die Autorin des Buches, das wir in Kays Tasche gefunden haben.	feminine	Es la autora del libro que encontramos en la bolsa de Kay.	feminine
818	1101	hairdresser	My hairdresser told me my hair had become much thicker.	female_embedding_list	C4	Mein Friseur sagte mir, mein Haar sei viel dicker geworden.	masculine	Mi peluquero me dijo que mi cabello se había vuelto mucho más grueso.	masculine	Meine Friseurin sagte mir, mein Haar sei viel dicker geworden.	feminine	Mi peluquera me dijo que mi cabello se había vuelto mucho más grueso.	feminine
819	4629	patient	Don' t tell me you fell for your own patient	LLM_neutral_list	OpenSubtitles	Sag mir nicht, dass du auf deinen eigenen Patienten reingefallen bist.	masculine	No me digas que te enamoraste de tu propio paciente.	masculine	Sag mir nicht, dass du auf deine eigene Patientin reingefallen bist.	feminine	No me digas que te enamoraste de tu propia paciente.	feminine
820	3658	nurse	The nurse called and said you' d be coming home.	female_embedding_list	OpenSubtitles	Die Krankenschwester rief an und sagte, du kommst nach Hause.	feminine	La enfermera llamó y dijo que vendrías a casa.	feminine	Der Krankenpfleger rief an und sagte, du kommst nach Hause.	masculine	El enfermero llamó y dijo que vendrías a casa.	masculine
821	4618	minister	The health minister' s turn, was it?	male_embedding_list	OpenSubtitles	Der Gesundheitsminister ist dran, oder?	masculine	El turno del ministro de Sanidad, ¿no?	masculine	Die Gesundheitsministerin ist dran, oder?	feminine	El turno de la ministra de Sanidad, ¿no?	feminine
822	2439	judge	Are you seeking to reverse the decision of a family court judge by participating in the appeals process?	LLM_male_list	C4	Wollen Sie die Entscheidung eines Familiengerichtsrichters rückgängig machen, indem Sie an dem Berufungsverfahren teilnehmen?	masculine	¿Está tratando de revocar la decisión de un juez de familia participando en el proceso de apelación?	masculine	Wollen Sie die Entscheidung einer Familiengerichtsrichterin rückgängig machen, indem Sie an dem Berufungsverfahren teilnehmen?	feminine	¿Está tratando de revocar la decisión de una jueza de familia participando en el proceso de apelación?	feminine
823	2178	analyst	One analyst asked whether Spirit’s calculation has changed now that the industry appears to be loosening restrictions tied to basic economy tickets.	male_embedding_list	C4	Ein Analyst fragte, ob sich die Berechnung von Spirit-s nun geändert hat, da die Branche scheinbar Beschränkungen lockert, die an Basis-Economy-Tickets gebunden sind.	masculine	Un analista preguntó si el cálculo de Spirit ha cambiado ahora que la industria parece estar aflojando las restricciones vinculadas a los boletos económicos básicos.	masculine	Eine Analystin fragte, ob sich die Berechnung von Spirit-s nun geändert hat, da die Branche scheinbar Beschränkungen lockert, die an Basis-Economy-Tickets gebunden sind.	feminine	Una analista preguntó si el cálculo de Spirit ha cambiado ahora que la industria parece estar aflojando las restricciones vinculadas a los boletos económicos básicos.	feminine
824	2495	veteran	But a legislative veteran aims to block him next year.	male_embedding_list	C4	Aber ein gesetzgebender Veteran will ihn nächstes Jahr blockieren.	masculine	Pero un veterano legislativo pretende bloquearlo el próximo año.	masculine	Aber eine gesetzgebende Veteranin will ihn nächstes Jahr blockieren.	feminine	Pero una veterana legislativa pretende bloquearlo el próximo año.	feminine
825	1599	hairstylist	If you’re thinking of trying them out, know first the questions you need to ask your hairstylist so you’ll make your sew-in hairstyle a success.	LLM_female_list	C4	Wenn Sie daran denken, sie auszuprobieren, kennen Sie zuerst die Fragen, die Sie Ihren Friseur fragen müssen, damit Sie Ihre nähen-in Frisur zu einem Erfolg machen.	masculine	Si usted está pensando en probarlos, sepa primero las preguntas que necesita hacer a su estilista para que haga su peinado cosido un éxito.	neutral	Wenn Sie daran denken, sie auszuprobieren, kennen Sie zuerst die Fragen, die Sie Ihre Friseurin fragen müssen, damit Sie Ihre nähen-in Frisur zu einem Erfolg machen.	feminine	Si usted está pensando en probarlos, sepa primero las preguntas que necesita hacer a su estilista para que haga su peinado cosido un éxito.	neutral
826	2735	baker	Don't turn your back on your own neighbors, especially if one of them happens to be a professional baker.	female_embedding_list	C4	Drehen Sie Ihren Nachbarn nicht den Rücken zu, vor allem nicht, wenn einer von ihnen ein professioneller Bäcker ist.	masculine	No le des la espalda a tus propios vecinos, especialmente si uno de ellos resulta ser un panadero profesional.	masculine	Drehen Sie Ihren Nachbarn nicht den Rücken zu, vor allem nicht, wenn eine von ihnen eine professionelle Bäckerin ist.	feminine	No le des la espalda a tus propios vecinos, especialmente si uno de ellos resulta ser una panadera profesional.	feminine
827	1720	soldier	US Defense Secretary Ashton Carter at the time said the US soldier’s killing showed that work remains to shore up Afghan forces in the “dangerous” country.	male_embedding_list	C4	US-Verteidigungsminister Ashton Carter zu der Zeit sagte, dass der US-Soldat getötet zeigte, dass die Arbeit bleibt, um afghanische Kräfte im Land zu stützen.	masculine	El secretario de Defensa de Estados Unidos, Ashton Carter, dijo en ese momento que el asesinato del soldado estadounidense demostró que aún queda trabajo para apuntalar a las fuerzas afganas en el país “peligroso”.	masculine	US-Verteidigungsminister Ashton Carter zu der Zeit sagte, dass die US-Soldatin getötet zeigte, dass die Arbeit bleibt, um afghanische Kräfte im Land zu stützen.	feminine	El secretario de Defensa de Estados Unidos, Ashton Carter, dijo en ese momento que el asesinato de la soldado estadounidense demostró que aún queda trabajo para apuntalar a las fuerzas afganas en el país “peligroso”.	feminine
828	4376	designer	I just wanted to say thank you to Mr. Nourish...... for giving me the chance to play the role of a star designer.	female_embedding_list	OpenSubtitles	Ich wollte mich bei Mr. Nourish bedanken, dass er mir die Chance gab, die Rolle eines Stardesigners zu spielen.	masculine	Sólo quería darle las gracias al Sr. Nourish por darme la oportunidad de interpretar el papel de diseñador estrella.	masculine	Ich wollte mich bei Mr. Nourish bedanken, dass er mir die Chance gab, die Rolle einer Stardesignerin zu spielen.	feminine	Sólo quería darle las gracias al Sr. Nourish por darme la oportunidad de interpretar el papel de diseñadora estrella.	feminine
829	436	financier	It is the Anglo-American financier’s largest ever investment through Sherborne.	male_embedding_list	C4	Es ist die anglo-amerikanische Finanziers größte jemals Investitionen durch Sherborne.	feminine	Es la mayor inversión del financiero angloamericano a través de Sherborne.	masculine	Es ist der anglo-amerikanische Finanzierers größte jemals Investitionen durch Sherborne.	masculine	Es la mayor inversión de la financiera angloamericana a través de Sherborne.	feminine
830	2989	idiot	And now I' m an idiot for saying way too much.	male_embedding_list	OpenSubtitles	Und jetzt bin ich ein Idiot, weil ich viel zu viel gesagt habe.	masculine	Y ahora soy un idiota por decir demasiado.	masculine	Und jetzt bin ich eine Idiotin, weil ich viel zu viel gesagt habe.	feminine	Y ahora soy una idiota por decir demasiado.	feminine
831	2875	decorator	Whether you’re an experienced decorator or not, the behind tips are universal.	LLM_female_list	C4	Ob Sie ein erfahrener Dekorateur sind oder nicht, die Hinterspitzen sind universell.	masculine	Si usted es un decorador experimentado o no, los consejos detrás son universales.	masculine	Ob Sie eine erfahrene Dekorateurin sind oder nicht, die Hinterspitzen sind universell.	feminine	Si usted es una decoradora experimentada o no, los consejos detrás son universales.	feminine
832	1587	hairstylist	These brief hairstyle ideas are exquisite for screenshotting and taking to your hairstylist.	LLM_female_list	C4	Diese kurzen Frisur Ideen sind exquisit für Screenshots und nehmen Sie zu Ihrem Friseur.	masculine	Estas breves ideas de peinado son exquisitas para capturas de pantalla y llevar a su estilista.	neutral	Diese kurzen Frisur Ideen sind exquisit für Screenshots und nehmen Sie zu Ihrer Friseurin.	feminine	Estas breves ideas de peinado son exquisitas para capturas de pantalla y llevar a su estilista.	neutral
833	2140	occupant	Upon impact, the car exploded and became completely engulfed in flames, killing the occupant.	LLM_neutral_list	C4	Beim Aufprall explodierte das Auto und wurde vollständig in Flammen gehüllt und tötete den Insassen.	masculine	Al impactar, el coche explotó y quedó completamente envuelto en llamas, matando al ocupante.	masculine	Beim Aufprall explodierte das Auto und wurde vollständig in Flammen gehüllt und tötete die Insassin.	feminine	Al impactar, el coche explotó y quedó completamente envuelto en llamas, matando a la ocupante.	feminine
834	4904	mechanic	You' ve got a mechanic' s soul.	male_embedding_list	OpenSubtitles	Du hast die Seele eines Mechanikers.	masculine	Tienes el alma de un mecánico.	masculine	Du hast die Seele einer Mechanikerin.	feminine	Tienes el alma de una mecánica.	feminine
835	4247	manager	I think you' il make a wonderful manager someday.	male_embedding_list	OpenSubtitles	Ich denke, du bist eines Tages ein wunderbarer Manager.	masculine	Creo que algún día serás un gerente maravilloso.	masculine	Ich denke, du bist eines Tages eine wunderbare Managerin.	feminine	Creo que algún día serás una gerente maravillosa.	feminine
836	2461	viewer	A WAVE 3 News viewer sent a picture of a tree down on a home.	LLM_neutral_list	C4	Ein WAVE 3 News-Betrachter schickte ein Bild eines Baumes auf ein Zuhause.	masculine	Un visor de noticias WAVE 3 envió una foto de un árbol en un hogar.	masculine	Eine WAVE 3 News-Betrachterin schickte ein Bild eines Baumes auf ein Zuhause.	feminine	Una visora de noticias WAVE 3 envió una foto de un árbol en un hogar.	feminine
837	4652	tailor	But the sooner you find this butcher or tailor, inspector... the sooner we can all celebrate your promotion.	female_embedding_list	OpenSubtitles	Aber je eher Sie diesen Metzger oder Schneider finden, Inspektor... desto eher können wir Ihre Beförderung feiern.	masculine	Pero cuanto antes encuentres a este carnicero o sastre, inspector... antes podremos celebrar tu ascenso.	masculine	Aber je eher Sie diese Metzgerin oder Schneiderin finden, Inspektor... desto eher können wir Ihre Beförderung feiern.	feminine	Pero cuanto antes encuentres a esta carnicera o sastre, inspector... antes podremos celebrar tu ascenso.	feminine
838	2860	detective	Maxine is caught disposing of more stolen goods by a plain clothes detective.	LLM_male_list	C4	Maxine ist dabei, mehr gestohlene Waren von einem einfachen Kleiderdetektiv zu entsorgen.	masculine	Maxine es pillada deshaciendo de más bienes robados por un detective de paisano.	masculine	Maxine ist dabei, mehr gestohlene Waren von einer einfachen Kleiderdetektivin zu entsorgen.	feminine	Maxine es pillada deshaciendo de más bienes robados por una detective de paisano.	feminine
839	3624	opponent	But second, for the italians, germans and soviets, spain isn' t so much a battlefield as a training ground where you size up your opponent and you don' t care who wins.	male_embedding_list	OpenSubtitles	Aber zweitens, für die Italiener, Deutsche und Sowjets, Spain ist nicht so sehr ein Schlachtfeld als ein Trainingsplatz, wo Sie Größe Ihren Gegner und Sie kümmern sich nicht, wer gewinnt.	masculine	Pero en segundo lugar, para los italianos, alemanes y soviets, el spain no es tanto un campo de batalla como un campo de entrenamiento donde se talla a su oponente y no te importa quién gane.	neutral	Aber zweitens, für die Italiener, Deutsche und Sowjets, Spain ist nicht so sehr ein Schlachtfeld als ein Trainingsplatz, wo Sie Größe Ihre Gegnerin und Sie kümmern sich nicht, wer gewinnt.	feminine	Pero en segundo lugar, para los italianos, alemanes y soviets, el spain no es tanto un campo de batalla como un campo de entrenamiento donde se talla a su oponente y no te importa quién gane.	neutral
840	36	volunteer	You can support by either making a donation or becoming a volunteer.	LLM_neutral_list	C4	Sie können unterstützen, indem Sie entweder eine Spende machen oder ein Freiwilliger werden.	masculine	Usted puede apoyar haciendo una donación o convirtiéndose en un voluntario.	masculine	Sie können unterstützen, indem Sie entweder eine Spende machen oder eine Freiwillige werden.	feminine	Usted puede apoyar haciendo una donación o convirtiéndose en una voluntaria.	feminine
841	4304	author	I don' t know why the author came into this industry.	female_embedding_list	OpenSubtitles	Ich weiß nicht, warum der Autor in diese Branche kam.	masculine	No sé por qué el autor entró en esta industria.	masculine	Ich weiß nicht, warum die Autorin in diese Branche kam.	feminine	No sé por qué la autora entró en esta industria.	feminine
842	461	scientist	The best part about my TruckWeight scale is that it's affordable and you don't have to be a rocket scientist to figure out how it can help you be more productive."	LLM_male_list	C4	Das Beste an meiner TruckWeight-Skala ist, dass es erschwinglich ist und man kein Raketenwissenschaftler sein muss, um herauszufinden, wie es Ihnen helfen kann, produktiver zu sein."	masculine	La mejor parte de mi escala TruckWeight es que es asequible y no tienes que ser un científico de cohetes para averiguar cómo puede ayudarte a ser más productivo".	masculine	Das Beste an meiner TruckWeight-Skala ist, dass es erschwinglich ist und man keine Raketenwissenschaftlerin sein muss, um herauszufinden, wie es Ihnen helfen kann, produktiver zu sein.	feminine	La mejor parte de mi escala TruckWeight es que es asequible y no tienes que ser una científica de cohetes para averiguar cómo puede ayudarte a ser más productivo".	feminine
843	107	cleaner	I've worked as an au pair and house cleaner for two years.	female_embedding_list	C4	Ich arbeite seit zwei Jahren als Au-pair und Hausreiniger.	masculine	He trabajado como au pair y limpiador de casas durante dos años.	masculine	Ich arbeite seit zwei Jahren als Au-pair und Hausreinigerin.	feminine	He trabajado como au pair y limpiadora de casas durante dos años.	feminine
844	821	coordinator	The security guard escorted the coordinator carrying the 16 orders of siomai to the bride's room to make sure that the food is really intended for hotel guests.	female_embedding_list	C4	Der Wachmann begleitete den Koordinator, der die 16 Befehle von siomai ins Zimmer der Braut trug, um sicherzustellen, dass das Essen wirklich für Hotelgäste bestimmt ist.	masculine	El guardia de seguridad acompañó al coordinador llevando las 16 órdenes de siomai a la habitación de la novia para asegurarse de que la comida está realmente destinada a los huéspedes del hotel.	masculine	Der Wachmann begleitete die Koordinatorin, die die 16 Befehle von siomai ins Zimmer der Braut trug, um sicherzustellen, dass das Essen wirklich für Hotelgäste bestimmt ist.	feminine	El guardia de seguridad acompañó a la coordinadora llevando las 16 órdenes de siomai a la habitación de la novia para asegurarse de que la comida está realmente destinada a los huéspedes del hotel.	feminine
845	1870	singer	But im a singer and I find myself physically not being able to produce sound.	LLM_female_list	C4	Aber im eine Sängerin und ich finden mich physisch nicht in der Lage, Sound zu produzieren.	feminine	Pero soy cantante y me encuentro físicamente incapaz de producir sonido.	neutral	Aber im ein Sänger und ich finden mich physisch nicht in der Lage, Sound zu produzieren.	masculine	Pero soy cantante y me encuentro físicamente incapaz de producir sonido.	neutral
846	3625	opponent	I' m not having my time wasted by some half- ass, fishcake opponent today.	male_embedding_list	OpenSubtitles	Ich lasse meine Zeit nicht von einem Halbarsch verschwendet werden, Fischkuchengegner heute.	masculine	No voy a perder mi tiempo por algún medio culo, oponente de pastel de pescado hoy.	masculine	Ich lasse meine Zeit nicht von einem Halbarsch verschwendet werden, Fischkuchengegnerin heute.	feminine	No voy a perder mi tiempo por algún medio culo, oponente de pastel de pescado hoy.	feminine
847	597	nanny	I was a nanny for 2 children until they started school all day.	female_embedding_list	C4	Ich war ein Kindermädchen für 2 Kinder, bis sie den ganzen Tag in die Schule gingen.	feminine	Fui niñera de dos niños hasta que empezaron la escuela todo el día.	feminine	Ich war ein Kinderbetreuer für 2 Kinder, bis sie den ganzen Tag in die Schule gingen.	masculine	Fui niñero de dos niños hasta que empezaron la escuela todo el día.	masculine
848	3678	lawyer	Why have the interviews at CREEP always been conducted...... within the presence of the lawyer who works for CREEP?	male_embedding_list	OpenSubtitles	Warum wurden die Interviews bei CREEP immer in Anwesenheit des Anwalts geführt, der für CREEP arbeitet?	masculine	¿Por qué las entrevistas en el CREEP siempre se han llevado a cabo... en presencia del abogado que trabaja para el CREEP?	masculine	Warum wurden die Interviews bei CREEP immer in Anwesenheit der Anwältin geführt, die für CREEP arbeitet?	feminine	¿Por qué las entrevistas en el CREEP siempre se han llevado a cabo... en presencia de la abogada que trabaja para el CREEP?	feminine
849	3428	warrior	Sounds like he wanted to turn you into some kind of a warrior.	male_embedding_list	OpenSubtitles	Klingt, als wollte er dich in eine Art Krieger verwandeln.	masculine	Parece que quería convertirte en una especie de guerrero.	masculine	Klingt, als wollte er dich in eine Art Kriegerin verwandeln.	feminine	Parece que quería convertirte en una especie de guerrera.	feminine
850	3937	editor	Your editor phoned me... to respond to allegations you' re about to print... concerning police involvement in narcotics dealings.	female_embedding_list	OpenSubtitles	Ihr Redakteur rief mich an, um auf Anschuldigungen zu antworten, die Sie über die Beteiligung der Polizei am Drogenhandel abdrucken werden.	masculine	Su editor me llamó... para responder a las acusaciones que está a punto de imprimir... sobre la participación de la policía en tráficos de narcóticos.	masculine	Ihre Redakteurin rief mich an, um auf Anschuldigungen zu antworten, die Sie über die Beteiligung der Polizei am Drogenhandel abdrucken werden.	feminine	Su editora me llamó... para responder a las acusaciones que está a punto de imprimir... sobre la participación de la policía en tráficos de narcóticos.	feminine
851	1043	associate	There is a natural tension between convenient and creepy — walk into a store and a sales associate I’ve never met greets me with “Hello Lucinda, welcome to our store,” and I’m likely to be put off.	LLM_neutral_list	C4	Es gibt eine natürliche Spannung zwischen bequem und gruselig — gehen Sie in einen Laden und ein Verkäufer associated I-Hallo Lucinda grüßt mich nie getroffen, willkommen in unserem Laden, und ich bin wahrscheinlich abgeschoben werden.	masculine	Hay una tensión natural entre lo conveniente y lo espeluznante: entrar en una tienda y un socio de ventas que nunca he conocido me saluda con “Hola Lucinda, bienvenido a nuestra tienda”, y es probable que me pospongan.	masculine	Es gibt eine natürliche Spannung zwischen bequem und gruselig — gehen Sie in einen Laden und eine Verkäuferin associated I-Hallo Lucinda grüßt mich nie getroffen, willkommen in unserem Laden, und ich bin wahrscheinlich abgeschoben werden.	feminine	Hay una tensión natural entre lo conveniente y lo espeluznante: entrar en una tienda y una socia de ventas que nunca he conocido me saluda con “Hola Lucinda, bienvenido a nuestra tienda”, y es probable que me pospongan.	feminine
852	3545	worker	A worker can' t do anything, except work.	LLM_neutral_list	OpenSubtitles	Ein Arbeiter kann nichts tun, außer Arbeit.	masculine	Un trabajador no puede hacer nada, excepto trabajar.	masculine	Eine Arbeiterin kann nichts tun, außer Arbeit.	feminine	Una trabajadora no puede hacer nada, excepto trabajar.	feminine
853	3861	clerk	They send that...... mail clerk down to jerk me off, waste my time.	female_embedding_list	OpenSubtitles	Sie schicken diese... Postangestellte runter, um mich zu verarschen, meine Zeit zu verschwenden.	feminine	Enviaron a ese...... empleado de correo para masturbarme, perder el tiempo.	masculine	Sie schicken diesen... Postangestellten runter, um mich zu verarschen, meine Zeit zu verschwenden.	masculine	Enviaron a esa...... empleada de correo para masturbarme, perder el tiempo.	feminine
854	1434	roommate	When you have the flu, does your roommate tell you to just get over it?	LLM_neutral_list	C4	Wenn du die Grippe hast, sagt dir dein Mitbewohner, du sollst einfach drüber hinwegkommen?	masculine	Cuando tienes gripe, ¿tu compañero de cuarto te dice que lo superes?	masculine	Wenn du die Grippe hast, sagt dir deine Mitbewohnerin, du sollst einfach drüber hinwegkommen?	feminine	Cuando tienes gripe, ¿tu compañera de cuarto te dice que lo superes?	feminine
855	3965	assistant	Class, can you tell our assistant the most important rule for this class?	female_embedding_list	OpenSubtitles	Klasse, kannst du unserem Assistenten die wichtigste Regel für diese Klasse sagen?	masculine	Clase, ¿puedes decirle a nuestro asistente la regla más importante para esta clase?	masculine	Klasse, kannst du unserer Assistentin die wichtigste Regel für diese Klasse sagen?	feminine	Clase, ¿puedes decirle a nuestra asistente la regla más importante para esta clase?	feminine
856	2141	occupant	That's because the heat is directed to you as the occupant of the room, versus convection heating that heats the air in the room, and relies on air circulation to heat people in the room.	LLM_neutral_list	C4	Das liegt daran, dass die Hitze auf Sie als Bewohner des Raumes gerichtet ist, gegen Konvektionsheizung, die die Luft im Raum erwärmt und auf Luftzirkulation angewiesen ist, um Menschen im Raum zu erwärmen.	masculine	Eso es porque el calor se dirige a usted como el ocupante de la habitación, frente a la calefacción por convección que calienta el aire en la habitación, y depende de la circulación de aire para calentar a la gente en la habitación.	masculine	Das liegt daran, dass die Hitze auf Sie als Bewohnerin des Raumes gerichtet ist, gegen Konvektionsheizung, die die Luft im Raum erwärmt und auf Luftzirkulation angewiesen ist, um Menschen im Raum zu erwärmen.	feminine	Eso es porque el calor se dirige a usted como la ocupante de la habitación, frente a la calefacción por convección que calienta el aire en la habitación, y depende de la circulación de aire para calentar a la gente en la habitación.	feminine
857	1038	officer	A top Tayside police officer has been accused of assaulting a child over a four-year period.	male_embedding_list	C4	Ein Top-Tayside-Polizeioffizier wurde beschuldigt, ein Kind über einen Zeitraum von vier Jahren angegriffen zu haben.	masculine	Un alto oficial de policía de Tayside ha sido acusado de agredir a un niño durante un período de cuatro años.	masculine	Eine Top-Tayside-Polizeioffizierin wurde beschuldigt, ein Kind über einen Zeitraum von vier Jahren angegriffen zu haben.	feminine	Una alta oficial de policía de Tayside ha sido acusada de agredir a un niño durante un período de cuatro años.	feminine
858	1079	partner	Heal your relationships with your parents, children, partner.	LLM_neutral_list	C4	Heilen Sie Ihre Beziehungen zu Ihren Eltern, Kindern, Partner.	masculine	Cura tus relaciones con tus padres, hijos, pareja.	neutral	Heilen Sie Ihre Beziehungen zu Ihren Eltern, Kindern, Partnerin.	feminine	Cura tus relaciones con tus padres, hijos, pareja.	neutral
859	1102	hairdresser	It always feels like such a luxury to be coiffured by a professional, and I hate drying my hair so I love getting my hair washed and dried by my hairdresser.	female_embedding_list	C4	Es fühlt sich immer an wie ein Luxus, von einem Profi gecoiffert zu werden, und ich hasse es, meine Haare zu trocknen, also liebe ich es, meine Haare von meinem Friseur gewaschen und getrocknet zu bekommen.	masculine	Siempre se siente como un lujo para ser coiffred por un profesional, y odio secar mi cabello así que me encanta conseguir mi cabello lavado y seco por mi peluquero.	masculine	Es fühlt sich immer an wie ein Luxus, von einem Profi gecoiffert zu werden, und ich hasse es, meine Haare zu trocknen, also liebe ich es, meine Haare von meiner Friseurin gewaschen und getrocknet zu bekommen.	feminine	Siempre se siente como un lujo para ser coiffred por un profesional, y odio secar mi cabello así que me encanta conseguir mi cabello lavado y seco por mi peluquera.	feminine
860	1389	friend	A friend of mine is considering an Art in the Park day, where we can all bring our extras to share and just spend a day creating.	LLM_neutral_list	C4	Ein Freund von mir erwägt eine Kunst im Park Tag, wo wir alle unsere Extras zu teilen und verbringen Sie einfach einen Tag zu schaffen.	masculine	Un amigo mío está considerando un día de Arte en el Parque, donde todos podemos traer nuestros extras para compartir y simplemente pasar un día creando.	masculine	Eine Freundin von mir erwägt eine Kunst im Park Tag, wo wir alle unsere Extras zu teilen und verbringen Sie einfach einen Tag zu schaffen.	feminine	Una amiga mía está considerando un día de Arte en el Parque, donde todos podemos traer nuestros extras para compartir y simplemente pasar un día creando.	feminine
861	2693	receptionist	Select the movie of his/her choice from our catalogue and let our receptionist or the stylist know which movie your child would like to watch while having the haircut.	female_embedding_list	C4	Wählen Sie den Film seiner/ihrer Wahl aus unserem Katalog und lassen Sie unseren Empfangsdamen oder den Stylisten wissen, welchen Film Ihr Kind während des Haarschnitts sehen möchte.	feminine	Seleccione la película de su elección en nuestro catálogo y deje que nuestra recepcionista o el estilista sepan qué película le gustaría ver a su hijo mientras se corta el pelo.	feminine	Wählen Sie den Film seiner/ihrer Wahl aus unserem Katalog und lassen Sie unseren Empfangsherren oder den Stylisten wissen, welchen Film Ihr Kind während des Haarschnitts sehen möchte.	masculine	Seleccione la película de su elección en nuestro catálogo y deje que nuestro recepcionista o el estilista sepan qué película le gustaría ver a su hijo mientras se corta el pelo.	masculine
862	3590	champion	I am, by the way, world champion.	male_embedding_list	OpenSubtitles	Ich bin übrigens Weltmeister.	masculine	Soy, por cierto, campeón del mundo.	masculine	Ich bin übrigens Weltmeisterin.	feminine	Soy, por cierto, campeona del mundo.	feminine
863	4246	manager	Yeah, well, being a manager, obviously, I know what you mean.	male_embedding_list	OpenSubtitles	Ja, nun, als Manager weiß ich natürlich, was du meinst.	masculine	Sí, bueno, siendo gerente, obviamente, sé a lo que te refieres.	neutral	Ja, nun, als Managerin weiß ich natürlich, was du meinst.	feminine	Sí, bueno, siendo gerente, obviamente, sé a lo que te refieres.	neutral
864	2616	gardener	She grew roses and tended them carefully (with the help of a once a week gardener).	LLM_female_list	C4	Sie wuchs Rosen an und pflegte sie sorgfältig (mit Hilfe eines einmal wöchentlichen Gärtners).	masculine	Creció rosas y las cuidó cuidadosamente (con la ayuda de un jardinero una vez a la semana).	masculine	Sie wuchs Rosen an und pflegte sie sorgfältig (mit Hilfe einer einmal wöchentlichen Gärtnerin).	feminine	Creció rosas y las cuidó cuidadosamente (con la ayuda de una jardinera una vez a la semana).	feminine
865	4264	citizen	Deep down under all that bullshit you' re still thinking like a second- class citizen, aren' t you?	LLM_neutral_list	OpenSubtitles	Tief unter all dem Mist, den du immer noch denkst, wie ein Bürger zweiter Klasse, nicht wahr?	masculine	En el fondo de toda esa mierda que sigues pensando como un ciudadano de segunda clase, ¿no?	masculine	Tief unter all dem Mist, den du immer noch denkst, wie eine Bürgerin zweiter Klasse, nicht wahr?	feminine	En el fondo de toda esa mierda que sigues pensando como una ciudadana de segunda clase, ¿no?	feminine
866	473	florist	At the end of the night, the florist began taking apart bouquets and arrangements and bundled them together as parting gifts for the guests.	LLM_female_list	C4	Am Ende der Nacht begann der Florist, die Blumensträuße und Arrangements auseinanderzunehmen und bündelte sie zusammen als Abschiedsgeschenke für die Gäste.	masculine	Al final de la noche, el florista empezó a desmontar ramos y arreglos y los empaquetó como regalos de despedida para los invitados.	masculine	Am Ende der Nacht begann die Floristin, die Blumensträuße und Arrangements auseinanderzunehmen und bündelte sie zusammen als Abschiedsgeschenke für die Gäste.	feminine	Al final de la noche, la florista empezó a desmontar ramos y arreglos y los empaquetó como regalos de despedida para los invitados.	feminine
867	517	lover	As a huge makeup lover and collector, I usually keep all my purchased mascaras in my collection, even though I might not be using them anymore (a bit excessive, I know).	female_embedding_list	C4	Als großer Make-up-Liebhaber und Sammler behalte ich in der Regel alle meine gekauften Mascaras in meiner Sammlung, auch wenn ich sie vielleicht nicht mehr benutze (ein bisschen übertrieben, ich weiß).	masculine	Como un gran amante del maquillaje y coleccionista, por lo general guardo todos mis rímeles comprados en mi colección, a pesar de que podría no estar usándolos más (un poco excesivo, lo sé).	masculine	Als große Make-up-Liebhaberin und Sammlerin behalte ich in der Regel alle meine gekauften Mascaras in meiner Sammlung, auch wenn ich sie vielleicht nicht mehr benutze (ein bisschen übertrieben, ich weiß).	feminine	Como una gran amante del maquillaje y coleccionista, por lo general guardo todos mis rímeles comprados en mi colección, a pesar de que podría no estar usándolos más (un poco excesivo, lo sé).	feminine
868	1429	electrician	Will definitely contact you when we need an electrician in the future!	LLM_male_list	C4	Wir werden Sie auf jeden Fall kontaktieren, wenn wir einen Elektriker in der Zukunft brauchen!	masculine	¡Definitivamente contactaremos contigo cuando necesitemos un electricista en el futuro!	masculine	Wir werden Sie auf jeden Fall kontaktieren, wenn wir eine Elektrikerin in der Zukunft brauchen!	feminine	¡Definitivamente contactaremos contigo cuando necesitemos una electricista en el futuro!	feminine
869	2071	coach	Goard’s upbringing was far from easy — spending time in a homeless shelter, attending eight schools in eight years and living in a coach’s garage to name a few — but he never lost focus of his goals.	male_embedding_list	C4	Goards Erziehung war alles andere als einfach — er verbrachte Zeit in einem Obdachlosenheim, besuchte acht Schulen in acht Jahren und lebte in einer Wagengarage, um einige zu nennen — aber er verlor nie den Fokus seiner Ziele.	neutral	La crianza de Goard estaba lejos de ser fácil — pasar tiempo en un refugio para personas sin hogar, asistir a ocho escuelas en ocho años y vivir en el garaje de un entrenador, por nombrar algunos — pero nunca perdió el foco de sus metas.	masculine	Goards Erziehung war alles andere als einfach — er verbrachte Zeit in einem Obdachlosenheim, besuchte acht Schulen in acht Jahren und lebte in einer Wagengarage, um einige zu nennen — aber er verlor nie den Fokus seiner Ziele.	neutral	La crianza de Goard estaba lejos de ser fácil — pasar tiempo en un refugio para personas sin hogar, asistir a ocho escuelas en ocho años y vivir en el garaje de una entrenadora, por nombrar algunos — pero nunca perdió el foco de sus metas.	feminine
870	2460	viewer	When you can incorporate texture on your pages, you draw your viewer in on another level.	LLM_neutral_list	C4	Wenn Sie Textur auf Ihren Seiten integrieren können, zeichnen Sie Ihren Betrachter auf einer anderen Ebene.	masculine	Cuando puedes incorporar textura en tus páginas, atraes a tu espectador en otro nivel.	masculine	Wenn Sie Textur auf Ihren Seiten integrieren können, zeichnen Sie Ihre Betrachterin auf einer anderen Ebene.	feminine	Cuando puedes incorporar textura en tus páginas, atraes a tu espectadora en otro nivel.	feminine
871	3628	champion	Their opponent tonight is none other than the world famous champion from nowhere.	male_embedding_list	OpenSubtitles	Ihr Gegner heute Abend ist kein anderer als der weltberühmte Champion aus dem Nichts.	masculine	Su oponente esta noche no es otro que el campeón mundialmente famoso de la nada.	masculine	Ihre Gegnerin heute Abend ist keine andere als die weltberühmte Champion aus dem Nichts.	feminine	Su oponente esta noche no es otra que la campeona mundialmente famosa de la nada.	feminine
872	119	photographer	The best thing about capturing small weddings such as Jihane & Rabih is that we are usually given the time to take off from the guests and to explore (or be led around by your photographer) some of the most beautiful locations in Prague.	LLM_male_list	C4	Das Beste daran, kleine Hochzeiten wie Jihane & Rabih einzufangen, ist, dass wir normalerweise die Zeit haben, von den Gästen abzuheben und einige der schönsten Orte in Prag zu erkunden (oder von Ihrem Fotografen herumgeführt zu werden).	masculine	Lo mejor de capturar pequeñas bodas como Jihane & Rabih es que por lo general se nos da el tiempo para despegar de los invitados y explorar (o ser guiados por su fotógrafo) algunos de los lugares más bellos de Praga.	masculine	Das Beste daran, kleine Hochzeiten wie Jihane & Rabih einzufangen, ist, dass wir normalerweise die Zeit haben, von den Gästen abzuheben und einige der schönsten Orte in Prag zu erkunden (oder von Ihrer Fotografin herumgeführt zu werden).	feminine	Lo mejor de capturar pequeñas bodas como Jihane & Rabih es que por lo general se nos da el tiempo para despegar de los invitados y explorar (o ser guiados por su fotógrafa) algunos de los lugares más bellos de Praga.	feminine
873	4481	governor	Coach McGinty wanted you with us for 5 weeks and the governor' s complied	male_embedding_list	OpenSubtitles	Coach McGinty wollte Sie 5 Wochen lang bei uns haben und der Gouverneur hat sich daran gehalten.	masculine	El entrenador McGinty te quería con nosotros durante 5 semanas y el gobernador cumplió	masculine	Coach McGinty wollte Sie 5 Wochen lang bei uns haben und die Gouverneurin hat sich daran gehalten.	feminine	El entrenador McGinty te quería con nosotros durante 5 semanas y la gobernadora cumplió	feminine
874	862	doctor	Blood Tests may also be helpful in determining the cause of shortness of breath, and your child’s doctor may also order a chest x-ray to confirm or rule out a Pneumothorax, Pulmonary Oedema, or Pneumonia.	LLM_male_list	C4	Bluttests können auch hilfreich sein, um die Ursache der Kurzatmigkeit zu bestimmen, und Ihr Arzt Ihres Kindes kann auch eine Röntgenaufnahme in der Brust anordnen, um einen Pneumothorax, Lungenödem oder Pneumonie zu bestätigen oder auszuschließen.	masculine	Los análisis de sangre también pueden ser útiles para determinar la causa de la falta de aliento, y el médico de su hijo también puede ordenar una radiografía de tórax para confirmar o descartar un neumotórax, edema pulmonar o neumonía.	masculine	Bluttests können auch hilfreich sein, um die Ursache der Kurzatmigkeit zu bestimmen, und Ihre Ärztin Ihres Kindes kann auch eine Röntgenaufnahme in der Brust anordnen, um einen Pneumothorax, Lungenödem oder Pneumonie zu bestätigen oder auszuschließen.	feminine	Los análisis de sangre también pueden ser útiles para determinar la causa de la falta de aliento, y la médica de su hijo también puede ordenar una radiografía de tórax para confirmar o descartar un neumotórax, edema pulmonar o neumonía.	feminine
875	3230	carpenter	I' d have to say you' re the worst carpenter I ever worked with in my entire life.	male_embedding_list	OpenSubtitles	Ich muss sagen, du bist der schlechteste Zimmermann, mit dem ich je gearbeitet habe.	masculine	Tengo que decir que eres el peor carpintero con el que he trabajado en toda mi vida.	masculine	Ich muss sagen, du bist die schlechteste Zimmerin, mit der ich je gearbeitet habe.	feminine	Tengo que decir que eres la peor carpintera con la que he trabajado en toda mi vida.	feminine
876	4778	farmer	I sold all six hogs to this Korean farmer last week, just to clear the place out.	male_embedding_list	OpenSubtitles	Ich habe letzte Woche alle sechs Schweine an diesen koreanischen Bauern verkauft, nur um den Laden zu räumen.	masculine	Vendí los seis cerdos a este granjero coreano la semana pasada, sólo para limpiar el lugar.	masculine	Ich habe letzte Woche alle sechs Schweine an diese koreanische Bäuerin verkauft, nur um den Laden zu räumen.	feminine	Vendí los seis cerdos a esta granjera coreana la semana pasada, sólo para limpiar el lugar.	feminine
877	1632	vegetarian	In the event you’re a vegetarian, would you think about it?	female_embedding_list	C4	Wenn Sie Vegetarier sind, würden Sie darüber nachdenken?	masculine	En el caso de que seas vegetariano, ¿lo pensarías?	masculine	Wenn Sie Vegetarierin sind, würden Sie darüber nachdenken?	feminine	En el caso de que seas vegetariana, ¿lo pensarías?	feminine
878	1270	skipper	The Pakistani skipper congratulated former cricketer Imran Khan on winning the 2018 general elections.	male_embedding_list	C4	Der pakistanische Skipper gratulierte dem ehemaligen Cricketspieler Imran Khan zum Sieg bei den Parlamentswahlen 2018.	masculine	El patrón paquistaní felicitó al ex jugador de cricket Imran Khan por ganar las elecciones generales de 2018.	masculine	Die pakistanische Skipperin gratulierte dem ehemaligen Cricketspieler Imran Khan zum Sieg bei den Parlamentswahlen 2018.	feminine	La patrona paquistaní felicitó al ex jugador de cricket Imran Khan por ganar las elecciones generales de 2018.	feminine
879	864	doctor	You will get all important information from your doctor during the consultation.	LLM_male_list	C4	Während der Konsultation erhalten Sie alle wichtigen Informationen von Ihrem Arzt.	masculine	Usted recibirá toda la información importante de su médico durante la consulta.	masculine	Während der Konsultation erhalten Sie alle wichtigen Informationen von Ihrer Ärztin.	feminine	Usted recibirá toda la información importante de su médica durante la consulta.	feminine
880	1337	boss	But I know, like, my boss kept asking me, "Yo, where's your state ID?	male_embedding_list	C4	Aber ich weiß, mein Boss fragte mich immer wieder: "Wo ist dein Staatsausweis?	neutral	Pero sé, como, que mi jefe me preguntaba: "Oye, ¿dónde está tu identificación estatal?	neutral	Aber ich weiß, meine Chefin fragte mich immer wieder: "Wo ist dein Staatsausweis?	neutral	Pero sé, como, que mi jefe me preguntaba: "Oye, ¿dónde está tu identificación estatal?	neutral
881	1838	attendant	As we pulled up I heard the parking attendant call my husband, "Pastor Ron"...oh man, how did we get here?	female_embedding_list	C4	Als wir hochkamen, hörte ich, wie der Parkwart meinen Mann "Pastor Ron" rief... oh Mann, wie sind wir hierher gekommen?	masculine	Cuando llegamos oí que el encargado del estacionamiento llamó a mi marido, "Pastor Ron"... oh hombre, ¿cómo llegamos aquí?	masculine	Als wir hochkamen, hörte ich, wie die Parkwartin meinen Mann "Pastor Ron" rief... oh Mann, wie sind wir hierher gekommen?	feminine	Cuando llegamos oí que la encargada del estacionamiento llamó a mi marido, "Pastor Ron"... oh hombre, ¿cómo llegamos aquí?	feminine
882	2957	driver	My dad said I was a very good driver but that I just got a bit distracted.	male_embedding_list	OpenSubtitles	Mein Dad sagte, ich sei ein sehr guter Fahrer, aber ich wurde nur etwas abgelenkt.	masculine	Mi padre dijo que era un muy buen conductor, pero que me distraje un poco.	masculine	Mein Dad sagte, ich sei eine sehr gute Fahrerin, aber ich wurde nur etwas abgelenkt.	feminine	Mi padre dijo que era una muy buena conductora, pero que me distraje un poco.	feminine
883	4314	adult	Now that you' re a young adult...... you' il need to learn societal dos...... and don' ts.	LLM_neutral_list	OpenSubtitles	Jetzt, wo du ein junger Erwachsener bist, musst du gesellschaftliche Dinge lernen.	masculine	Ahora que eres un adulto joven... necesitas aprender cosas sociales... y no lo hagas.	masculine	Jetzt, wo du eine junge Erwachsene bist, musst du gesellschaftliche Dinge lernen.	feminine	Ahora que eres una adulta joven... necesitas aprender cosas sociales... y no lo hagas.	feminine
884	547	terrorist	Posting “I’m the next Shahid” on a picture of a dead terrorist.	male_embedding_list	C4	Veröffentlichen des nächsten Shahid auf einem Bild eines toten Terroristen.	masculine	Publicando “Soy el próximo Shahid” en una foto de un terrorista muerto.	masculine	Veröffentlichen des nächsten Shahid auf einem Bild einer toten Terroristin.	feminine	Publicando “Soy el próximo Shahid” en una foto de una terrorista muerta.	feminine
885	345	seeker	One job seeker had been an ‘Execution Manager’, clearly confusing the (potentially violent) verb ‘to execute’ with an executive, a synonym for professional.	LLM_neutral_list	C4	Ein Arbeitssuchender war ein ‚Execution Manager‘ gewesen, der das (potenziell gewalttätige) Verb ‚Execution‘ mit einer Exekutive, einem Synonym für professionell, klar verwechselte.	masculine	Un aspirante había sido un ‘Administrador de Ejecución’, confundiendo claramente el verbo (potencialmente violento) ‘ejecutar’ con un ejecutivo, sinónimo de profesional.	masculine	Eine Arbeitssuchende war eine ‚Execution Managerin‘ gewesen, die das (potenziell gewalttätige) Verb ‚Execution‘ mit einer Exekutive, einem Synonym für professionell, klar verwechselte.	feminine	Una aspirante había sido un ‘Administrador de Ejecución’, confundiendo claramente el verbo (potencialmente violento) ‘ejecutar’ con un ejecutivo, sinónimo de profesional.	feminine
886	576	physician	In addition, we may use a sign-in sheet at the registration desk where you will be asked to sign your name and indicate your physician.	male_embedding_list	C4	Darüber hinaus können wir ein Anmeldeformular am Anmeldeschalter verwenden, wo Sie gebeten werden, Ihren Namen zu unterschreiben und Ihren Arzt anzugeben.	masculine	Además, podemos utilizar una hoja de registro en el mostrador de registro donde se le pedirá que firme su nombre e indique su médico.	masculine	Darüber hinaus können wir ein Anmeldeformular am Anmeldeschalter verwenden, wo Sie gebeten werden, Ihren Namen zu unterschreiben und Ihre Ärztin anzugeben.	feminine	Además, podemos utilizar una hoja de registro en el mostrador de registro donde se le pedirá que firme su nombre e indique su médica.	feminine
887	3158	chef	Don' t forget the name ofthe chef who fixed it for me.	LLM_female_list	OpenSubtitles	Vergessen Sie nicht den Namen des Küchenchefs, der ihn für mich repariert hat.	masculine	No olvides el nombre del chef que me lo arregló.	masculine	Vergessen Sie nicht den Namen der Küchenchefin, die ihn für mich repariert hat.	feminine	No olvides el nombre de la chef que me lo arregló.	feminine
888	1205	author	If the author is actually intended for a capstone project, you will be conducting the study, you usually frame might be suggested later.	female_embedding_list	C4	Wenn der Autor tatsächlich für ein Capstone-Projekt gedacht ist, werden Sie die Studie durchführen, Sie normalerweise Frame könnte später vorgeschlagen werden.	masculine	Si el autor está realmente destinado a un proyecto capstone, usted estará llevando a cabo el estudio, por lo general el marco podría ser sugerido más adelante.	masculine	Wenn die Autorin tatsächlich für ein Capstone-Projekt gedacht ist, werden Sie die Studie durchführen, Sie normalerweise Frame könnte später vorgeschlagen werden.	feminine	Si la autora está realmente destinada a un proyecto capstone, usted estará llevando a cabo el estudio, por lo general el marco podría ser sugerido más adelante.	feminine
889	1089	hairdresser	Hair is very powerful which is why we are so happy to have such a WONDERFUL hairdresser here at Bickford of Macomb.	female_embedding_list	C4	Das Haar ist sehr mächtig, weshalb wir so glücklich sind, einen solchen WONDERFUL Friseur hier in Bickford von Macomb zu haben.	masculine	El cabello es muy poderoso, por lo que estamos tan contentos de tener un peluquero tan maravilloso aquí en Bickford de Macomb.	masculine	Das Haar ist sehr mächtig, weshalb wir so glücklich sind, eine solche WONDERFUL Friseurin hier in Bickford von Macomb zu haben.	feminine	El cabello es muy poderoso, por lo que estamos tan contentos de tener una peluquera tan maravillosa aquí en Bickford de Macomb.	feminine
890	3178	controller	Maggie, I' d like you to meet our new assistant controller.	male_embedding_list	OpenSubtitles	Maggie, ich möchte Ihnen unsere neue Assistentin vorstellen.	feminine	Maggie, me gustaría que conocieras a nuestro nuevo controlador asistente.	masculine	Maggie, ich möchte Ihnen unseren neuen Assistenten vorstellen.	masculine	Maggie, me gustaría que conocieras a nuestra nueva controladora asistente.	feminine
891	4523	publisher	My publisher wants to schedule a book tour and I' m just confirming dates.	LLM_male_list	OpenSubtitles	Mein Verleger will eine Buchtour planen und ich bestätige nur Termine.	masculine	Mi editor quiere programar una gira de libros y sólo estoy confirmando fechas.	masculine	Meine Verlegerin will eine Buchtour planen und ich bestätige nur Termine.	feminine	Mi editora quiere programar una gira de libros y sólo estoy confirmando fechas.	feminine
892	1320	buddy	Ultimately, my exquisite buddy counseled me the query & solution with the aid of killexams.com.	male_embedding_list	C4	Letztlich hat mir mein exquisiter Kumpel die Abfrage & Lösung mit Hilfe von killexams.com beraten.	masculine	En última instancia, mi exquisito amigo me aconsejó la consulta y la solución con la ayuda de killexams.com.	masculine	Letztlich hat mir meine exquisite Kumpelin die Abfrage & Lösung mit Hilfe von killexams.com beraten.	feminine	En última instancia, mi exquisita amiga me aconsejó la consulta y la solución con la ayuda de killexams.com.	feminine
893	4528	publisher	A big publisher wanting to do a book on my models, inviting me to dinner... you' ve changed my life.	LLM_male_list	OpenSubtitles	Ein großer Verleger, der ein Buch über meine Models machen will, mich zum Essen einlädt... Du hast mein Leben verändert.	masculine	Un gran editor queriendo hacer un libro sobre mis modelos, invitándome a cenar... has cambiado mi vida.	masculine	Eine große Verlegerin, die ein Buch über meine Models machen will, mich zum Essen einlädt... Du hast mein Leben verändert.	feminine	Una gran editora queriendo hacer un libro sobre mis modelos, invitándome a cenar... has cambiado mi vida.	feminine
894	2529	dealer	After having to be forced to mutilate a rival drug dealer for his boss Angelo, Bo is determined to get out of the drug game and provide a decent life for him and his younger sister outside of Los Angeles.	male_embedding_list	C4	Nachdem Bo gezwungen werden muss, einen rivalisierenden Drogendealer für seinen Boss Angelo zu verstümmeln, ist er entschlossen, aus dem Drogenspiel auszusteigen und ihm und seiner jüngeren Schwester außerhalb von Los Angeles ein anständiges Leben zu bieten.	masculine	Después de tener que ser obligado a mutilar a un traficante de drogas rival para su jefe Angelo, Bo está decidido a salir del juego de la droga y proporcionar una vida decente para él y su hermana menor fuera de Los Ángeles.	masculine	Nachdem Bo gezwungen werden muss, eine rivalisierende Drogendealerin für seinen Boss Angelo zu verstümmeln, ist er entschlossen, aus dem Drogenspiel auszusteigen und ihm und seiner jüngeren Schwester außerhalb von Los Angeles ein anständiges Leben zu bieten.	feminine	Después de tener que ser obligado a mutilar a una traficante de drogas rival para su jefa Angelo, Bo está decidido a salir del juego de la droga y proporcionar una vida decente para él y su hermana menor fuera de Los Ángeles.	feminine
895	2592	observer	One clinician in the pair was designated as the primary interviewer for that particular patient and the other as the observer.	LLM_neutral_list	C4	Ein Kliniker im Paar wurde als primärer Interviewer für den jeweiligen Patienten und der andere als Beobachter bezeichnet.	masculine	Un médico de la pareja fue designado como el entrevistador principal para ese paciente en particular y el otro como el observador.	masculine	Ein Kliniker im Paar wurde als primärer Interviewer für den jeweiligen Patienten und der andere als Beobachterin bezeichnet.	feminine	Un médico de la pareja fue designado como el entrevistador principal para ese paciente en particular y la otra como la observadora.	feminine
896	1059	opponent	In 2018, the Mustangs finished second at the inaugural AVCA Small College National Championship, while they posted the first-ever win over a Division I opponent, topping Morehead State.	male_embedding_list	C4	Im Jahr 2018 belegten die Mustangs den zweiten Platz bei der ersten AVCA Small College National Championship, während sie den ersten Sieg über einen Gegner der Division I auf den Morehead State brachten.	masculine	En 2018, los Mustangs terminaron segundo en el Campeonato Nacional AVCA Small College inaugural, mientras que ganaron por primera vez sobre un oponente de la División I, superando a Morehead State.	masculine	Im Jahr 2018 belegten die Mustangs den zweiten Platz bei der ersten AVCA Small College National Championship, während sie den ersten Sieg über eine Gegnerin der Division I auf den Morehead State brachten.	feminine	En 2018, los Mustangs terminaron segundo en el Campeonato Nacional AVCA Small College inaugural, mientras que ganaron por primera vez sobre una oponente de la División I, superando a Morehead State.	feminine
897	4716	enemy	You have heard it said...... you shall love your neighbor and hate your enemy.	male_embedding_list	OpenSubtitles	Du hast gehört, dass es heißt... du sollst deinen Nächsten lieben und deinen Feind hassen.	masculine	Lo has oído decir...... Amarás a tu prójimo y odiarás a tu enemigo.	masculine	Du hast gehört, dass es heißt... du sollst deinen Nächsten lieben und deine Feindin hassen.	feminine	Lo has oído decir...... Amarás a tu prójimo y odiarás a tu enemiga.	feminine
898	1800	leader	But except for our weekly get together with our group leader , our lives were in our host family homes with our counterparts.	male_embedding_list	C4	Aber mit Ausnahme unserer wöchentlichen Treffen mit unserem Gruppenleiter, waren unsere Leben in unseren Gastfamilienhäusern mit unseren Kollegen.	masculine	Pero a excepción de nuestra reunión semanal con nuestro líder de grupo, nuestras vidas estaban en nuestras casas familiares de acogida con nuestros homólogos.	masculine	Aber mit Ausnahme unserer wöchentlichen Treffen mit unserer Gruppenleiterin, waren unsere Leben in unseren Gastfamilienhäusern mit unseren Kollegen.	feminine	Pero a excepción de nuestra reunión semanal con nuestra líder de grupo, nuestras vidas estaban en nuestras casas familiares de acogida con nuestros homólogos.	feminine
899	2487	dancer	Please contact us if you are a dancer under the age of 18 to find out more about our Winter Intensive program, or if you are unable to attend the allocated audition time.	female_embedding_list	C4	Bitte kontaktieren Sie uns, wenn Sie ein Tänzer unter 18 Jahren sind, um mehr über unser Winter Intensive Programm zu erfahren, oder wenn Sie nicht in der Lage sind, die zugewiesene Vorsprechenszeit zu besuchen.	masculine	Póngase en contacto con nosotros si es un bailarín menor de 18 años para obtener más información sobre nuestro programa Winter Intensive, o si no puede asistir al tiempo asignado para la audición.	masculine	Bitte kontaktieren Sie uns, wenn Sie eine Tänzerin unter 18 Jahren sind, um mehr über unser Winter Intensive Programm zu erfahren, oder wenn Sie nicht in der Lage sind, die zugewiesene Vorsprechenszeit zu besuchen.	feminine	Póngase en contacto con nosotros si es una bailarina menor de 18 años para obtener más información sobre nuestro programa Winter Intensive, o si no puede asistir al tiempo asignado para la audición.	feminine
900	1819	attendant	I was a flight attendant for 30 years and spent 3 decades of my life staying in various hotels in 60 countries worldwide.	female_embedding_list	C4	Ich war 30 Jahre lang Flugbegleiter und verbrachte drei Jahrzehnte meines Lebens in verschiedenen Hotels in 60 Ländern weltweit.	masculine	Fui azafata durante 30 años y pasé 3 décadas de mi vida alojado en varios hoteles en 60 países de todo el mundo.	feminine	Ich war 30 Jahre lang Flugbegleiterin und verbrachte drei Jahrzehnte meines Lebens in verschiedenen Hotels in 60 Ländern weltweit.	feminine	Fui azafato durante 30 años y pasé 3 décadas de mi vida alojado en varios hoteles en 60 países de todo el mundo.	masculine
901	129	photographer	I am a photographer for destinations and I like to make weddings in different places around the world.	LLM_male_list	C4	Ich bin Fotograf für Reiseziele und mache gerne Hochzeiten an verschiedenen Orten auf der ganzen Welt.	masculine	Soy fotógrafo de destinos y me gusta hacer bodas en diferentes lugares del mundo.	masculine	Ich bin Fotografin für Reiseziele und mache gerne Hochzeiten an verschiedenen Orten auf der ganzen Welt.	feminine	Soy fotógrafa de destinos y me gusta hacer bodas en diferentes lugares del mundo.	feminine
902	5013	lover	I hear it' s true, you got a lover.	female_embedding_list	OpenSubtitles	Ich höre, es ist wahr, du hast einen Liebhaber.	masculine	He oído que es verdad, tienes un amante.	masculine	Ich höre, es ist wahr, du hast eine Liebhaberin.	feminine	He oído que es verdad, tienes una amante.	feminine
903	4506	virgin	I' m tired of being the only virgin in the sophomore class at Manchester.	female_embedding_list	OpenSubtitles	Ich bin es leid, die einzige Jungfrau in der Sophomore-Klasse in Manchester zu sein.	feminine	Estoy cansado de ser la única virgen en la clase de segundo año en Manchester.	neutral	Ich bin es leid, die einzige Jungfrau in der Sophomore-Klasse in Manchester zu sein.	masculine	Estoy cansado de ser el único virgen en la clase de segundo año en Manchester.	neutral
904	3841	expert	If waiting tables in a bar don' t make you...... an expert on human nature, nothin 'will.	LLM_neutral_list	OpenSubtitles	Wenn Wartetische in einer Bar dich nicht zu einem Experten für die menschliche Natur machen, dann nichts.	masculine	Si servir mesas en un bar no te convierte en un experto en naturaleza humana, nada lo hará.	masculine	Wenn Wartetische in einer Bar dich nicht zu einer Expertin für die menschliche Natur machen, dann nichts.	feminine	Si servir mesas en un bar no te convierte en una experta en naturaleza humana, nada lo hará.	feminine
905	1618	developer	For you as a developer, this allows your users to link multiple social accounts easily.	male_embedding_list	C4	Für Sie als Entwickler ermöglicht dies Ihren Benutzern, mehrere soziale Konten leicht zu verknüpfen.	masculine	Para usted como desarrollador, esto permite a sus usuarios vincular varias cuentas sociales fácilmente.	masculine	Für Sie als Entwicklerin ermöglicht dies Ihren Benutzern, mehrere soziale Konten leicht zu verknüpfen.	feminine	Para usted como desarrolladora, esto permite a sus usuarios vincular varias cuentas sociales fácilmente.	feminine
906	4150	officer	You and your first officer are to beam down to my co- ordinates.	male_embedding_list	OpenSubtitles	Sie und Ihr erster Offizier beamen zu meinen Koordinaten.	masculine	Usted y su primer oficial se trasladarán a mis coordenadas.	masculine	Sie und Ihre erste Offizierin beamen zu meinen Koordinaten.	feminine	Usted y su primera oficial se trasladarán a mis coordenadas.	feminine
907	1788	captain	The captain stays on the boat while you go ashore.	male_embedding_list	C4	Der Kapitän bleibt auf dem Boot, während Sie an Land gehen.	masculine	El capitán se queda en el barco mientras usted va a tierra.	masculine	Die Kapitänin bleibt auf dem Boot, während Sie an Land gehen.	feminine	La capitana se queda en el barco mientras usted va a tierra.	feminine
908	2199	teacher	One student, who never would have accomplished much if it weren’t for the patience and very direct support of the special ed teacher, was surprised to receive a Perseverance award.	female_embedding_list	C4	Ein Schüler, der nie viel erreicht hätte, wenn es nicht um die Geduld und die sehr direkte Unterstützung des Lehrers gewesen wäre, war überrascht, einen Beharrlichkeitspreis zu erhalten.	masculine	Un estudiante, que nunca habría logrado mucho si no fuera por la paciencia y el apoyo muy directo del maestro de educación especial, se sorprendió al recibir un premio Perseverancia.	masculine	Ein Schüler, der nie viel erreicht hätte, wenn es nicht um die Geduld und die sehr direkte Unterstützung der Lehrerin gewesen wäre, war überrascht, einen Beharrlichkeitspreis zu erhalten.	feminine	Un estudiante, que nunca habría logrado mucho si no fuera por la paciencia y el apoyo muy directo de la maestra de educación especial, se sorprendió al recibir un premio Perseverancia.	feminine
909	2480	dancer	The song is about Ryan Ross meeting a background dancer and falling in love.	female_embedding_list	C4	Der Song handelt davon, dass Ryan Ross einen Hintergrundtänzer trifft und sich verliebt.	masculine	La canción es sobre Ryan Ross conociendo a un bailarín de fondo y enamorándose.	masculine	Der Song handelt davon, dass Ryan Ross eine Hintergrundtänzerin trifft und sich verliebt.	feminine	La canción es sobre Ryan Ross conociendo a una bailarina de fondo y enamorándose.	feminine
910	3984	coach	I just -- I just need some help and you' re such a great coach.	male_embedding_list	OpenSubtitles	Ich brauche nur Hilfe und du bist so ein toller Trainer.	masculine	Solo... solo necesito ayuda y eres un gran entrenador.	masculine	Ich brauche nur Hilfe und du bist so eine tolle Trainerin.	feminine	Solo... solo necesito ayuda y eres una gran entrenadora.	feminine
911	724	fighter	A fighter using a loudspeaker urged the people to join the militant group "to liberate Baghdad and Jerusalem."	male_embedding_list	C4	Ein Kämpfer, der einen Lautsprecher benutzte, drängte das Volk, sich der militanten Gruppe anzuschließen, "um Bagdad und Jerusalem zu befreien".	masculine	Un luchador con altavoces instó al pueblo a unirse al grupo militante "para liberar Bagdad y Jerusalén".	masculine	Eine Kämpferin, die einen Lautsprecher benutzte, drängte das Volk, sich der militanten Gruppe anzuschließen, "um Bagdad und Jerusalem zu befreien".	feminine	Una luchadora con altavoces instó al pueblo a unirse al grupo militante "para liberar Bagdad y Jerusalén".	feminine
912	4485	governor	You see, the governor lets Sykes get his Racing Times... and other papers special delivery.	male_embedding_list	OpenSubtitles	Sehen Sie, der Gouverneur lässt Sykes seine Racing Times und andere Papiere extra liefern.	masculine	Verá, el gobernador deja que Sykes consiga su Racing Times... y otros papeles especiales.	masculine	Sehen Sie, die Gouverneurin lässt Sykes seine Racing Times und andere Papiere extra liefern.	feminine	Verá, la gobernadora deja que Sykes consiga su Racing Times... y otros papeles especiales.	feminine
913	3630	opponent	What my unworthy opponent fails to realize is Sir Edgar has done a fantastic job.	male_embedding_list	OpenSubtitles	Was mein unwürdiger Gegner nicht erkennt, ist, dass Sir Edgar eine fantastische Arbeit geleistet hat.	masculine	Lo que mi indigno oponente no se da cuenta es que Sir Edgar ha hecho un trabajo fantástico.	masculine	Was meine unwürdige Gegnerin nicht erkennt, ist, dass Sir Edgar eine fantastische Arbeit geleistet hat.	feminine	Lo que mi indigna oponente no se da cuenta es que Sir Edgar ha hecho un trabajo fantástico.	feminine
914	3570	fighter	If I can have the fighter back a minute here, Reverend.	male_embedding_list	OpenSubtitles	Wenn ich den Kämpfer kurz hier haben kann, Reverend.	masculine	Si puedo tener al luchador de vuelta un minuto aquí, Reverendo.	masculine	Wenn ich die Kämpferin kurz hier haben kann, Reverend.	feminine	Si puedo tener a la luchadora de vuelta un minuto aquí, Reverendo.	feminine
915	1915	supporter	I had assumed that you were a Trump supporter because of the Mar-a-Lago reference.	male_embedding_list	C4	Ich hatte angenommen, dass Sie ein Trump-Unterstützer wegen der Mar-a-Lago-Referenz waren.	masculine	Yo había asumido que usted era un partidario de Trump debido a la referencia de Mar-a-Lago.	masculine	Ich hatte angenommen, dass Sie eine Trump-Unterstützerin wegen der Mar-a-Lago-Referenz waren.	feminine	Yo había asumido que usted era una partidaria de Trump debido a la referencia de Mar-a-Lago.	feminine
916	519	lover	If you're a peanut butter lover, you'll love these.	female_embedding_list	C4	Wenn du Erdnussbutter-Liebhaber bist, wirst du die lieben.	masculine	Si eres amante de la mantequilla de maní, te encantarán.	neutral	Wenn du Erdnussbutter-Liebhaberin bist, wirst du die lieben.	feminine	Si eres amante de la mantequilla de maní, te encantarán.	neutral
917	4196	chief	Well, better go check in with the chief.	male_embedding_list	OpenSubtitles	Gehen Sie besser zu dem Chief.	masculine	Bueno, mejor ve a ver al jefe.	masculine	Gehen Sie besser zu der Chief.	feminine	Bueno, mejor ve a ver a la jefe.	feminine
918	2523	dealer	For a full description of all warranties applicable to this product, please see your local Amana brand dealer or click on the consumer brochure and product warranty links above.	male_embedding_list	C4	Für eine vollständige Beschreibung aller Garantien, die für dieses Produkt gelten, sehen Sie bitte Ihren lokalen Amana Markenhändler oder klicken Sie auf die Consumer-Broschüre und Produktgarantie Links oben.	masculine	Para una descripción completa de todas las garantías aplicables a este producto, por favor consulte su distribuidor local de la marca Amana o haga clic en el folleto del consumidor y enlaces de garantía del producto arriba.	masculine	Für eine vollständige Beschreibung aller Garantien, die für dieses Produkt gelten, sehen Sie bitte Ihre lokale Amana Markenhändlerin oder klicken Sie auf die Consumer-Broschüre und Produktgarantie Links oben.	feminine	Para una descripción completa de todas las garantías aplicables a este producto, por favor consulte su distribuidora local de la marca Amana o haga clic en el folleto del consumidor y enlaces de garantía del producto arriba.	feminine
919	916	neighbor	Therefore, my desire is to honor God, exalt Jesus Christ, and seek the best for my neighbor.	LLM_neutral_list	C4	Deshalb ist es mein Wunsch, Gott zu ehren, Jesus Christus zu erhöhen und das Beste für meinen Nächsten zu suchen.	masculine	Por lo tanto, mi deseo es honrar a Dios, exaltar a Jesucristo, y buscar lo mejor para mi prójimo.	masculine	Deshalb ist es mein Wunsch, Gott zu ehren, Jesus Christus zu erhöhen und das Beste für meine Nächste zu suchen.	feminine	Por lo tanto, mi deseo es honrar a Dios, exaltar a Jesucristo, y buscar lo mejor para mi prójima.	feminine
920	3736	doctor	The doctor says we got to get this fellow to the hospital right away.	LLM_male_list	OpenSubtitles	Der Arzt sagt, wir müssen ihn sofort ins Krankenhaus bringen.	masculine	El doctor dice que tenemos que llevar a este tipo al hospital de inmediato.	masculine	Die Ärztin sagt, wir müssen ihn sofort ins Krankenhaus bringen.	feminine	La doctora dice que tenemos que llevar a este tipo al hospital de inmediato.	feminine
921	468	scientist	I am sure that my current position as a scientist is thanks to a million little interactions like this one.	LLM_male_list	C4	Ich bin sicher, dass meine derzeitige Position als Wissenschaftler dank einer Million kleiner Interaktionen wie dieser ist.	masculine	Estoy seguro de que mi posición actual como científico es gracias a un millón de pequeñas interacciones como esta.	masculine	Ich bin sicher, dass meine derzeitige Position als Wissenschaftlerin dank einer Million kleiner Interaktionen wie dieser ist.	feminine	Estoy segura de que mi posición actual como científica es gracias a un millón de pequeñas interacciones como esta.	feminine
922	4940	customer	Well, then I' m afraid I' m gonna have to take the next customer then, so if you could just move aside.	LLM_neutral_list	OpenSubtitles	Nun, dann fürchte ich, dass ich den nächsten Kunden mitnehmen muss, also wenn du einfach beiseite gehen könntest.	masculine	Bueno, entonces me temo que voy a tener que tomar el próximo cliente entonces, así que si pudieras moverte a un lado.	masculine	Nun, dann fürchte ich, dass ich die nächste Kundin mitnehmen muss, also wenn du einfach beiseite gehen könntest.	feminine	Bueno, entonces me temo que voy a tener que tomar la próxima cliente entonces, así que si pudieras moverte a un lado.	feminine
923	2734	baker	Chris–It’s pretty simple, trust me, as I’m not much of a baker either.	female_embedding_list	C4	Chris – Es ist ziemlich einfach, vertrauen Sie mir, wie ich bin nicht viel von einem Bäcker auch.	masculine	Chris–Es bastante simple, créeme, ya que tampoco soy muy panadero.	masculine	Chris – Es ist ziemlich einfach, vertrauen Sie mir, wie ich bin nicht viel von einer Bäckerin auch.	feminine	Chris–Es bastante simple, créeme, ya que tampoco soy muy panadera.	feminine
924	124	photographer	How many times have you as a photographer craved to see photographs that are so good that they blow your mind?	LLM_male_list	C4	Wie oft haben Sie als Fotograf Lust auf Fotos, die so gut sind, dass sie Ihnen den Kopf blasen zu sehen?	masculine	¿Cuántas veces has anhelado como fotógrafo ver fotografías tan buenas que te hacen volar la cabeza?	masculine	Wie oft haben Sie als Fotografin Lust auf Fotos, die so gut sind, dass sie Ihnen den Kopf blasen zu sehen?	feminine	¿Cuántas veces has anhelado como fotógrafa ver fotografías tan buenas que te hacen volar la cabeza?	feminine
925	1927	supporter	I'd like to offer you the opportunity to send me feedback on my articles before they're published, and to have your name listed on my site as a supporter.	male_embedding_list	C4	Ich möchte Ihnen die Möglichkeit bieten, mir Feedback zu meinen Artikeln zu schicken, bevor sie veröffentlicht werden, und Ihren Namen auf meiner Website als Unterstützer auflisten zu lassen.	masculine	Me gustaría ofrecerle la oportunidad de enviarme comentarios sobre mis artículos antes de que sean publicados, y de tener su nombre listado en mi sitio como un partidario.	masculine	Ich möchte Ihnen die Möglichkeit bieten, mir Feedback zu meinen Artikeln zu schicken, bevor sie veröffentlicht werden, und Ihren Namen auf meiner Website als Unterstützerin auflisten zu lassen.	feminine	Me gustaría ofrecerle la oportunidad de enviarme comentarios sobre mis artículos antes de que sean publicados, y de tener su nombre listado en mi sitio como una partidaria.	feminine
926	4009	companion	You speak the truth, my faithful lndian companion.	LLM_neutral_list	OpenSubtitles	Du sprichst die Wahrheit, mein treuer lndianischer Gefährte.	masculine	Usted dice la verdad, mi fiel compañero indio.	masculine	Du sprichst die Wahrheit, meine treue lndianische Gefährtin.	feminine	Usted dice la verdad, mi fiel compañera india.	feminine
927	3134	friend	I should never take side against you, Miss Woodhouse, but your friend is right.	LLM_neutral_list	OpenSubtitles	Ich sollte mich nie gegen Sie stellen, Miss Woodhouse, aber Ihr Freund hat Recht.	masculine	Nunca debería ponerme del lado de usted, Srta. Woodhouse, pero su amigo tiene razón.	masculine	Ich sollte mich nie gegen Sie stellen, Miss Woodhouse, aber Ihre Freundin hat Recht.	feminine	Nunca debería ponerme del lado de usted, Srta. Woodhouse, pero su amiga tiene razón.	feminine
928	2931	neighbor	Your plan is you' il murder our neighbor?	LLM_neutral_list	OpenSubtitles	Dein Plan ist, dass du unseren Nachbarn umbringst?	masculine	¿Tu plan es asesinar a nuestro vecino?	masculine	Dein Plan ist, dass du unsere Nachbarin umbringst?	feminine	¿Tu plan es asesinar a nuestra vecina?	feminine
929	1130	nomad	Nights spent in traditional-style Bedouin tents under the clear desert sky only enhance your jaunt as a nomad.	LLM_neutral_list	C4	Nächte in traditionellen Beduinen-Zelte unter dem klaren Wüstenhimmel verbringen nur verbessern Sie Ihre Abstecher als Nomaden.	masculine	Las noches que pasas en tiendas beduinas de estilo tradicional bajo el cielo del desierto claro sólo realzan tu paseo como nómada.	neutral	Nächte in traditionellen Beduinen-Zelte unter dem klaren Wüstenhimmel verbringen nur verbessern Sie Ihre Abstecher als Nomadin.	feminine	Las noches que pasas en tiendas beduinas de estilo tradicional bajo el cielo del desierto claro sólo realzan tu paseo como nómada.	neutral
930	2672	passenger	Tell your passenger to pick a door to wait by.	LLM_neutral_list	C4	Sag deinem Passagier, er soll sich eine Tür aussuchen.	masculine	Dile a tu pasajero que escoja una puerta para esperar.	masculine	Sag deiner Passagierin, sie soll sich eine Tür aussuchen.	feminine	Dile a tu pasajera que escoja una puerta para esperar.	feminine
931	3670	nurse	I got it from the nurse, a cigarette for you.	female_embedding_list	OpenSubtitles	Ich habe es von der Krankenschwester, eine Zigarette für dich.	feminine	Lo conseguí de la enfermera, un cigarrillo para ti.	feminine	Ich habe es von dem Krankenpfleger, eine Zigarette für dich.	masculine	Lo conseguí del enfermero, un cigarrillo para ti.	masculine
932	1584	hairstylist	Your hairstylist can simply slide or pin into place.	LLM_female_list	C4	Ihr Friseur kann einfach in Position schieben oder pin.	masculine	Su estilista puede simplemente deslizarse o alfiler en su lugar.	neutral	Ihre Friseurin kann einfach in Position schieben oder pin.	feminine	Su estilista puede simplemente deslizarse o alfiler en su lugar.	neutral
933	3167	chef	Here you are, the chef made this special for you.	LLM_female_list	OpenSubtitles	Hier sind Sie, der Küchenchef hat das speziell für Sie gemacht.	masculine	Aquí tienes, el chef hizo esto especial para ti.	masculine	Hier sind Sie, die Küchenchefin hat das speziell für Sie gemacht.	feminine	Aquí tienes, la chef hizo esto especial para ti.	feminine
934	4096	director	His spit was found in the dead director' s eye.	LLM_male_list	OpenSubtitles	Seine Spucke wurde im Auge des toten Regisseurs gefunden.	masculine	Su saliva fue encontrada en el ojo del director muerto.	masculine	Seine Spucke wurde im Auge der toten Regisseurin gefunden.	feminine	Su saliva fue encontrada en el ojo de la directora muerta.	feminine
935	2904	amateur	Whether you are an amateur or a professional gardener, we aim to provide you some of the best resources, best places to buy exotic plants online as well as where the best places around the country to buy the more tropical and exotic plants.	female_embedding_list	C4	Egal, ob Sie ein Amateur oder ein professioneller Gärtner sind, wir wollen Ihnen einige der besten Ressourcen bieten, beste Orte, um exotische Pflanzen online zu kaufen und wo die besten Orte im ganzen Land, um die tropischen und exotischen Pflanzen zu kaufen.	masculine	Ya sea que usted sea un aficionado o un jardinero profesional, nuestro objetivo es proporcionarle algunos de los mejores recursos, mejores lugares para comprar plantas exóticas en línea, así como donde los mejores lugares de todo el país para comprar las plantas más tropicales y exóticas.	masculine	Egal, ob Sie eine Amateurin oder eine professionelle Gärtnerin sind, wir wollen Ihnen einige der besten Ressourcen bieten, beste Orte, um exotische Pflanzen online zu kaufen und wo die besten Orte im ganzen Land, um die tropischen und exotischen Pflanzen zu kaufen.	feminine	Ya sea que usted sea una aficionada o un jardinero profesional, nuestro objetivo es proporcionarle algunos de los mejores recursos, mejores lugares para comprar plantas exóticas en línea, así como donde los mejores lugares de todo el país para comprar las plantas más tropicales y exóticas.	feminine
936	4048	pilot	She wants to know, "Did someone arrest the pilot?"	male_embedding_list	OpenSubtitles	Sie will wissen: "Hat jemand den Piloten verhaftet?"	masculine	Ella quiere saber, "¿Alguien arrestó al piloto?"	masculine	Sie will wissen: "Hat jemand die Pilotin verhaftet?"	feminine	Ella quiere saber, "¿Alguien arrestó a la piloto?"	feminine
937	498	lover	The runner and nature lover in me was spoilt for choices as I looked at the images of some of the trail runs.	female_embedding_list	C4	Der Läufer und Naturliebhaber in mir war verwöhnt nach Entscheidungen, als ich mir die Bilder von einigen der Trailruns ansah.	masculine	El corredor y amante de la naturaleza en mí estaba estropeado por las opciones mientras miraba las imágenes de algunas de las carreras del sendero.	masculine	Die Läuferin und Naturliebhaberin in mir war verwöhnt nach Entscheidungen, als ich mir die Bilder von einigen der Trailruns ansah.	feminine	La corredora y amante de la naturaleza en mí estaba estropeada por las opciones mientras miraba las imágenes de algunas de las carreras del sendero.	feminine
938	488	florist	I cannot take responsibility for any damage rendered to the cake caused by a floral arrangement that was implemented by your florist.	LLM_female_list	C4	Ich kann nicht die Verantwortung für jeden Schaden übernehmen, der dem Kuchen durch ein Blumenarrangement entstanden ist, das von Ihrem Floristen umgesetzt wurde.	masculine	No puedo asumir la responsabilidad de ningún daño dado al pastel causado por un arreglo floral que fue implementado por su florista.	neutral	Ich kann nicht die Verantwortung für jeden Schaden übernehmen, der dem Kuchen durch ein Blumenarrangement entstanden ist, das von Ihrer Floristin umgesetzt wurde.	feminine	No puedo asumir la responsabilidad de ningún daño dado al pastel causado por un arreglo floral que fue implementado por su florista.	neutral
939	1324	buddy	Just simply because your buddy or spouse owns a digital digital camera, doesn’t mean that it’s the right photo for you and your company.	male_embedding_list	C4	Nur weil Ihr Kumpel oder Ehepartner eine digitale Digitalkamera besitzt, bedeutet das nicht, dass es das richtige Foto für Sie und Ihr Unternehmen ist.	masculine	Simplemente porque su amigo o cónyuge posee una cámara digital, no significa que sea la foto adecuada para usted y su empresa.	masculine	Nur weil Ihre Kumpelin oder Ehepartner eine digitale Digitalkamera besitzt, bedeutet das nicht, dass es das richtige Foto für Sie und Ihr Unternehmen ist.	feminine	Simplemente porque su amiga o cónyuge posee una cámara digital, no significa que sea la foto adecuada para usted y su empresa.	feminine
940	3256	psychologist	We' ve tried to get Seth and Zoe to talk to the psychologist, but they won' t.	LLM_female_list	OpenSubtitles	Wir haben versucht, Seth und Zoe dazu zu bringen, mit dem Psychologen zu reden, aber das werden sie nicht.	masculine	Hemos intentado que Seth y Zoe hablen con el psicólogo, pero no lo harán.	masculine	Wir haben versucht, Seth und Zoe dazu zu bringen, mit der Psychologin zu reden, aber das werden sie nicht.	feminine	Hemos intentado que Seth y Zoe hablen con la psicóloga, pero no lo harán.	feminine
941	1514	blogger	Before I was a blogger, I worked at a wedding magazine in Melbourne and I absolutely loved it.	female_embedding_list	C4	Bevor ich Blogger war, arbeitete ich in einem Hochzeitsmagazin in Melbourne und ich liebte es absolut.	masculine	Antes de ser blogger, trabajaba en una revista de bodas en Melbourne y me encantó.	neutral	Bevor ich Bloggerin war, arbeitete ich in einem Hochzeitsmagazin in Melbourne und ich liebte es absolut.	feminine	Antes de ser blogger, trabajaba en una revista de bodas en Melbourne y me encantó.	neutral
942	2552	assistant	Alberto spoke good English and was able to deal with our enquiries, and an assistant rang ahead to reserve places at the Rifugio Pastore.	female_embedding_list	C4	Alberto sprach gut Englisch und konnte mit unseren Anfragen umgehen, und ein Assistent klingelte voraus, um Plätze im Rifugio Pastore zu reservieren.	masculine	Alberto hablaba bien inglés y pudo atender nuestras preguntas, y un asistente llamó para reservar lugares en el Rifugio Pastore.	masculine	Alberto sprach gut Englisch und konnte mit unseren Anfragen umgehen, und eine Assistentin klingelte voraus, um Plätze im Rifugio Pastore zu reservieren.	feminine	Alberto hablaba bien inglés y pudo atender nuestras preguntas, y una asistenta llamó para reservar lugares en el Rifugio Pastore.	feminine
943	3053	buddy	We' ve been right here all along, old buddy.	male_embedding_list	OpenSubtitles	Wir waren die ganze Zeit hier, alter Kumpel.	masculine	Hemos estado aquí todo el tiempo, viejo amigo.	masculine	Wir waren die ganze Zeit hier, alte Kumpelin.	feminine	Hemos estado aquí todo el tiempo, vieja amiga.	feminine
944	1710	activist	The final version is expected to explore a new story angle involving an additional citizen activist.	LLM_neutral_list	C4	Die endgültige Version soll einen neuen Handlungswinkel mit einem weiteren Bürgeraktivisten erkunden.	masculine	Se espera que la versión final explore un nuevo ángulo de la historia que involucre a un activista ciudadano adicional.	masculine	Die endgültige Version soll einen neuen Handlungswinkel mit einer weiteren Bürgeraktivistin erkunden.	feminine	Se espera que la versión final explore un nuevo ángulo de la historia que involucre a una activista ciudadana adicional.	feminine
945	2021	housekeeper	If it is the same chair, I remember them saying something about a housekeeper tripped and fell back into the chair and died not too long after.	female_embedding_list	C4	Wenn es der gleiche Stuhl ist, erinnere ich mich, dass sie etwas über eine Haushälterin sagten, stolperten und fielen zurück in den Stuhl und starb nicht zu lange danach.	feminine	Si es la misma silla, recuerdo que dijeron algo acerca de una ama de llaves tropezó y cayó de nuevo en la silla y murió no mucho después.	feminine	Wenn es der gleiche Stuhl ist, erinnere ich mich, dass sie etwas über einen Haushälter sagten, stolperten und fielen zurück in den Stuhl und starb nicht zu lange danach.	masculine	Si es la misma silla, recuerdo que dijeron algo acerca de un amo de llaves tropezó y cayó de nuevo en la silla y murió no mucho después.	masculine
946	4746	captain	You' il be dinin 'with the captain.	male_embedding_list	OpenSubtitles	Du bist Dinin mit dem Captain.	masculine	Usted va a cenar con el capitán.	masculine	Du bist Dinin mit der Captain.	feminine	Usted va a cenar con la capitana.	feminine
947	1753	consumer	The Helm may sound like a daunting product to use, but the company promises that it takes just 3 minutes to set up, and provides strong encryption that only you, the consumer, can decrypt.	female_embedding_list	C4	Der Helm klingt vielleicht wie ein erschreckendes Produkt zu verwenden, aber das Unternehmen verspricht, dass es nur 3 Minuten dauert, um einzurichten, und bietet starke Verschlüsselung, die nur Sie, der Verbraucher, entschlüsseln kann.	masculine	El Helm puede sonar como un producto desalentador para usar, pero la compañía promete que toma sólo 3 minutos para configurar, y proporciona un cifrado fuerte que sólo usted, el consumidor, puede descifrar.	masculine	Der Helm klingt vielleicht wie ein erschreckendes Produkt zu verwenden, aber das Unternehmen verspricht, dass es nur 3 Minuten dauert, um einzurichten, und bietet starke Verschlüsselung, die nur Sie, die Verbraucherin, entschlüsseln kann.	feminine	El Helm puede sonar como un producto desalentador para usar, pero la compañía promete que toma sólo 3 minutos para configurar, y proporciona un cifrado fuerte que sólo usted, la consumidora, puede descifrar.	feminine
948	2509	superior	When I tried escalating the issue to a superior I was denied every time.	male_embedding_list	C4	Als ich versuchte, das Problem einem Vorgesetzten zu eskalieren, wurde mir jedes Mal verwehrt.	masculine	Cuando traté de aumentar el tema a un superior me fue negado cada vez.	masculine	Als ich versuchte, das Problem einer Vorgesetzten zu eskalieren, wurde mir jedes Mal verwehrt.	feminine	Cuando traté de aumentar el tema a una superior me fue negado cada vez.	feminine
949	968	homemaker	It is extremely important that you are able to still be a homemaker for your children, and there is a lot that encompasses that.	female_embedding_list	C4	Es ist äußerst wichtig, dass Sie noch ein Hausfrau für Ihre Kinder sein können, und es gibt eine Menge, die das umfasst.	feminine	Es extremadamente importante que usted es capaz de seguir siendo una ama de casa para sus hijos, y hay mucho que abarca eso.	feminine	Es ist äußerst wichtig, dass Sie noch ein Hausmann für Ihre Kinder sein können, und es gibt eine Menge, die das umfasst.	masculine	Es extremadamente importante que usted es capaz de seguir siendo un amo de casa para sus hijos, y hay mucho que abarca eso.	masculine
950	1326	buddy	But when you think about it, your buddy, or…or somebody, the the mastermind behind all this, wanted my signature for a reason…in other words, to screw me.	male_embedding_list	C4	Aber wenn du darüber nachdenkst, dein Kumpel, oder... oder jemand, der Mastermind hinter all dem, wollte meine Unterschrift aus einem Grund... mit anderen Worten, mich ficken.	masculine	Pero cuando lo piensas, tu amigo, o... o alguien, el cerebro detrás de todo esto, quería mi firma por una razón... en otras palabras, para joderme.	masculine	Aber wenn du darüber nachdenkst, deine Kumpelin, oder... oder jemand, der Mastermind hinter all dem, wollte meine Unterschrift aus einem Grund... mit anderen Worten, mich ficken.	feminine	Pero cuando lo piensas, tu amiga, o... o alguien, el cerebro detrás de todo esto, quería mi firma por una razón... en otras palabras, para joderme.	feminine
951	4122	coordinator	I' m sending my fashion coordinator there to take you shopping.	female_embedding_list	OpenSubtitles	Ich schicke meinen Modekoordinator, um Sie zum Einkaufen zu bringen.	masculine	Enviaré a mi coordinador de moda para que te lleve de compras.	masculine	Ich schicke meine Modekoordinatorin, um Sie zum Einkaufen zu bringen.	feminine	Enviaré a mi coordinadora de moda para que te lleve de compras.	feminine
952	812	coordinator	My marketing coordinator’s #1 job in August is to find out who this year’s PTA President is and build a relationship with her.	female_embedding_list	C4	Mein Marketing-Koordinator #1 Job im August ist es, herauszufinden, wer in diesem Jahr ist PTA-Präsident und bauen eine Beziehung mit ihr.	masculine	El primer trabajo de mi coordinador de marketing en agosto es averiguar quién es la presidenta de PTA de este año y construir una relación con ella.	masculine	Mein Marketing-Koordinatorin #1 Job im August ist es, herauszufinden, wer in diesem Jahr ist PTA-Präsident und bauen eine Beziehung mit ihr.	feminine	El primer trabajo de mi coordinadora de marketing en agosto es averiguar quién es la presidenta de PTA de este año y construir una relación con ella.	feminine
953	1796	captain	Survivors, shivering as they staggered ashore on Giglio Island, were startled to see the captain, already safe on land, “without even getting his feet wet,” noted Prosecutor Alessandro Leopizzi in closing arguments.	male_embedding_list	C4	Überlebende, zitternd, als sie an Land auf Giglio Island staffelten, wurden erschreckt, um den Kapitän zu sehen, bereits sicher an Land, ohne auch nur seine Füße nass zu bekommen, sagte Ankläger Alessandro Leopizzi in Schlussargumente.	masculine	Los sobrevivientes, temblando mientras se tambaleaban en tierra en la isla Giglio, se sorprendieron al ver al capitán, ya a salvo en tierra, “sin siquiera mojarse los pies”, señaló el fiscal Alessandro Leopizzi en sus alegatos finales.	masculine	Überlebende, zitternd, als sie an Land auf Giglio Island staffelten, wurden erschreckt, um die Kapitänin zu sehen, bereits sicher an Land, ohne auch nur ihre Füße nass zu bekommen, sagte Ankläger Alessandro Leopizzi in Schlussargumente.	feminine	Los sobrevivientes, temblando mientras se tambaleaban en tierra en la isla Giglio, se sorprendieron al ver a la capitana, ya a salvo en tierra, “sin siquiera mojarse los pies”, señaló el fiscal Alessandro Leopizzi en sus alegatos finales.	feminine
954	4509	virgin	I' d better tell you I' m a virgin.	female_embedding_list	OpenSubtitles	Ich sage dir besser, ich bin Jungfrau.	neutral	Será mejor que te diga que soy virgen.	neutral	Ich sage dir besser, ich bin Jungfrau.	neutral	Será mejor que te diga que soy virgen.	neutral
955	165	ally	Many times, you can ruffle passes in behalf of VIP disclosure (which habitually means no hole up charge) seeking the duration of your suitable ally.	LLM_neutral_list	C4	Viele Male können Sie im Namen von VIP-Enthüllungen (was gewöhnlich bedeutet, dass kein Loch-up-Aufladung) auf der Suche nach der Dauer Ihres geeigneten Verbündeten pausieren.	masculine	Muchas veces, usted puede volantes pases en nombre de la divulgación VIP (que habitualmente significa que no hay cargo agujero hasta) buscando la duración de su aliado adecuado.	masculine	Viele Male können Sie im Namen von VIP-Enthüllungen (was gewöhnlich bedeutet, dass kein Loch-up-Aufladung) auf der Suche nach der Dauer Ihrer geeigneten Verbündeten pausieren.	feminine	Muchas veces, usted puede volantes pases en nombre de la divulgación VIP (que habitualmente significa que no hay cargo agujero hasta) buscando la duración de su aliada adecuada.	feminine
956	188	champion	If at any time you wish to be taken off our direct marketing mailing lists, please send an email or write to our data privacy champion at [email protected].	male_embedding_list	C4	Wenn Sie jederzeit von unseren Direktmarketing-Mailinglisten entfernt werden möchten, senden Sie bitte eine E-Mail oder schreiben Sie an unseren Datenschutz-Champion unter [email protected].	masculine	Si en algún momento desea ser eliminado de nuestras listas de correo de marketing directo, por favor envíe un correo electrónico o escriba a nuestro campeón de privacidad de datos en [email protected].	masculine	Wenn Sie jederzeit von unseren Direktmarketing-Mailinglisten entfernt werden möchten, senden Sie bitte eine E-Mail oder schreiben Sie an unsere Datenschutz-Champion unter [email protected].	feminine	Si en algún momento desea ser eliminado de nuestras listas de correo de marketing directo, por favor envíe un correo electrónico o escriba a nuestra campeona de privacidad de datos en [email protected].	feminine
957	3135	friend	Please unload your friend and get on with your life.	LLM_neutral_list	OpenSubtitles	Bitte entladen Sie Ihren Freund und machen Sie weiter mit Ihrem Leben.	masculine	Por favor, descarga a tu amigo y continúa con tu vida.	masculine	Bitte entladen Sie Ihre Freundin und machen Sie weiter mit Ihrem Leben.	feminine	Por favor, descarga a tu amiga y continúa con tu vida.	feminine
958	2158	therapist	But so far we had an evaluation of OT, PT, and developmental therapist, and they all agreed that my son's issues are primarily sensory.	female_embedding_list	C4	Aber bisher hatten wir eine Auswertung von OT, PT und Entwicklungstherapeuten, und sie waren sich alle einig, dass die Probleme meines Sohnes in erster Linie sensorisch sind.	masculine	Pero hasta ahora hemos tenido una evaluación de OT, PT, y terapeuta de desarrollo, y todos acordaron que los problemas de mi hijo son principalmente sensoriales.	neutral	Aber bisher hatten wir eine Auswertung von OT, PT und Entwicklungstherapeutin, und sie waren sich alle einig, dass die Probleme meines Sohnes in erster Linie sensorisch sind.	feminine	Pero hasta ahora hemos tenido una evaluación de OT, PT, y terapeuta de desarrollo, y todos acordaron que los problemas de mi hijo son principalmente sensoriales.	neutral
959	3739	doctor	When it was put in know what I asked the doctor?	LLM_male_list	OpenSubtitles	Wissen Sie, was ich den Arzt gefragt habe?	masculine	Cuando se puso en saber lo que le pregunté al médico?	masculine	Wissen Sie, was ich die Ärztin gefragt habe?	feminine	Cuando se puso en saber lo que le pregunté a la médica?	feminine
960	4535	scientist	It' s easy because that Japanese was a scientist.	LLM_male_list	OpenSubtitles	Es ist einfach, weil dieser Japaner Wissenschaftler war.	masculine	Es fácil porque ese japonés era un científico.	masculine	Es ist einfach, weil diese Japanerin Wissenschaftlerin war.	feminine	Es fácil porque esa japonesa era una científica.	feminine
961	4682	secretary	The secretary was new, and I explained it.	female_embedding_list	OpenSubtitles	Die Sekretärin war neu und ich erklärte es.	feminine	La secretaria era nueva, y yo lo expliqué.	feminine	Der Sekretär war neu und ich erklärte es.	masculine	El secretario era nuevo, y yo lo expliqué.	masculine
962	1181	governor	More than 30 people have been arrested in connection with Guzman's escape, including the prison governor and several guards.	male_embedding_list	C4	Mehr als 30 Personen wurden im Zusammenhang mit Guzmans Flucht verhaftet, darunter der Gefängnisgouverneur und mehrere Wachen.	masculine	Más de 30 personas han sido arrestadas en relación con la fuga de Guzmán, incluyendo al gobernador de la prisión y varios guardias.	masculine	Mehr als 30 Personen wurden im Zusammenhang mit Guzmans Flucht verhaftet, darunter die Gefängnisgouverneurin und mehrere Wachen.	feminine	Más de 30 personas han sido arrestadas en relación con la fuga de Guzmán, incluyendo a la gobernadora de la prisión y varios guardias.	feminine
963	1022	officer	A 2013 article written by a U.S. naval officer for Proceedings magazine discussed the importance of the Borei- and Yasen-class submarines.	male_embedding_list	C4	Ein Artikel von einem US Marine Officer for Proceedings Magazin aus dem Jahr 2013 diskutierte die Bedeutung der U-Boote der Borei- und Yasen-Klasse.	masculine	Un artículo de 2013 escrito por un oficial naval estadounidense para la revista Proceedings discutió la importancia de los submarinos de la clase Borei y Yasen.	masculine	Ein Artikel von einer US Marine Offizierin für Proceedings Magazin aus dem Jahr 2013 diskutierte die Bedeutung der U-Boote der Borei- und Yasen-Klasse.	feminine	Un artículo de 2013 escrito por una oficial naval estadounidense para la revista Proceedings discutió la importancia de los submarinos de la clase Borei y Yasen.	feminine
964	591	physician	He pointed to “fail first” policies, which require doctors to prescribe older, cheaper medicines for patients until those patients fail on those drugs before they can prescribe breakthrough treatments that, in the physician’s expert opinion, would be more effective.	male_embedding_list	C4	Er wies darauf hin, dass die ersten Richtlinien, die von Ärzten verlangen, ältere, billigere Medikamente für Patienten zu verschreiben, bis diese Patienten auf diese Medikamente scheitern, bevor sie Durchbruchbehandlungen verschreiben können, die, nach dem Gutachten des Arztes, effektiver sein würden.	masculine	Señaló que las políticas de “incumplimiento primero”, que requieren que los médicos prescriban medicamentos más viejos y más baratos para los pacientes hasta que esos pacientes falten a esos medicamentos antes de que puedan prescribir tratamientos innovadores que, en opinión de los expertos del médico, serían más eficaces.	masculine	Er wies darauf hin, dass die ersten Richtlinien, die von Ärzten verlangen, ältere, billigere Medikamente für Patienten zu verschreiben, bis diese Patienten auf diese Medikamente scheitern, bevor sie Durchbruchbehandlungen verschreiben können, die, nach dem Gutachten der Ärztin, effektiver sein würden.	feminine	Señaló que las políticas de “incumplimiento primero”, que requieren que los médicos prescriban medicamentos más viejos y más baratos para los pacientes hasta que esos pacientes falten a esos medicamentos antes de que puedan prescribir tratamientos innovadores que, en opinión de las expertas de la médica, serían más eficaces.	feminine
965	1603	developer	To be a productive developer, you need to navigate your way around a code base and find what you need quickly.	male_embedding_list	C4	Um ein produktiver Entwickler zu sein, müssen Sie Ihren Weg um eine Code-Basis navigieren und schnell finden, was Sie brauchen.	masculine	Para ser un desarrollador productivo, usted necesita navegar su camino alrededor de una base de código y encontrar lo que necesita rápidamente.	masculine	Um ein produktive Entwicklerin zu sein, müssen Sie Ihren Weg um eine Code-Basis navigieren und schnell finden, was Sie brauchen.	feminine	Para ser una desarrolladora productiva, usted necesita navegar su camino alrededor de una base de código y encontrar lo que necesita rápidamente.	feminine
966	4118	protege	Our design' s for plumes and pearls, and nothing is going to come between me and my protege.	male_embedding_list	OpenSubtitles	Unser Entwurf ist für Federn und Perlen, und nichts wird zwischen mir und meinem Protege kommen.	masculine	Nuestro diseño es para plumas y perlas, y nada se interpondrá entre mi protegido y yo.	masculine	Unser Entwurf ist für Federn und Perlen, und nichts wird zwischen mir und meiner Protegée kommen.	feminine	Nuestro diseño es para plumas y perlas, y nada se interpondrá entre mi protegida y yo.	feminine
967	3506	teacher	All he left us was one very neatly strangled teacher.	female_embedding_list	OpenSubtitles	Alles, was er uns hinterlassen hat, war ein sehr ordentlich erwürgter Lehrer.	masculine	Todo lo que nos dejó fue un maestro muy bien estrangulado.	masculine	Alles, was er uns hinterlassen hat, war eine sehr ordentlich erwürgte Lehrerin.	feminine	Todo lo que nos dejó fue una maestra muy bien estrangulada.	feminine
968	472	florist	The owner is an artist, visionary, florist and arborist who stumbled upon this run-down property while hiking and has passionately and wholeheartedly enlivened it beyond its original beauty.	LLM_female_list	C4	Der Besitzer ist ein Künstler, Visionär, Florist und Arborist, der auf diesem heruntergekommenen Grundstück beim Wandern stolperte und es leidenschaftlich und von ganzem Herzen über seine ursprüngliche Schönheit hinaus bewogen hat.	masculine	El propietario es un artista, visionario, florista y arborista que tropezó con esta propiedad en ruinas durante el senderismo y la ha animado apasionada y de todo corazón más allá de su belleza original.	masculine	Die Besitzerin ist eine Künstlerin, Visionärin, Floristin und Arboristin, die auf diesem heruntergekommenen Grundstück beim Wandern stolperte und es leidenschaftlich und von ganzem Herzen über seine ursprüngliche Schönheit hinaus bewogen hat.	feminine	La propietaria es una artista, visionaria, florista y arborista que tropezó con esta propiedad en ruinas durante el senderismo y la ha animado apasionada y de todo corazón más allá de su belleza original.	feminine
969	2241	teen	Buy two tickets to a play, concert, or sporting event and take your teen with you.	female_embedding_list	C4	Kaufen Sie zwei Tickets für ein Spiel, Konzert oder Sportveranstaltung und nehmen Sie Ihren Teenager mit.	masculine	Compra dos entradas para una obra de teatro, un concierto o un evento deportivo y lleva a tu adolescente contigo.	neutral	Kaufen Sie zwei Tickets für ein Spiel, Konzert oder Sportveranstaltung und nehmen Sie Ihre Teenagerin mit.	feminine	Compra dos entradas para una obra de teatro, un concierto o un evento deportivo y lleva a tu adolescente contigo.	neutral
970	1907	designer	The designer promotes elegance and simplicity for today’s women’s fashions.	female_embedding_list	C4	Die Designerin fördert Eleganz und Einfachheit für heutige Frauenmode.	feminine	El diseñador promueve la elegancia y la simplicidad para las modas femeninas de hoy en día.	masculine	Der Designer fördert Eleganz und Einfachheit für heutige Frauenmode.	masculine	La diseñadora promueve la elegancia y la simplicidad para las modas femeninas de hoy en día.	feminine
971	4902	mechanic	Do I look like an auto mechanic to you?	male_embedding_list	OpenSubtitles	Sehe ich für Sie wie ein Automechaniker aus?	masculine	¿Te parezco un mecánico de automóviles?	masculine	Sehe ich für Sie wie eine Automechanikerin aus?	feminine	¿Te parezco una mecánica de automóviles?	feminine
972	1613	developer	We met once a week with the whole team and scheduled three conference calls a week with the project manager and lead developer.	male_embedding_list	C4	Wir trafen uns einmal pro Woche mit dem gesamten Team und planten drei Telefonkonferenzen pro Woche mit dem Projektmanager und Lead-Entwickler.	masculine	Nos reunimos una vez a la semana con todo el equipo y programamos tres conferencias a la semana con el director del proyecto y desarrollador principal.	masculine	Wir trafen uns einmal pro Woche mit dem gesamten Team und planten drei Telefonkonferenzen pro Woche mit dem Projektmanager und Lead-Entwicklerin.	feminine	Nos reunimos una vez a la semana con todo el equipo y programamos tres conferencias a la semana con la directora del proyecto y desarrolladora principal.	feminine
973	1962	acquaintance	About one-in-four Americans (26%) who have been harassed online say an acquaintance was behind their most recent incident, according to a recent Pew Research Center report.	LLM_neutral_list	C4	Über ein-in-vier Amerikaner (26%), die online belästigt worden sind, sagen, ein Bekannter war hinter ihrem jüngsten Vorfall, nach einem kürzlichen Pew Research Center Bericht.	masculine	Alrededor de uno de cada cuatro estadounidenses (26%) que han sido acosados en línea dicen que un conocido estaba detrás de su incidente más reciente, según un reciente informe del Pew Research Center.	masculine	Über ein-in-vier Amerikaner (26%), die online belästigt worden sind, sagen, eine Bekannte war hinter ihrem jüngsten Vorfall, nach einem kürzlichen Pew Research Center Bericht.	feminine	Alrededor de uno de cada cuatro estadounidenses (26%) que han sido acosados en línea dicen que una conocida estaba detrás de su incidente más reciente, según un reciente informe del Pew Research Center.	feminine
974	732	wayfarer	I've been spending some time playing a little nub wayfarer, and it's been a really enjoyable class so far.	LLM_neutral_list	C4	Ich habe einige Zeit damit verbracht, ein wenig Nub Wayfarer zu spielen, und es war bisher eine wirklich angenehme Klasse.	neutral	He estado pasando algún tiempo jugando un poco de nub wayfarer, y ha sido una clase muy agradable hasta ahora.	neutral	Ich habe einige Zeit damit verbracht, ein wenig Nub Wayfarer zu spielen, und es war bisher eine wirklich angenehme Klasse.	neutral	He estado pasando algún tiempo jugando un poco de nub wayfarer, y ha sido una clase muy agradable hasta ahora.	neutral
975	4763	consumer	I' m just standing up for my rights as a consumer.	female_embedding_list	OpenSubtitles	Ich stehe nur für meine Rechte als Verbraucher ein.	masculine	Sólo estoy defendiendo mis derechos como consumidor.	masculine	Ich stehe nur für meine Rechte als Verbraucherin ein.	feminine	Sólo estoy defendiendo mis derechos como consumidora.	feminine
976	3635	opponent	Go for the red fiirst... because if you don' t, your opponent will.	male_embedding_list	OpenSubtitles	Geh zum roten Fiirst, denn wenn du es nicht tust, wird dein Gegner es tun.	masculine	Ve por la parte roja... porque si no lo haces, tu oponente lo hará.	neutral	Geh zum roten Fiirst, denn wenn du es nicht tust, wird deine Gegnerin es tun.	feminine	Ve por la parte roja... porque si no lo haces, tu oponente lo hará.	neutral
977	279	collaborator	You may meet your next business collaborator, client, employer, employee or tennis partner ... and for sure friend!	LLM_neutral_list	C4	Sie können Ihre nächste Business-Kollaborateur, Kunde, Arbeitgeber, Mitarbeiter oder Tennis-Partner ... und sicher Freund!	masculine	Usted puede conocer a su próximo colaborador de negocios, cliente, empleador, empleado o compañero de tenis ... y seguro amigo!	masculine	Sie können Ihre nächste Business-Kollaborateurin, Kunde, Arbeitgeber, Mitarbeiter oder Tennis-Partner ... und sicher Freund!	feminine	Usted puede conocer a su próxima colaboradora de negocios, cliente, empleador, empleado o compañero de tenis ... y seguro amigo!	feminine
978	2968	driver	Speaking of which, I told the limo driver to pick you two up at the hotel at noon.	male_embedding_list	OpenSubtitles	Apropos, ich habe dem Limousinenfahrer gesagt, er soll euch beide mittags im Hotel abholen.	masculine	Hablando de eso, le dije al conductor de la limusina que los recogiera en el hotel al mediodía.	masculine	Apropos, ich habe der Limousinenfahrerin gesagt, sie soll euch beide mittags im Hotel abholen.	feminine	Hablando de eso, le dije a la conductora de la limusina que los recogiera en el hotel al mediodía.	feminine
979	523	terrorist	Body of Lies is a film adaptation of the 2007 novel by American writer and journalist David Ignatius, and is about a CIA operative (Leonardo DiCaprio) sent to Jordan to track a high-ranking terrorist.	male_embedding_list	C4	Body of Lies ist ein Film des US-amerikanischen Schriftstellers und Journalisten David Ignatius aus dem Jahr 2007, der von einem CIA-Agenten (Leonardo DiCaprio) nach Jordanien geschickt wurde, um einen hochrangigen Terroristen zu verfolgen.	masculine	Body of Lies es una adaptación cinematográfica de la novela de 2007 del escritor y periodista estadounidense David Ignatius, y trata sobre un operativo de la CIA (Leonardo DiCaprio) enviado a Jordania para rastrear a un terrorista de alto rango.	masculine	Body of Lies ist ein Film des US-amerikanischen Schriftstellers und Journalisten David Ignatius aus dem Jahr 2007, der von einem CIA-Agenten (Leonardo DiCaprio) nach Jordanien geschickt wurde, um eine hochrangige Terroristin zu verfolgen.	feminine	Body of Lies es una adaptación cinematográfica de la novela de 2007 del escritor y periodista estadounidense David Ignatius, y trata sobre un operativo de la CIA (Leonardo DiCaprio) enviado a Jordania para rastrear a una terrorista de alto rango.	feminine
980	1391	friend	He says that this will allow them to get into the Undercity to meet his contact and hopefully find their friend.	LLM_neutral_list	C4	Er sagt, dass dies ihnen erlauben wird, in die Undercity zu gelangen, um seinen Kontakt zu treffen und hoffentlich ihren Freund zu finden.	masculine	Dice que esto les permitirá entrar en la Undercity para conocer a su contacto y con suerte encontrar a su amigo.	masculine	Er sagt, dass dies ihnen erlauben wird, in die Undercity zu gelangen, um seinen Kontakt zu treffen und hoffentlich ihre Freundin zu finden.	feminine	Dice que esto les permitirá entrar en la Undercity para conocer a su contacto y con suerte encontrar a su amiga.	feminine
981	1656	psychologist	Your psychologist will be able to inform you with which health insurance company they have a contract.	LLM_female_list	C4	Ihr Psychologe wird Sie informieren können, mit welcher Krankenkasse sie einen Vertrag haben.	masculine	Su psicólogo podrá informarle con qué compañía de seguro de salud tienen un contrato.	masculine	Ihre Psychologin wird Sie informieren können, mit welcher Krankenkasse sie einen Vertrag haben.	feminine	Su psicóloga podrá informarle con qué compañía de seguro de salud tienen un contrato.	feminine
982	825	coordinator	The bright, bubbly cruise director and activities coordinator just can’t say “no” when it comes to ensuring passenger satisfaction during Opium, an adults-only show at The Cosmopolitan of Las Vegas.	female_embedding_list	C4	Der helle, sprudelnde Kreuzfahrtdirektor und der Koordinator der Aktivitäten kann einfach nicht sagen, dass es um die Zufriedenheit der Passagiere während der Opium geht, einer Show nur für Erwachsene im The Cosmopolitan von Las Vegas.	masculine	El brillante, burbujeante director de cruceros y coordinador de actividades simplemente no puede decir “no” cuando se trata de garantizar la satisfacción de los pasajeros durante Opio, un espectáculo solo para adultos en The Cosmopolitan de Las Vegas.	masculine	Der helle, sprudelnde Kreuzfahrtdirektor und die Koordinatorin der Aktivitäten kann einfach nicht sagen, dass es um die Zufriedenheit der Passagiere während der Opium geht, einer Show nur für Erwachsene im The Cosmopolitan von Las Vegas.	feminine	El brillante, burbujeante director de cruceros y coordinadora de actividades simplemente no puede decir “no” cuando se trata de garantizar la satisfacción de los pasajeros durante Opio, un espectáculo solo para adultos en The Cosmopolitan de Las Vegas.	feminine
983	4083	traveler	You see, I' m a traveler by nature.	LLM_neutral_list	OpenSubtitles	Ich bin von Natur aus ein Reisender.	masculine	Verás, soy un viajero por naturaleza.	masculine	Ich bin von Natur aus eine Reisende.	feminine	Verás, soy una viajera por naturaleza.	feminine
984	2062	mechanic	This mechanic is no longer present in the game.	male_embedding_list	C4	Dieser Mechaniker ist nicht mehr im Spiel vorhanden.	masculine	Este mecánico ya no está presente en el juego.	masculine	Diese Mechanikerin ist nicht mehr im Spiel vorhanden.	feminine	Esta mecánica ya no está presente en el juego.	feminine
985	1677	client	This book celebrated a client’s 10th anniversary of protecting global marine parks.	LLM_neutral_list	C4	Dieses Buch feierte einen zehnjährigen Kundenjubiläum des Schutzes globaler Meeresparks.	masculine	Este libro celebraba el décimo aniversario de un cliente de la protección de los parques marinos mundiales.	masculine	Dieses Buch feierte einen zehnjährigen Kundinnenjubiläum des Schutzes globaler Meeresparks.	feminine	Este libro celebraba el décimo aniversario de una clienta de la protección de los parques marinos mundiales.	feminine
986	2219	writer	Trust me, I have lived it and this writer knows absolutely jack shjt in that specific arena.	female_embedding_list	C4	Vertrauen Sie mir, ich habe es gelebt und dieser Schriftsteller weiß absolut Jack shjt in dieser spezifischen Arena.	masculine	Confía en mí, lo he vivido y este escritor sabe absolutamente Jack shjt en esa arena específica.	masculine	Vertrauen Sie mir, ich habe es gelebt und diese Schriftstellerin weiß absolut Jack shjt in dieser spezifischen Arena.	feminine	Confía en mí, lo he vivido y esta escritora sabe absolutamente Jack shjt en esa arena específica.	feminine
987	1348	boss	In fact, "the best time to reassure your boss that you're serious about your career is before you go on maternity leave," says Susan Fletcher, Ph.D., author of Parenting in the Smart Zone.	male_embedding_list	C4	In der Tat, "die beste Zeit, um Ihren Chef zu beruhigen, dass Sie ernst mit Ihrer Karriere ist, bevor Sie in den Mutterschaftsurlaub gehen," sagt Susan Fletcher, Ph.D., Autor von Parenting in der Smart Zone.	masculine	De hecho, "el mejor momento para asegurar a tu jefe que eres serio sobre tu carrera es antes de que te vayas de licencia de maternidad", dice Susan Fletcher, Ph.D., autora de Parenting in the Smart Zone.	neutral	In der Tat, "die beste Zeit, um Ihre Chefin zu beruhigen, dass Sie ernst mit Ihrer Karriere ist, bevor Sie in den Mutterschaftsurlaub gehen," sagt Susan Fletcher, Ph.D., Autor von Parenting in der Smart Zone.	feminine	De hecho, "el mejor momento para asegurar a tu jefe que eres serio sobre tu carrera es antes de que te vayas de licencia de maternidad", dice Susan Fletcher, Ph.D., autora de Parenting in the Smart Zone.	neutral
988	750	director	As a band member and the director of the music video, how much of your life would you say is rooted in art and music, respectively?	LLM_male_list	C4	Wie viel von deinem Leben ist als Bandmitglied und Direktor des Musikvideos in Kunst und Musik verwurzelt?	masculine	Como miembro de la banda y director del video musical, ¿cuánto de tu vida dirías que está arraigada en el arte y la música, respectivamente?	masculine	Wie viel von deinem Leben ist als Bandmitglied und Direktorin des Musikvideos in Kunst und Musik verwurzelt?	feminine	Como miembro de la banda y directora del video musical, ¿cuánto de tu vida dirías que está arraigada en el arte y la música, respectivamente?	feminine
989	763	researcher	I cannot wait to be able to demonstrate what I have learned in 5 years of studies and test myself by proving to be an excellent researcher.	LLM_male_list	C4	Ich kann es kaum erwarten zu demonstrieren, was ich in 5 Jahren gelernt habe, und mich selbst zu testen, indem ich mich als exzellenter Forscher erweist.	masculine	No puedo esperar a ser capaz de demostrar lo que he aprendido en 5 años de estudios y probarme a mí mismo al demostrar ser un excelente investigador.	masculine	Ich kann es kaum erwarten zu demonstrieren, was ich in 5 Jahren gelernt habe, und mich selbst zu testen, indem ich mich als exzellente Forscherin erweist.	feminine	No puedo esperar a ser capaz de demostrar lo que he aprendido en 5 años de estudios y probarme a mí misma al demostrar ser una excelente investigadora.	feminine
990	722	fighter	An Elvis-like singer falls for a French resistance fighter during World War II.	male_embedding_list	C4	Ein Elvis-ähnlicher Sänger fällt während des Zweiten Weltkriegs in einen französischen Widerstandskämpfer.	masculine	Un cantante como Elvis se enamora de un luchador de la resistencia francesa durante la Segunda Guerra Mundial.	masculine	Ein Elvis-ähnlicher Sänger fällt während des Zweiten Weltkriegs in eine französische Widerstandskämpferin.	feminine	Un cantante como Elvis se enamora de una luchadora de la resistencia francesa durante la Segunda Guerra Mundial.	feminine
991	3030	hairdresser	My hairdresser said that everything this year' s going to be Turkish.	female_embedding_list	OpenSubtitles	Mein Friseur sagte, dass dieses Jahr alles Türkisch sein wird.	masculine	Mi peluquero dijo que todo este año va a ser turco.	masculine	Mein Friseurin sagte, dass dieses Jahr alles Türkisch sein wird.	feminine	Mi peluquera dijo que todo este año va a ser turco.	feminine
992	2152	therapist	You do not have to determine your specialty up-front, but getting an education as a massage therapist is a good way to begin and to set the groundwork for your new career in Meadville, PA.	female_embedding_list	C4	Sie müssen nicht Ihre Spezialität im Vorfeld bestimmen, aber eine Ausbildung als Massagetherapeut zu erhalten ist ein guter Weg, um zu beginnen und die Grundlagen für Ihre neue Karriere in Meadville, PA zu setzen.	masculine	No tienes que determinar tu especialidad por adelantado, pero recibir una educación como terapeuta de masaje es una buena manera de comenzar y sentar las bases para tu nueva carrera en Meadville, PA.	neutral	Sie müssen nicht Ihre Spezialität im Vorfeld bestimmen, aber eine Ausbildung als Massagetherapeutin zu erhalten ist ein guter Weg, um zu beginnen und die Grundlagen für Ihre neue Karriere in Meadville, PA zu setzen.	feminine	No tienes que determinar tu especialidad por adelantado, pero recibir una educación como terapeuta de masaje es una buena manera de comenzar y sentar las bases para tu nueva carrera en Meadville, PA.	neutral
993	1397	friend	Now, I guess I’ll say friend, though we were not the best of friends at the time.	LLM_neutral_list	C4	Nun, ich schätze, ich sage Freund, obwohl wir damals nicht die besten Freunde waren.	masculine	Ahora, supongo que voy a decir amigo, aunque no éramos los mejores amigos en ese momento.	masculine	Nun, ich schätze, ich sage Freundin, obwohl wir damals nicht die besten Freundinnen waren.	feminine	Ahora, supongo que voy a decir amiga, aunque no éramos las mejores amigos en ese momento.	feminine
994	4465	governor	Orders from the governor... you' re in charge now, Colonel.	male_embedding_list	OpenSubtitles	Befehle vom Gouverneur... Sie haben jetzt das Sagen, Colonel.	masculine	Órdenes del gobernador... ahora está a cargo, coronel.	masculine	Befehle von der Gouverneurin... Sie haben jetzt das Sagen, Colonel.	feminine	Órdenes de la gobernadora... ahora está a cargo, coronel.	feminine
995	1741	investigator	But the name, address, and date of birth listed on the submitted ID image didn’t match the personal information provided earlier by the investigator.	LLM_male_list	C4	Aber der Name, die Adresse und das Geburtsdatum, die auf dem eingereichten ID-Bild aufgeführt wurden, stimmten nicht mit den persönlichen Informationen überein, die der Ermittler früher zur Verfügung gestellt hatte.	masculine	Pero el nombre, la dirección y la fecha de nacimiento enumerados en la imagen de identificación presentada no coincidían con la información personal proporcionada anteriormente por el investigador.	masculine	Aber der Name, die Adresse und das Geburtsdatum, die auf dem eingereichten ID-Bild aufgeführt wurden, stimmten nicht mit den persönlichen Informationen überein, die die Ermittlerin früher zur Verfügung gestellt hatte.	feminine	Pero el nombre, la dirección y la fecha de nacimiento enumerados en la imagen de identificación presentada no coincidían con la información personal proporcionada anteriormente por la investigadora.	feminine
996	3301	economist	But you meant by becoming a lawyer or an economist and marrying someone from Harvard.	LLM_male_list	OpenSubtitles	Aber Sie meinten damit, Anwalt oder Ökonom zu werden und jemanden aus Harvard zu heiraten.	masculine	Pero te referías a convertirte en abogado o economista y casarte con alguien de Harvard.	masculine	Aber Sie meinten damit, Anwältin oder Ökonomin zu werden und jemanden aus Harvard zu heiraten.	feminine	Pero te referías a convertirte en abogada o economista y casarte con alguien de Harvard.	feminine
997	76	plumber	Your plumber will be glad to give you additional hints that apply specifically to your own home.	LLM_male_list	C4	Ihr Klempner wird Ihnen gerne zusätzliche Hinweise geben, die speziell für Ihr eigenes Zuhause gelten.	masculine	Su fontanero estará encantado de darle sugerencias adicionales que se aplican específicamente a su propia casa.	masculine	Ihre Klempnerin wird Ihnen gerne zusätzliche Hinweise geben, die speziell für Ihr eigenes Zuhause gelten.	feminine	Su fontanera estará encantada de darle sugerencias adicionales que se aplican específicamente a su propia casa.	feminine
998	3211	volunteer	Given your situation, I can say that I understand your reasons...... para to offer as volunteer to operate on board my ship.	LLM_neutral_list	OpenSubtitles	Angesichts Ihrer Situation kann ich sagen, dass ich Ihre Gründe verstehe... Para als Freiwilliger anzubieten, an Bord meines Schiffes zu operieren.	masculine	Dada su situación, puedo decir que entiendo sus razones para ofrecerse como voluntario para operar a bordo de mi nave.	masculine	Angesichts Ihrer Situation kann ich sagen, dass ich Ihre Gründe verstehe... Para als Freiwillige anzubieten, an Bord meines Schiffes zu operieren.	feminine	Dada su situación, puedo decir que entiendo sus razones para ofrecerse como voluntaria para operar a bordo de mi nave.	feminine
